timestamp,cmd_vel_linear_x,cmd_vel_linear_y,cmd_vel_angular_z,odom_pos_x,odom_pos_y,odom_yaw
2025-05-21T00:35:26.709218,0.1,0.0,0.0,0.0,0.0,0.0
2025-05-21T00:35:26.809210,0.1,0.0,0.0,0.009999871253967285,0.0,0.0
2025-05-21T00:35:26.909214,0.1,0.0,0.0,0.02000296115875244,0.0,0.0
2025-05-21T00:35:27.009250,0.1,0.0,0.0,0.030002784729003907,0.0,0.0
2025-05-21T00:35:27.109246,0.1,0.0,0.0,0.039997673034667974,0.0,0.0
2025-05-21T00:35:27.209207,0.1,0.0,0.0,0.04999635219573975,0.0,0.0
2025-05-21T00:35:27.309199,0.1,0.0,0.0,0.060005736351013195,0.0,0.0
2025-05-21T00:35:27.409266,0.1,0.0,0.17010473323620515,0.07000803947448732,0.0,0.008520639879527003
2025-05-21T00:35:27.509273,0.1,0.0,0.12908817719621252,0.07999975784785945,0.00012760238995224935,0.023468932342018967
2025-05-21T00:35:27.609254,0.1,0.0,0.25319897182750417,0.0899911761468306,0.00039438199493717775,0.04256953154502918
2025-05-21T00:35:27.709212,0.1,0.0,-0.013504052862603026,0.099983392917773,0.0008834140167047056,0.05456670898020288
2025-05-21T00:35:27.809214,0.1,0.0,0.046091272547186285,0.10997732447241217,0.001425905001855542,0.05618888943787015
2025-05-21T00:35:27.909371,0.1,0.0,0.046091272547186285,0.11996092040147657,0.0019990043616927924,0.06079803427501406
2025-05-21T00:35:28.009254,0.1,0.0,0.1556274202721584,0.12993336938803143,0.0026175825718145205,0.07088603036053341
2025-05-21T00:35:28.109221,0.1,0.0,0.0657562681118792,0.1399290122730407,0.0033665129905308534,0.08198281812262874
2025-05-21T00:35:28.209212,0.1,0.0,0.31556648498120715,0.14989309247173813,0.004201722383246964,0.10110185439161556
2025-05-21T00:35:28.309210,0.1,0.0,0.1978964407296785,0.15981636487767262,0.005287436598470722,0.12673742294032264
2025-05-21T00:35:28.409232,0.1,0.0,0.1276641427494649,0.16971496364896374,0.006598445200172962,0.1429930215687385
2025-05-21T00:35:28.509188,0.1,0.0,-0.04046549794864611,0.17960824413819507,0.00805508151463859,0.147363051128794
2025-05-21T00:35:28.609272,0.1,0.0,0.11694853158882934,0.1895098430211325,0.009514621531565477,0.15114442197510503
2025-05-21T00:35:28.709244,0.1,0.0,-0.04710484317096325,0.19939630970956723,0.011049993400878701,0.15463947458618454
2025-05-21T00:35:28.809236,0.1,0.0,-0.07067876859865381,0.20927827677435631,0.012578517080124047,0.14874883807866454
2025-05-21T00:35:28.909248,0.1,0.0,0.006472636562065911,0.21918939497745704,0.014045819424937322,0.14554100768866188
2025-05-21T00:35:29.009223,0.1,0.0,-0.02703674863266442,0.22905898863943117,0.015494106313419576,0.1445095745047671
2025-05-21T00:35:29.109362,0.1,0.0,-0.02703674863266442,0.23895408628560547,0.016927252194759476,0.14180634699828643
2025-05-21T00:35:29.209220,0.1,0.0,0.01721199127945766,0.24886716253051028,0.01833564344632469,0.1413164511101006
2025-05-21T00:35:29.309211,0.1,0.0,0.01721199127945766,0.25875371364180777,0.019746485842016145,0.14303536285879573
2025-05-21T00:35:29.409199,0.1,0.0,0.01721199127945766,0.2686529497190123,0.021176511704222165,0.14475690505259253
2025-05-21T00:35:29.509221,0.1,0.0,0.01721199127945766,0.2785535779654382,0.022624144701487377,0.1464791202463842
2025-05-21T00:35:29.609218,0.1,0.0,0.02791590479375409,0.28844886836893524,0.02408840664581939,0.14873725547612035
2025-05-21T00:35:29.709212,0.1,0.0,-0.016770368239802432,0.2983406394201644,0.02557768944574121,0.14929482566500818
2025-05-21T00:35:29.809233,0.1,0.0,-0.016770368239802432,0.3082213838423647,0.027059659569764836,0.14761925384283137
2025-05-21T00:35:29.909204,0.1,0.0,-0.016770368239802432,0.31810667305879653,0.028525378540522145,0.145943330164326
2025-05-21T00:35:30.009212,0.1,0.0,-0.016770368239802432,0.32802540379407213,0.02997905840020503,0.14426215263110054
2025-05-21T00:35:30.109210,0.1,0.0,0.12577492640393437,0.33790165920499116,0.03140957609263277,0.14972433828772314
2025-05-21T00:35:30.209299,0.1,0.0,0.04431528414879243,0.3477987856422683,0.03293447812234959,0.1582378870982022
2025-05-21T00:35:30.309201,0.1,0.0,0.15558520604501927,0.35766257485795383,0.03451965968575454,0.16823539842696714
2025-05-21T00:35:30.409198,0.1,0.0,0.10028865673476764,0.36751028474532355,0.036231619635846035,0.18102363738587135
2025-05-21T00:35:30.509299,0.1,0.0,0.07788949987959759,0.3773436576176971,0.03805689020248924,0.18993738410287486
2025-05-21T00:35:30.609262,0.1,0.0,-0.02533325169068026,0.38716159252186955,0.03996427120514381,0.19257694029082728
2025-05-21T00:35:30.709229,0.1,0.0,0.03424078378353956,0.39697620221109864,0.04187160523558903,0.19302506440086464
2025-05-21T00:35:30.809212,0.1,0.0,0.03424078378353956,0.4067807345392458,0.043796693419086534,0.1964463148946627
2025-05-21T00:35:30.909215,0.1,0.0,0.03424078378353956,0.4165952664985335,0.045758655874271636,0.19987337789944126
2025-05-21T00:35:31.009249,0.1,0.0,0.23970845660429907,0.42640794581105773,0.047755248936118926,0.21355716703415165
2025-05-21T00:35:31.109231,0.1,0.0,0.04651123911421515,0.4361503581803895,0.04992912797468856,0.22786280253742233
2025-05-21T00:35:31.209206,0.1,0.0,0.3430459917874173,0.445884975111769,0.052198415128835045,0.24726480602596015
2025-05-21T00:35:31.309268,0.1,0.0,-0.02818344175031602,0.4555963508058902,0.05473899265566967,0.2630663481933229
2025-05-21T00:35:31.409205,0.1,0.0,0.02855616721190926,0.4652634676067687,0.05733510996628349,0.2631078170395482
2025-05-21T00:35:31.509208,0.1,0.0,0.02855616721190926,0.47488646243417293,0.05993442944729622,0.2659542602292779
2025-05-21T00:35:31.609193,0.1,0.0,0.02855616721190926,0.4845220478337057,0.06256661620609179,0.26880663346643446
2025-05-21T00:35:31.709203,0.1,0.0,-0.08886651820237587,0.4941549341222737,0.06522761942621683,0.2658065319738516
2025-05-21T00:35:31.809223,0.1,0.0,-0.08886651820237587,0.5038245390619756,0.06783706095083765,0.2569060744248781
2025-05-21T00:35:31.909226,0.1,0.0,0.05379796513473548,0.5135079829018384,0.07035801283041086,0.25513920612098717
2025-05-21T00:35:32.009214,0.1,0.0,0.058795269890229596,0.5231749648886881,0.07289327074473585,0.2607661362553846
2025-05-21T00:35:32.109254,0.1,0.0,-0.014491695746320003,0.5328428089539877,0.07548830198027452,0.262983450779847
2025-05-21T00:35:32.209221,0.1,0.0,-0.007787490616728291,0.5425180721633902,0.07808929762301177,0.26186963266056246
2025-05-21T00:35:32.309376,0.1,0.0,-0.007787490616728291,0.5521381441318558,0.08066571331732597,0.26109406855196055
2025-05-21T00:35:32.409270,0.1,0.0,-0.007787490616728291,0.5618367606876922,0.08325508883284101,0.2603123346875851
2025-05-21T00:35:32.509266,0.1,0.0,-0.11013771116486591,0.5716199079082928,0.08585882588857167,0.2545014680404316
2025-05-21T00:35:32.609272,0.1,0.0,-0.0874486299339204,0.581195584710363,0.0883220525481317,0.244727569362813
2025-05-21T00:35:32.709484,0.1,0.0,0.039399760112717196,0.590893921483742,0.09072155859776296,0.24237161489226186
2025-05-21T00:35:32.809308,0.1,0.0,0.08893856996742598,0.6005692031784959,0.09312367954909152,0.24875832302265752
2025-05-21T00:35:32.909233,0.1,0.0,0.133801097688979,0.6105025313680243,0.09567105976474218,0.2602137885809319
2025-05-21T00:35:33.009271,0.1,0.0,-0.06105688070789603,0.6201520557790777,0.09827474463515556,0.2633688979502753
2025-05-21T00:35:33.109211,0.1,0.0,-0.08711226530018384,0.6295687486744196,0.10079876816498631,0.25611919805374894
2025-05-21T00:35:33.209470,0.1,0.0,0.04206618297133774,0.639250646624279,0.10331164584650043,0.25387250522086546
2025-05-21T00:35:33.309318,0.1,0.0,-0.06587126063085963,0.6491181110810212,0.10588326199177069,0.25258375413537504
2025-05-21T00:35:33.409303,0.1,0.0,0.06885924648546296,0.658955805998948,0.10840481116424996,0.25249803223889256
2025-05-21T00:35:33.512024,0.1,0.0,-0.06512283035233839,0.66840310911306,0.11085918070276876,0.25247912467090483
2025-05-21T00:35:33.609266,0.1,0.0,0.15172077916024285,0.6780507188290805,0.11333148103443043,0.2562288843608936
2025-05-21T00:35:33.709260,0.1,0.0,0.07816137563918596,0.6876743435344401,0.11589163426832502,0.26765319584684244
2025-05-21T00:35:33.809300,0.1,0.0,0.09893415810703982,0.6974913959637813,0.118604809267833,0.2766891232195192
2025-05-21T00:35:33.909354,0.1,0.0,0.04161698967047027,0.7069104921454832,0.12130425482875516,0.2835217231369689
2025-05-21T00:35:34.009231,0.1,0.0,-0.0869797883995882,0.71648700398248,0.12410536267717692,0.28125209475881663
2025-05-21T00:35:34.109184,0.1,0.0,0.10080682586846923,0.7260985578160066,0.12685961392560732,0.2819339798744802
2025-05-21T00:35:34.209216,0.1,0.0,-0.08524790413079356,0.7357067063901387,0.12966890063388772,0.2827237626503454
2025-05-21T00:35:34.309211,0.1,0.0,0.14599268534525656,0.7453307887793525,0.13244248771376244,0.2857953781707318
2025-05-21T00:35:34.409206,0.1,0.0,0.05215274148632403,0.7548923712781507,0.1352899211242471,0.2956770306534833
2025-05-21T00:35:34.509209,0.1,0.0,-0.08616409662489768,0.764462072365733,0.1382185596182281,0.293975101675048
2025-05-21T00:35:34.609200,0.1,0.0,-0.08570386406758967,0.7740391196619908,0.14109547658305585,0.2853818808510282
2025-05-21T00:35:34.709230,0.1,0.0,-0.028423324487415604,0.7836302411373193,0.14388713802796518,0.27967950480892867
2025-05-21T00:35:34.809221,0.1,0.0,-0.1291337528427936,0.7932484195387429,0.14664214922288307,0.271794095259029
2025-05-21T00:35:34.909169,0.1,0.0,-0.10638703927156033,0.802890229800707,0.1492957154278563,0.2600171820528776
2025-05-21T00:35:35.009214,0.1,0.0,-0.0658125948033808,0.8125699353393838,0.15184333204257291,0.2513828300954555
2025-05-21T00:35:35.109214,0.1,0.0,0.0019220841563002444,0.8222683994447533,0.15431702976679612,0.24818930398337624
2025-05-21T00:35:35.209190,0.1,0.0,0.21554808919421983,0.83193738591631,0.15676778007412787,0.2590400085882107
2025-05-21T00:35:35.309194,0.1,0.0,0.10767188125440466,0.8416040165215181,0.1593852817391595,0.2752906458180209
2025-05-21T00:35:35.409262,0.1,0.0,-0.06678457002297176,0.8512192355017232,0.16212918578036026,0.27731883632450943
2025-05-21T00:35:35.509288,0.1,0.0,-0.025612135576888875,0.8608375914079018,0.16484974179263726,0.27270071692275977
2025-05-21T00:35:35.609178,0.1,0.0,0.02796316792475925,0.8705075111146469,0.1675474070641556,0.2728274083930575
2025-05-21T00:35:35.709209,0.1,0.0,0.02796316792475925,0.8800923879415936,0.1702364927102634,0.2756111286714331
2025-05-21T00:35:35.809242,0.1,0.0,0.02796316792475925,0.8897238180251672,0.17296762344697647,0.2784105695914141
2025-05-21T00:35:35.909191,0.1,0.0,-0.015692087275896712,0.8993311806260709,0.17572099896936982,0.27902748932749377
2025-05-21T00:35:36.009232,0.1,0.0,-0.015692087275896712,0.9089420262276519,0.17847044461403982,0.2774588470304762
2025-05-21T00:35:36.109312,0.1,0.0,-0.015692087275896712,0.9185688010110571,0.18120811278378193,0.2758883079018868
2025-05-21T00:35:36.209286,0.1,0.0,-0.015692087275896712,0.9282024563580127,0.18393139020940363,0.274317346008075
2025-05-21T00:35:36.309193,0.1,0.0,-0.10370378532615927,0.9378133134762312,0.18663193681230067,0.2683527953694198
2025-05-21T00:35:36.409190,0.1,0.0,-0.15264193803201995,0.9474532017807715,0.18925592901216667,0.25555071938503326
2025-05-21T00:35:36.509173,0.1,0.0,-0.1011979551710746,0.9571442262342719,0.19174834326389856,0.2428442017754957
2025-05-21T00:35:36.609225,0.1,0.0,-0.11198240425186334,0.9668576986047905,0.1941286254124065,0.2321846448090814
2025-05-21T00:35:36.709193,0.1,0.0,0.1211177068226606,0.976597689547936,0.19640285744568137,0.23260290495471073
2025-05-21T00:35:36.809187,0.1,0.0,-0.1384634744142131,0.9863266826948014,0.19873871650734876,0.2317485675859423
2025-05-21T00:35:36.909208,0.1,0.0,-0.09188245013865344,0.9960778846290843,0.20100424420158255,0.22022504826529454
2025-05-21T00:35:37.009240,0.1,0.0,0.050178818008031124,1.0058289814233632,0.20316360364214975,0.2181518516539498
2025-05-21T00:35:37.109230,0.1,0.0,-0.05201067358683478,1.0156202433968349,0.20534705808054501,0.21804290097624168
2025-05-21T00:35:37.209225,0.1,0.0,-0.08755047745572511,1.025352858347178,0.2074902414188726,0.21108325915259663
2025-05-21T00:35:37.309209,0.1,0.0,0.048395872607344154,1.0351303463996009,0.209562953338106,0.20912304780176072
2025-05-21T00:35:37.409236,0.1,0.0,0.08345448419961932,1.044919315207451,0.21165281740018443,0.21571939539407833
2025-05-21T00:35:37.509407,0.1,0.0,-0.10353677577366732,1.0547648569980068,0.213831977835764,0.21461941412337815
2025-05-21T00:35:37.609213,0.1,0.0,-0.08098017319154599,1.0644543508940205,0.2159180369430797,0.20548561966158022
2025-05-21T00:35:37.709266,0.1,0.0,-0.018831070189433172,1.0742659457513182,0.2179422875516239,0.20047584252093786
2025-05-21T00:35:37.809308,0.1,0.0,-0.1474637160813238,1.0840619172526436,0.21992808339703215,0.19212827381842734
2025-05-21T00:35:37.909274,0.1,0.0,-0.08283155333608783,1.0938967887027862,0.22180359309959669,0.1805729035677195
2025-05-21T00:35:38.009231,0.1,0.0,0.004663417383877574,1.1037124226116057,0.22357460838916807,0.17668676323702304
2025-05-21T00:35:38.109564,0.1,0.0,-0.06351067923809747,1.1135387796674348,0.22533027101659192,0.17374795096752305
2025-05-21T00:35:38.209473,0.1,0.0,-0.06351067923809747,1.1234566692026249,0.22705470021618687,0.16735452143229068
2025-05-21T00:35:38.309317,0.1,0.0,0.061038475582870955,1.133272971763586,0.22869706854402763,0.16711326521153144
2025-05-21T00:35:38.409336,0.1,0.0,0.06592286292435266,1.1431379999474085,0.23037666226520856,0.17346643255854843
2025-05-21T00:35:38.509276,0.1,0.0,0.07869269363152304,1.153008701255846,0.23212309313877574,0.18071589008733602
2025-05-21T00:35:38.609368,0.1,0.0,-0.05971485096430216,1.1628356853753146,0.23393854490197058,0.18161981153697268
2025-05-21T00:35:38.709225,0.1,0.0,-0.0865970366948061,1.1726693694811416,0.23572927336635963,0.17431841092243783
2025-05-21T00:35:38.809406,0.1,0.0,-0.0600209795779901,1.182509605005739,0.23744026681196456,0.16699780738138692
2025-05-21T00:35:38.909184,0.1,0.0,0.025780536203519312,1.1923671166274663,0.23908672651388344,0.1652946544899323
2025-05-21T00:35:39.009186,0.1,0.0,0.04935964718529368,1.2022428143315087,0.24074070934908168,0.16905558351594063
2025-05-21T00:35:39.109190,0.1,0.0,-0.13719293508664732,1.2120879122879433,0.24243360960245888,0.16466355145243214
2025-05-21T00:35:39.209205,0.1,0.0,-0.12559297701015043,1.2219599106548424,0.2440392403305799,0.15152284952877795
2025-05-21T00:35:39.309243,0.1,0.0,0.1253184627432796,1.2318486692968729,0.24551743311026228,0.151520162777961
2025-05-21T00:35:39.409252,0.1,0.0,0.01100815947371744,1.241730674506172,0.2470580225006033,0.15832811445310924
2025-05-21T00:35:39.509489,0.1,0.0,-0.10448676956668645,1.2515996914849448,0.2486365375930699,0.15371941841359726
2025-05-21T00:35:39.609197,0.1,0.0,-0.04065677792865344,1.2614908386868355,0.2501426285744727,0.14645868907929538
2025-05-21T00:35:39.709233,0.1,0.0,0.09669686274218885,1.271381680564649,0.25159140881096226,0.14927643232047938
2025-05-21T00:35:39.809195,0.1,0.0,-0.033908041663871936,1.281280589570548,0.25310467128698894,0.15243574058295772
2025-05-21T00:35:39.909273,0.1,0.0,0.04874412586885382,1.2911526308161223,0.2546127359637337,0.15313383601624464
2025-05-21T00:35:40.009258,0.1,0.0,0.0038973288992724497,1.3010554908105394,0.25615354947111346,0.15576832589846523
2025-05-21T00:35:40.109185,0.1,0.0,-0.06821104603929219,1.3109320895651333,0.25770556145626844,0.15253423097545446
2025-05-21T00:35:40.209268,0.1,0.0,-0.06821104603929219,1.3208244523218233,0.2592090248433404,0.145709050918688
2025-05-21T00:35:40.309394,0.1,0.0,-0.0673083010673387,1.3307429889628413,0.26064724949675494,0.1389183031653545
2025-05-21T00:35:40.409214,0.1,0.0,-0.10866272619307533,1.3406255820135233,0.2620121125828772,0.13012809843699946
2025-05-21T00:35:40.509203,0.1,0.0,-0.05531661497585344,1.3505506045687832,0.2632835464943786,0.12193959948003696
2025-05-21T00:35:40.609274,0.1,0.0,-0.0393366052288282,1.3605018188111766,0.2644890446684321,0.11719884161015594
2025-05-21T00:35:40.709258,0.1,0.0,0.06863176536026726,1.3703743594711255,0.2656416393419276,0.11862459597619913
2025-05-21T00:35:40.809247,0.1,0.0,-0.05828321075845899,1.3803052083107183,0.2668425295399592,0.11916226652711971
2025-05-21T00:35:40.909227,0.1,0.0,0.023293150516905805,1.3902602449825974,0.26801969482190446,0.11742310037533787
2025-05-21T00:35:41.009276,0.1,0.0,-0.0006173437855682903,1.4002641262948567,0.2692057601985382,0.11854993425403038
2025-05-21T00:35:41.109290,0.1,0.0,-0.0006173437855682903,1.41023980460572,0.2703937908891532,0.11848791483462408
2025-05-21T00:35:41.209193,0.1,0.0,-0.0006173437855682903,1.4200263714298267,0.27155868713847237,0.11842707158036704
2025-05-21T00:35:41.309223,0.1,0.0,-0.0006173437855682903,1.4299502291186852,0.27273931060950024,0.11836537523473156
2025-05-21T00:35:41.409287,0.1,0.0,-0.0006173437855682903,1.4399160645971683,0.2739243038899801,0.11830341836947243
2025-05-21T00:35:41.509246,0.1,0.0,0.0882528227290538,1.4498186657280112,0.2751011570499445,0.12263380803721757
2025-05-21T00:35:41.609224,0.1,0.0,0.0024910556138019527,1.4597446628445125,0.27634680628617814,0.1271746726950922
2025-05-21T00:35:41.709267,0.1,0.0,-0.006740527384693078,1.4696865192869901,0.2776186500097924,0.12696051346113624
2025-05-21T00:35:41.815145,0.1,0.0,-0.006740527384693078,1.4801955003447071,0.27895819072436817,0.12624642129214925
2025-05-21T00:35:41.909301,0.1,0.0,-0.006740527384693078,1.489502059776858,0.28013789858624194,0.12561409026189316
2025-05-21T00:35:42.009305,0.1,0.0,-0.006740527384693078,1.4994195909136188,0.2813885770539047,0.1249403017252324
2025-05-21T00:35:42.109204,0.1,0.0,-0.006740527384693078,1.5093573849037174,0.28263500559174515,0.1242651937865964
2025-05-21T00:35:42.209294,0.1,0.0,0.10501841258278176,1.5192990701136997,0.2838751049443656,0.12917776691479912
2025-05-21T00:35:42.309229,0.1,0.0,0.0108046549669882,1.5291862788399666,0.2851858006427957,0.13495168021899676
2025-05-21T00:35:42.409238,0.1,0.0,0.020235464430822418,1.5390852507649728,0.28653257327890774,0.13650026023153705
2025-05-21T00:35:42.509395,0.1,0.0,0.020235464430822418,1.5490210779624294,0.2879024396223873,0.13852984020767198
2025-05-21T00:35:42.609347,0.1,0.0,0.097625563204894,1.5592829233019172,0.28933864489412087,0.14442933736436195
2025-05-21T00:35:42.709216,0.1,0.0,-0.08531145100037471,1.5687875337295396,0.2907437513743849,0.1446987149980505
2025-05-21T00:35:42.809204,0.1,0.0,0.04249421175698806,1.5787031872102435,0.29216700433358866,0.14254470333336755
2025-05-21T00:35:42.909315,0.1,0.0,0.08923841168302475,1.588583884589401,0.293595759813029,0.1491268370006833
2025-05-21T00:35:43.009249,0.1,0.0,0.04458661735176765,1.5984684156856017,0.2951033884521863,0.15582316085638048
2025-05-21T00:35:43.109202,0.1,0.0,0.06468061284619091,1.608346400074405,0.2966664709862403,0.16127490582568305
2025-05-21T00:35:43.209360,0.1,0.0,-0.09289120927931256,1.6182098153775728,0.29828749740341637,0.15988345943758064
2025-05-21T00:35:43.309198,0.1,0.0,-0.050900102651905935,1.6280854371510782,0.29985651862115914,0.15269313225066886
2025-05-21T00:35:43.409252,0.1,0.0,0.07743803141375755,1.6379724119489905,0.3013651565598496,0.15401207811737105
2025-05-21T00:35:43.509191,0.1,0.0,-0.0027469463502341816,1.6478535741976672,0.30291872393266767,0.15774822130750632
2025-05-21T00:35:43.609207,0.1,0.0,-0.03572492749810345,1.6577215021547587,0.3044877197449905,0.1558288698933077
2025-05-21T00:35:43.709262,0.1,0.0,-0.03572492749810345,1.6676135537153685,0.3060327238638017,0.15225209625480618
2025-05-21T00:35:43.809251,0.1,0.0,0.1672992035796236,1.6774970424238518,0.3075402103510874,0.15877567993647812
2025-05-21T00:35:43.909275,0.1,0.0,0.1319802033987743,1.6873635222010703,0.30916241228572017,0.17375121892974477
2025-05-21T00:35:44.009241,0.1,0.0,-0.06041444678236324,1.6972029815245677,0.3109229147855867,0.17737806091354535
2025-05-21T00:35:44.109209,0.1,0.0,0.11062672856816796,1.7070682710046652,0.3126759816228272,0.17991468053290707
2025-05-21T00:35:44.209337,0.1,0.0,0.03132216326887168,1.716890181074725,0.3144904476867443,0.1869934130749873
2025-05-21T00:35:44.309222,0.1,0.0,-0.04773428115161921,1.7267360255063118,0.3163613238190037,0.18616338537461363
2025-05-21T00:35:44.409195,0.1,0.0,0.012918653345561047,1.7365250391053246,0.31819298428961995,0.18443248254929623
2025-05-21T00:35:44.509183,0.1,0.0,-0.016627419039872898,1.7463567629188803,0.32003040369343005,0.1842503119796315
2025-05-21T00:35:44.609259,0.1,0.0,-0.016627419039872898,1.7562440674402937,0.3218687648168801,0.1825781326972935
2025-05-21T00:35:44.709237,0.1,0.0,-0.016627419039872898,1.766034351078714,0.32367219806037784,0.18092287298598864
2025-05-21T00:35:44.809190,0.1,0.0,-0.016627419039872898,1.7758639637320972,0.32546604245780036,0.17926146863197
2025-05-21T00:35:44.909235,0.1,0.0,0.005954429297284745,1.7857111607733456,0.32724618969388847,0.178728101842248
2025-05-21T00:35:45.009289,0.1,0.0,0.005954429297284745,1.7955623376228735,0.32902737810948335,0.1793241944022479
2025-05-21T00:35:45.109332,0.1,0.0,0.005954429297284745,1.8053841368328547,0.33080929716938184,0.17991857344883486
2025-05-21T00:35:45.209215,0.1,0.0,0.005954429297284745,1.8152294098740387,0.33260152383823177,0.1805144374457366
2025-05-21T00:35:45.309195,0.1,0.0,0.005954429297284745,1.825057547810866,0.3343966797324051,0.18110932898473656
2025-05-21T00:35:45.409373,0.1,0.0,-0.034676819028555954,1.8349012894894214,0.3362007402490985,0.17968116734084383
2025-05-21T00:35:45.509199,0.1,0.0,-0.034676819028555954,1.8447428382670266,0.33797954789015194,0.176213133238317
2025-05-21T00:35:45.609187,0.1,0.0,-0.051539404236906984,1.8546425516842409,0.33973338994746083,0.1718738920573606
2025-05-21T00:35:45.709231,0.1,0.0,0.022156735828559485,1.8644401414136074,0.3414211937527361,0.17041540104709352
2025-05-21T00:35:45.809201,0.1,0.0,0.022156735828559485,1.874346062983872,0.3431315289779314,0.17264270475251564
2025-05-21T00:35:45.909528,0.1,0.0,0.022156735828559485,1.8841474794684558,0.344846253629776,0.17484736204830753
2025-05-21T00:35:46.009191,0.1,0.0,0.022156735828559485,1.8939968278753614,0.3465917810877775,0.1770636621448518
2025-05-21T00:35:46.109254,0.1,0.0,-0.044215728976845566,1.903846976370844,0.3483599784514888,0.17595674936044237
2025-05-21T00:35:46.209249,0.1,0.0,-0.044215728976845566,1.9137379518523845,0.35010722226444346,0.17151566771278537
2025-05-21T00:35:46.309226,0.1,0.0,0.1692367985467786,1.9235339843731836,0.3517929827590604,0.1777491563379301
2025-05-21T00:35:46.409189,0.1,0.0,0.07128423241889072,1.9333705165331903,0.35360306862094076,0.1897884515327517
2025-05-21T00:35:46.509187,0.1,0.0,0.2442142670074695,1.9431962829490077,0.3555087821191515,0.20557567908728913
2025-05-21T00:35:46.609289,0.1,0.0,-0.03381794328173516,1.9529732324111309,0.35760985518457433,0.21606811991240926
2025-05-21T00:35:46.709630,0.1,0.0,0.01317784460579098,1.9627581632098332,0.3597489105955144,0.21504260830686395
2025-05-21T00:35:46.809238,0.1,0.0,0.012460804568800858,1.9725137314827366,0.36188308327002383,0.21632273794104462
2025-05-21T00:35:46.909214,0.1,0.0,0.012460804568800858,1.9822796832686678,0.3640324521356739,0.21756877858803447
2025-05-21T00:35:47.009222,0.1,0.0,-0.06165304756623801,1.992029332472254,0.3661909689755551,0.2151127992497255
2025-05-21T00:35:47.109205,0.1,0.0,-0.06165304756623801,2.001807567237519,0.36831165428622925,0.20894406075250727
2025-05-21T00:35:47.209202,0.1,0.0,0.03993176075890831,2.011603902342957,0.3703730670089025,0.2078585215908615
2025-05-21T00:35:47.309188,0.1,0.0,-0.00942667110760709,2.0213796949392226,0.3724450157629775,0.20938273127417917
2025-05-21T00:35:47.409315,0.1,0.0,0.13445310647054523,2.0312161592850257,0.3745328010245482,0.21571528533186998
2025-05-21T00:35:47.509258,0.1,0.0,-0.053103217691758825,2.040920619368319,0.3766933009219474,0.21972354587130297
2025-05-21T00:35:47.609305,0.1,0.0,0.05011116499606161,2.05068578789215,0.37886053742270076,0.2195717238195325
2025-05-21T00:35:47.709187,0.1,0.0,0.027120753388897575,2.0604365473005526,0.3810494312756153,0.22343183387334517
2025-05-21T00:35:47.809225,0.1,0.0,0.17687581342419645,2.0702241807284425,0.38328043953638485,0.23367924381295244
2025-05-21T00:35:47.909446,0.1,0.0,0.16977376188754006,2.0799064501678135,0.38563020930924025,0.25094767690430864
2025-05-21T00:35:48.009223,0.1,0.0,0.008258982596055819,2.0895835392989195,0.3881547715222649,0.25984454222484926
2025-05-21T00:35:48.109183,0.1,0.0,0.06532731259261011,2.099252551374539,0.39072746637479777,0.26352988095061214
2025-05-21T00:35:48.209290,0.1,0.0,-0.09097568700890019,2.108916504158289,0.3933518101377239,0.2622304674035129
2025-05-21T00:35:48.309385,0.1,0.0,0.12790981158771245,2.1185632375166055,0.39591763766651866,0.2640264932854537
2025-05-21T00:35:48.409227,0.1,0.0,0.06193331310220727,2.128218225875863,0.3985609379424171,0.27352863537956257
2025-05-21T00:35:48.509214,0.1,0.0,0.05456430931695867,2.1378415829588993,0.40127695333792013,0.27935359750382993
2025-05-21T00:35:48.609215,0.1,0.0,-0.025803176470005823,2.1474547361487213,0.40404873536143526,0.28079380774646184
2025-05-21T00:35:48.709219,0.1,0.0,0.17311614377639217,2.1570505682847254,0.40680961363507956,0.28815963610156375
2025-05-21T00:35:48.809254,0.1,0.0,-0.04436508828477469,2.1666301886093406,0.4096942867110637,0.2945889603729284
2025-05-21T00:35:48.909273,0.1,0.0,0.07056929043180264,2.1762076719678465,0.41258865788052485,0.29590446632941747
2025-05-21T00:35:49.009272,0.1,0.0,0.1240382288568494,2.185827653885152,0.41554002648714944,0.3057176082974631
2025-05-21T00:35:49.109234,0.1,0.0,0.06345910641835216,2.1952902937271026,0.418558629124588,0.31501273122587703
2025-05-21T00:35:49.209253,0.1,0.0,-0.08786306567944531,2.2048136051203078,0.421678686041078,0.31376163681853964
2025-05-21T00:35:49.309197,0.1,0.0,-0.0206623243823556,2.2143010784949313,0.42473424013683214,0.3083614291356023
2025-05-21T00:35:49.409233,0.1,0.0,-0.011907233551572692,2.223831683289221,0.4277645229665455,0.30673153646300033
2025-05-21T00:35:49.509187,0.1,0.0,-0.011907233551572692,2.233389152126442,0.43078849759505145,0.3055379015261525
2025-05-21T00:35:49.609188,0.1,0.0,-0.015274205234475298,2.242948927354119,0.43380065405566814,0.3041745395087628
2025-05-21T00:35:49.709378,0.1,0.0,-0.015274205234475298,2.252454168778954,0.43678053188029275,0.30265301628030317
2025-05-21T00:35:49.809264,0.1,0.0,-0.04084001217037828,2.262046155450048,0.4397715483637047,0.2998296881510396
2025-05-21T00:35:49.909203,0.1,0.0,-0.04084001217037828,2.2715582099862797,0.4427016102745509,0.29576483380555224
2025-05-21T00:35:50.009220,0.1,0.0,0.04986348963834541,2.281134697997844,0.4456088934809599,0.2962299634689032
2025-05-21T00:35:50.109173,0.1,0.0,-0.12604680007793986,2.2906857892155505,0.44853699157521604,0.2924153715545965
2025-05-21T00:35:50.209196,0.1,0.0,-0.1437738967493765,2.3002812516454276,0.4513926755368695,0.27890632371601765
2025-05-21T00:35:50.309202,0.1,0.0,0.1239353835754543,2.3099405741039374,0.4541211540088623,0.27795323375639525
2025-05-21T00:35:50.409193,0.1,0.0,-0.06454683018191117,2.319492343999449,0.4568784983951769,0.2808651496098107
2025-05-21T00:35:50.509225,0.1,0.0,-0.14016647769309523,2.3291206946816816,0.45963934348406166,0.27061125924241347
2025-05-21T00:35:50.609260,0.1,0.0,0.08487791000040787,2.338757793878326,0.462276529418351,0.2678643439199151
2025-05-21T00:35:50.709197,0.1,0.0,0.022962084192086302,2.348396679646658,0.4649440297819612,0.2732634819669837
2025-05-21T00:35:50.809189,0.1,0.0,0.12269367233301198,2.358022671058986,0.4676479123209319,0.2805488060194819
2025-05-21T00:35:50.909213,0.1,0.0,0.1118500935240472,2.3676299984164153,0.4704482172718484,0.29228390652524183
2025-05-21T00:35:51.009269,0.1,0.0,-0.1839130281202146,2.377210708674946,0.47336035005716737,0.2886835966354706
2025-05-21T00:35:51.109228,0.1,0.0,0.061846164442597086,2.3868056565298583,0.47616193428136916,0.28261715577406127
2025-05-21T00:35:51.209186,0.1,0.0,-0.1303781998549822,2.3963908763663904,0.4789614406404561,0.2791756147351605
2025-05-21T00:35:51.309221,0.1,0.0,-0.04511468033975729,2.406032001309125,0.481691140844047,0.27039206232266727
2025-05-21T00:35:51.409314,0.1,0.0,-0.05252316082506772,2.415708990477886,0.4843616173221054,0.26548848715009216
2025-05-21T00:35:51.509230,0.1,0.0,0.1520214359229184,2.425345915226338,0.48696840446466777,0.2705449839087511
2025-05-21T00:35:51.609232,0.1,0.0,-0.014499243310943963,2.4349533400718424,0.4896722629526737,0.277408237708332
2025-05-21T00:35:51.709204,0.1,0.0,-0.014351496786314462,2.444549025981702,0.492400886876167,0.27596915165083713
2025-05-21T00:35:51.809352,0.1,0.0,-0.014351496786314462,2.4541950351107085,0.4951288434059637,0.2745305098224664
2025-05-21T00:35:51.909193,0.1,0.0,-0.10014380073859677,2.463800681217858,0.49783048370978716,0.2688119868115328
2025-05-21T00:35:52.009213,0.1,0.0,-0.14235606615403232,2.4734435053595996,0.5004609410232126,0.2566917236213677
2025-05-21T00:35:52.109236,0.1,0.0,-0.10000873896843021,2.4831282485687267,0.502966194249566,0.24455959616957304
2025-05-21T00:35:52.209245,0.1,0.0,-0.10005836461503255,2.492872132392153,0.5053718700581958,0.2345197291401129
2025-05-21T00:35:52.309225,0.1,0.0,0.018042157504384936,2.5025632979845898,0.5076617411860536,0.23045204358971016
2025-05-21T00:35:52.409209,0.1,0.0,-0.08605312310295458,2.5122946166969022,0.5099495354043944,0.22705359721836338
2025-05-21T00:35:52.509237,0.1,0.0,-0.08605312310295458,2.5220495801688867,0.5121811875520254,0.21844226121571175
2025-05-21T00:35:52.609228,0.1,0.0,-0.15282251155291646,2.531851029885069,0.5143347637198313,0.20644367453131585
2025-05-21T00:35:52.709213,0.1,0.0,-0.14720447499762762,2.541607709941036,0.5163393582781028,0.19149812643882133
2025-05-21T00:35:52.809177,0.1,0.0,-0.03437318694260398,2.5514375161412466,0.5182075706949196,0.18240702176589885
2025-05-21T00:35:52.909237,0.1,0.0,-0.15523614729489443,2.561262087238572,0.5200110666214425,0.17296446389951514
2025-05-21T00:35:53.009226,0.1,0.0,-0.21161006929633555,2.571134048599082,0.5216962854337116,0.15459540299342314
2025-05-21T00:35:53.109216,0.1,0.0,-0.23165978441052718,2.5810214667635094,0.5231836031641529,0.1324380774436742
2025-05-21T00:35:53.209264,0.1,0.0,-0.08108073912062419,2.5909369372057447,0.5244461516152032,0.11673353392206076
2025-05-21T00:35:53.309237,0.1,0.0,-0.1803537692479809,2.60088701691108,0.5255924905147815,0.10362486052717479
2025-05-21T00:35:53.409249,0.1,0.0,-0.19405567092013462,2.6108163232869686,0.5265799772061475,0.08494336735738672
2025-05-21T00:35:53.509376,0.1,0.0,-0.2952555624096299,2.620788109859513,0.5273803301883921,0.06047579671386539
2025-05-21T00:35:53.609575,0.1,0.0,-0.36043306395376246,2.630780521643831,0.5279113215755767,0.02768272472755884
2025-05-21T00:35:53.709232,0.1,0.0,-0.33684148545407977,2.6407762420901624,0.528098001609647,-0.007172573292430595
2025-05-21T00:35:53.809328,0.1,0.0,-0.321444661906019,2.6508354643473093,0.5279406159695755,-0.04028335225889368
2025-05-21T00:35:53.909239,0.1,0.0,-0.4128788719013745,2.660757435304159,0.5274613483181683,-0.0767766532503318
2025-05-21T00:35:54.009239,0.1,0.0,-0.17770955300241112,2.6707248252694233,0.5265909396814434,-0.10631932867729166
2025-05-21T00:35:54.109237,0.1,0.0,-0.26185908834177146,2.680673552353852,0.5254844242016998,-0.1283272873239003
2025-05-21T00:35:54.209218,0.1,0.0,-0.3889429155416179,2.690563938725258,0.524142446513061,-0.16081325338506813
2025-05-21T00:35:54.309260,0.1,0.0,-0.38962808885176775,2.700422363085047,0.5224446928464832,-0.1997573743456602
2025-05-21T00:35:54.409349,0.1,0.0,-0.2766793558753505,2.710193727022642,0.5203672242930684,-0.23303978359506283
2025-05-21T00:35:54.509176,0.1,0.0,-0.31867169319293837,2.7199302945383352,0.5179847982627364,-0.26288221665064443
2025-05-21T00:35:54.609646,0.1,0.0,-0.3727167696762273,2.7295678970170143,0.5153086812058058,-0.29746543038212847
2025-05-21T00:35:54.709229,0.1,0.0,-0.29676717056985263,2.7390843043081725,0.5122941986328265,-0.3308818220181622
2025-05-21T00:35:54.809228,0.1,0.0,-0.2896222751373267,2.7485192534111373,0.508974717365142,-0.36020754739766847
2025-05-21T00:35:54.909192,0.1,0.0,-0.3288628176982067,2.7578408865505786,0.5053866279819291,-0.39108927356350337
2025-05-21T00:35:55.009287,0.1,0.0,-0.16380369073760392,2.7670950075021263,0.5014811623957534,-0.4158173654855819
2025-05-21T00:35:55.109235,0.1,0.0,-0.33488626086863316,2.7762354273717196,0.49740021791974187,-0.44083345352010994
2025-05-21T00:35:55.209190,0.1,0.0,-0.22821043496527357,2.7852299214757474,0.493064330548885,-0.4689128159312044
2025-05-21T00:35:55.309220,0.1,0.0,-0.31501623436134496,2.7940884341634726,0.48851318120513276,-0.49596712152471945
2025-05-21T00:35:55.409309,0.1,0.0,-0.19839643071149157,2.8028581728441284,0.4836782729844124,-0.521674563990056
2025-05-21T00:35:55.509238,0.1,0.0,-0.10891390329751392,2.811490498174178,0.4786594917725776,-0.5370823054994238
2025-05-21T00:35:55.609290,0.1,0.0,-0.17666474350908176,2.820079715301385,0.47351309385663154,-0.5513766720104932
2025-05-21T00:35:55.709216,0.1,0.0,-0.21539795097296863,2.828564427867467,0.46824326078834905,-0.5709522289764961
2025-05-21T00:35:55.809282,0.1,0.0,-0.05973852906861587,2.836975355628788,0.4627764095096446,-0.584737797597105
2025-05-21T00:35:55.909308,0.1,0.0,-0.2065908723743903,2.845280356264728,0.4572610209585799,-0.5980178540088948
2025-05-21T00:35:56.009184,0.1,0.0,-0.14893250300896163,2.8535178516174935,0.45158685853921404,-0.6158047095152658
2025-05-21T00:35:56.109181,0.1,0.0,-0.19120572184980308,2.861661907410489,0.4457785303825229,-0.6328118675386368
2025-05-21T00:35:56.209461,0.1,0.0,-0.22379924244446456,2.8697053116228255,0.43981985454501143,-0.6535785366546301
2025-05-21T00:35:56.309514,0.1,0.0,-0.13956256176295032,2.8776091917427027,0.4336960836644825,-0.6717415052314885
2025-05-21T00:35:56.409237,0.1,0.0,-0.21942555466876176,2.8854375547370017,0.4274269742382734,-0.6897595543840929
2025-05-21T00:35:56.509260,0.1,0.0,-0.11870192249028631,2.893118021980992,0.42101997114940753,-0.7066484509165187
2025-05-21T00:35:56.609333,0.1,0.0,-0.10940015387782108,2.90070938881991,0.41450001386096674,-0.7180600884170816
2025-05-21T00:35:56.709223,0.1,0.0,-0.0062861955204751565,2.908183265262463,0.4079345838999308,-0.7238056133114599
2025-05-21T00:35:56.809202,0.1,0.0,-0.009182385014003812,2.9156727869048824,0.4013130722534164,-0.7245779752281005
2025-05-21T00:35:56.909243,0.1,0.0,-0.009182385014003812,2.923165670460514,0.394677299152446,-0.7254970250659909
2025-05-21T00:35:57.009349,0.1,0.0,-0.009182385014003812,2.9306926599580954,0.38799895160485887,-0.7264210116653098
2025-05-21T00:35:57.109216,0.1,0.0,-0.009182385014003812,2.9381578546254445,0.3813631169518634,-0.7273381634224206
2025-05-21T00:35:57.209227,0.1,0.0,0.046870514350425545,2.945632286919082,0.37470678259656104,-0.7254366767269856
2025-05-21T00:35:57.309260,0.1,0.0,0.046870514350425545,2.953091642355242,0.3681078541791587,-0.7207686939731088
2025-05-21T00:35:57.409300,0.1,0.0,-0.13174254621222567,2.960626108107553,0.3615050093877762,-0.7248388751807542
2025-05-21T00:35:57.509194,0.1,0.0,-0.085698386258386,2.968071047192386,0.3548675145635161,-0.7356917569409154
2025-05-21T00:35:57.609261,0.1,0.0,0.025483743672826128,2.9754801375282613,0.3481316811434055,-0.7387407337159035
2025-05-21T00:35:57.709230,0.1,0.0,-0.10004868679714506,2.9828581233842586,0.3414205088004333,-0.7424379979787288
2025-05-21T00:35:57.809219,0.1,0.0,-0.10004868679714506,2.9902466649452273,0.3346067119958805,-0.7524937127060296
2025-05-21T00:35:57.909382,0.1,0.0,0.004332456843583187,2.9975087724544736,0.32777338600683187,-0.7573099654743052
2025-05-21T00:35:58.009219,0.1,0.0,-0.08290254635103689,3.0048295932261047,0.32085420124592967,-0.7613145985226657
2025-05-21T00:35:58.109526,0.1,0.0,0.006037223191907025,3.01198785186545,0.31400459053702684,-0.7650840123027812
2025-05-21T00:35:58.209343,0.1,0.0,-0.08487658119952668,3.0192147413116337,0.3070676097409691,-0.7689771701589819
2025-05-21T00:35:58.309193,0.1,0.0,0.09714867593164088,3.0263805559615853,0.30010387199764266,-0.7683612481332425
2025-05-21T00:35:58.409190,0.1,0.0,-0.03655714380395469,3.0335890441438016,0.293170700344454,-0.7653391758970289
2025-05-21T00:35:58.509237,0.1,0.0,-0.02210593850202835,3.040782279822852,0.2862477737920156,-0.768266869373429
2025-05-21T00:35:58.609368,0.1,0.0,-0.07137382159508875,3.048000505067936,0.2792649702748455,-0.7729701822535971
2025-05-21T00:35:58.709239,0.1,0.0,-0.011765205377084474,3.055175345523979,0.2722411607185741,-0.777113326192238
2025-05-21T00:35:58.809344,0.1,0.0,0.00803997736934958,3.0622499010344395,0.265278803284614,-0.7772906879896683
2025-05-21T00:35:58.909206,0.1,0.0,0.00803997736934958,3.0693773587583886,0.2582688080915096,-0.776486928712603
2025-05-21T00:35:59.009349,0.1,0.0,0.00803997736934958,3.076547847252197,0.2512278348482442,-0.7756789561333405
2025-05-21T00:35:59.109210,0.1,0.0,0.00803997736934958,3.0836557723862708,0.24425954025405502,-0.7748786664090401
2025-05-21T00:35:59.209283,0.1,0.0,0.00803997736934958,3.0908017874686307,0.2372651227521374,-0.7740747192777366
2025-05-21T00:35:59.309220,0.1,0.0,0.022693135276213857,3.0979563571398097,0.23027358727570046,-0.772537254221517
2025-05-21T00:35:59.409313,0.1,0.0,0.022693135276213857,3.1051226857834306,0.223297183076725,-0.7702676398720375
2025-05-21T00:35:59.509726,0.1,0.0,-0.017193475326975346,3.112331091122598,0.21631164101243242,-0.7699947963693162
2025-05-21T00:35:59.609226,0.1,0.0,-0.017193475326975346,3.119471763781674,0.20938170082338992,-0.7717056404303486
2025-05-21T00:35:59.709240,0.1,0.0,-0.017193475326975346,3.126649947100141,0.20239142845766375,-0.7734283395049055
2025-05-21T00:35:59.809264,0.1,0.0,-0.017193475326975346,3.1338409974584804,0.1953644285287356,-0.7751570316741279
2025-05-21T00:35:59.909232,0.1,0.0,0.03610980001937824,3.1409303163915845,0.18841291579579234,-0.7742075115951148
2025-05-21T00:36:00.009262,0.1,0.0,0.03610980001937824,3.148083993902768,0.18143019751171555,-0.7705977317222383
2025-05-21T00:36:00.109225,0.1,0.0,0.15434279342468105,3.155272822333161,0.17446368469668225,-0.761064185012303
2025-05-21T00:36:00.209382,0.1,0.0,0.1879102015580447,3.16255380428109,0.167582185748472,-0.7439175316435099
2025-05-21T00:36:00.309618,0.1,0.0,0.034762466790412276,3.169953214696879,0.1608365207000045,-0.732809082085697
2025-05-21T00:36:00.409208,0.1,0.0,-0.058282215024560984,3.1773594275518247,0.15418259968282458,-0.7339802007481602
2025-05-21T00:36:00.509209,0.1,0.0,-0.027548367820808824,3.1847858930252966,0.14746342109354096,-0.738280063093157
2025-05-21T00:36:00.609209,0.1,0.0,-0.0302017811404176,3.1922400945261686,0.14067107127416,-0.7411910280373482
2025-05-21T00:36:00.709243,0.1,0.0,-0.0860992851701503,3.1995414882653486,0.1339782402889093,-0.7469720388548403
2025-05-21T00:36:00.809223,0.1,0.0,0.01127414490995071,3.2068707646724364,0.12716226208547576,-0.750717590917378
2025-05-21T00:36:00.909192,0.1,0.0,0.006229835695945595,3.214184361275417,0.1203429862288144,-0.7498429762874994
2025-05-21T00:36:01.009229,0.1,0.0,0.006229835695945595,3.2215469357748683,0.11348835062105775,-0.7492162859818259
2025-05-21T00:36:01.109252,0.1,0.0,0.006229835695945595,3.2288317128158286,0.10671463899492498,-0.7485965781117621
2025-05-21T00:36:01.209209,0.1,0.0,0.006229835695945595,3.2361551597619584,0.09991343791306818,-0.7479739397278804
2025-05-21T00:36:01.309212,0.1,0.0,0.14912067754152655,3.243474902795058,0.09312415766446114,-0.7402412356842065
2025-05-21T00:36:01.409240,0.1,0.0,-0.09145433266328994,3.250944295298351,0.08635195643107954,-0.7372563372455265
2025-05-21T00:36:01.509272,0.1,0.0,0.05477271621796009,3.258285827155114,0.0796548273941993,-0.7390595885857749
2025-05-21T00:36:01.609258,0.1,0.0,-0.025658774800904057,3.2656820078685977,0.07293270215799567,-0.7376096447720797
2025-05-21T00:36:01.709213,0.1,0.0,-0.09226180982611741,3.2730712049264157,0.06620937151145072,-0.7435038148935846
2025-05-21T00:36:01.809326,0.1,0.0,0.014304572307698436,3.280426696623724,0.05941431653156971,-0.7474096800865739
2025-05-21T00:36:01.909555,0.1,0.0,0.05119419754726406,3.287798462082865,0.05258730941735042,-0.7441338506354622
2025-05-21T00:36:02.009203,0.1,0.0,0.07742188945598638,3.2951356072688776,0.04584927243581976,-0.7377175017766419
2025-05-21T00:36:02.109241,0.1,0.0,0.06310397940470834,3.3025379895066407,0.039147233506404575,-0.7307027573627893
2025-05-21T00:36:02.209228,0.1,0.0,-0.09196279420922158,3.3100288439907977,0.032455423217460776,-0.732114271874467
2025-05-21T00:36:02.309530,0.1,0.0,-0.06326309917184746,3.3174165867101624,0.025785196440095613,-0.7398440915420678
2025-05-21T00:36:02.409197,0.1,0.0,0.0036995726599720054,3.3247881062938385,0.019035053018588363,-0.7428289560980588
2025-05-21T00:36:02.509200,0.1,0.0,0.00133756701230614,3.3321677770403086,0.012259631538259486,-0.7425768964305068
2025-05-21T00:36:02.609235,0.1,0.0,0.00133756701230614,3.3395740673430554,0.005462404176132108,-0.7424424357238117
2025-05-21T00:36:02.709289,0.1,0.0,0.00133756701230614,3.346905693041961,-0.001264487394459906,-0.7423093469284724
2025-05-21T00:36:02.809266,0.1,0.0,0.00133756701230614,3.35430050091994,-0.008047533350228755,-0.7421751276297028
2025-05-21T00:36:02.909221,0.1,0.0,0.00133756701230614,3.361694795756624,-0.014828281553771716,-0.7420409341619002
2025-05-21T00:36:03.009272,0.1,0.0,0.11879848216358789,3.3691624960834106,-0.02167449529201012,-0.7358829231098118
2025-05-21T00:36:03.109264,0.1,0.0,-0.010156672485656104,3.3764455030123126,-0.028231286693028646,-0.7306653910034201
2025-05-21T00:36:03.209735,0.1,0.0,0.07436940241162925,3.383885107250486,-0.03490144304531954,-0.7274535360369647
2025-05-21T00:36:03.309261,0.1,0.0,0.07436940241162925,3.391376884714302,-0.0415467402756202,-0.720005928797775
2025-05-21T00:36:03.409329,0.1,0.0,0.06797275353258024,3.3989126140026857,-0.048131399435249564,-0.7128843440169974
2025-05-21T00:36:03.509368,0.1,0.0,0.11185938333342359,3.406494127746333,-0.054663550152263436,-0.7039026939852349
2025-05-21T00:36:03.609300,0.1,0.0,-0.04704194664300498,3.414123894858713,-0.061104512049132004,-0.7007167883754367
2025-05-21T00:36:03.712892,0.1,0.0,0.03484646854581274,3.4219839744848337,-0.0677508884533665,-0.7012119394519942
2025-05-21T00:36:03.809727,0.1,0.0,0.01979914593138954,3.429410857061958,-0.07401114193590676,-0.698518318923858
2025-05-21T00:36:03.909275,0.1,0.0,-0.009259654430739948,3.4372959294176795,-0.08062585425741176,-0.6979561988904361
2025-05-21T00:36:04.009230,0.1,0.0,0.06364628828099071,3.444733118190089,-0.08686700673290246,-0.6955650724251026
2025-05-21T00:36:04.109192,0.1,0.0,0.06571830380825981,3.4524064044224283,-0.09325151759441452,-0.6891079534030071
2025-05-21T00:36:04.209363,0.1,0.0,0.02614388784483834,3.4601442022029936,-0.09960486813645489,-0.6845155466599873
2025-05-21T00:36:04.309276,0.1,0.0,-0.0343552413006054,3.4679045651467577,-0.1059300883278252,-0.684935071052307
2025-05-21T00:36:04.409223,0.1,0.0,-0.0343552413006054,3.4756164121977573,-0.11224057194725566,-0.6883584611419015
2025-05-21T00:36:04.509190,0.1,0.0,-0.0343552413006054,3.483327222450865,-0.11859443323915372,-0.6917910332615773
2025-05-21T00:36:04.609291,0.1,0.0,-0.029715998576812504,3.4910625818635523,-0.1250132992079501,-0.6950112365465543
2025-05-21T00:36:04.709370,0.1,0.0,0.047838304846352646,3.498698426154454,-0.13138960761757745,-0.6941103934506844
2025-05-21T00:36:04.809195,0.1,0.0,0.047838304846352646,3.506393648035895,-0.13777854456969071,-0.6893257235182557
2025-05-21T00:36:04.909181,0.1,0.0,-0.034782623255348304,3.5141241251783915,-0.1441345054561399,-0.6886753863976836
2025-05-21T00:36:05.009344,0.1,0.0,-0.034782623255348304,3.521864175903713,-0.150516765532512,-0.6921647909610265
2025-05-21T00:36:05.109194,0.1,0.0,-0.034782623255348304,3.52952857298265,-0.15688162374996725,-0.6956300634076524
2025-05-21T00:36:05.209190,0.1,0.0,0.0598705445639569,3.537198976038202,-0.16329655163043383,-0.6943739694796505
2025-05-21T00:36:05.309189,0.1,0.0,0.0076255326967022965,3.5448881329154474,-0.16967998507849674,-0.6909908140066925
2025-05-21T00:36:05.409209,0.1,0.0,-0.06837743321223887,3.552611350421449,-0.17606462683240878,-0.6940048388320949
2025-05-21T00:36:05.509234,0.1,0.0,-0.06837743321223887,3.560287274561792,-0.18247393479362856,-0.7008425593298878
2025-05-21T00:36:05.609209,0.1,0.0,0.020611527747961267,3.5679102006086065,-0.18892793712381276,-0.7032255456874466
2025-05-21T00:36:05.709200,0.1,0.0,0.002572777671228099,3.57554600415931,-0.19539493950541753,-0.7020649070048015
2025-05-21T00:36:05.809252,0.1,0.0,0.002572777671228099,3.583222477635441,-0.20188703655481444,-0.7018062493375452
2025-05-21T00:36:05.909398,0.1,0.0,0.002572777671228099,3.5908123141938963,-0.2083025066905872,-0.7015505666505732
2025-05-21T00:36:06.009214,0.1,0.0,0.002572777671228099,3.5984552618814702,-0.21475951479229669,-0.7012931505008622
2025-05-21T00:36:06.109179,0.1,0.0,0.002572777671228099,3.606095954722254,-0.2212112484382103,-0.7010358662317208
2025-05-21T00:36:06.209234,0.1,0.0,-0.04574107490541767,3.613764491277407,-0.22768311117879034,-0.7032017190139257
2025-05-21T00:36:06.309220,0.1,0.0,-0.04574107490541767,3.6213566480676924,-0.23413444285583696,-0.7077588858664599
2025-05-21T00:36:06.409254,0.1,0.0,0.00037676560462718273,3.6289469886834542,-0.2406440849599173,-0.7100322580535555
2025-05-21T00:36:06.509194,0.1,0.0,0.0631606956865227,3.636528426315735,-0.24716084904217775,-0.7068580475668331
2025-05-21T00:36:06.609317,0.1,0.0,0.05486006376735019,3.644146170336834,-0.25364622905110573,-0.7009533881893528
2025-05-21T00:36:06.709204,0.1,0.0,0.03590338151622129,3.6518127382630983,-0.26009817766454685,-0.696397416580036
2025-05-21T00:36:06.809200,0.1,0.0,-0.10787583357826923,3.6594806842345666,-0.2664980482049797,-0.7000204720753835
2025-05-21T00:36:06.909244,0.1,0.0,0.025593920156015134,3.6671036412577687,-0.272954231081183,-0.7041185389020068
2025-05-21T00:36:07.009210,0.1,0.0,0.13130797414147463,3.6747391483007306,-0.2794310587260168,-0.6962584525210613
2025-05-21T00:36:07.109197,0.1,0.0,-0.07630979311988417,3.6824231475629183,-0.28581153003045184,-0.6934608502904074
2025-05-21T00:36:07.209273,0.1,0.0,0.1358031036729068,3.690106675793394,-0.2922226980322169,-0.690516164935528
2025-05-21T00:36:07.309188,0.1,0.0,0.11384191447275203,3.69782874578287,-0.2985587641456541,-0.6780457896859793
2025-05-21T00:36:07.409327,0.1,0.0,-0.023861617097092887,3.705642380737423,-0.30481551692639947,-0.6735488130571547
2025-05-21T00:36:07.509201,0.1,0.0,-0.11939090913922311,3.713450348303696,-0.3110542636887484,-0.6806978023021806
2025-05-21T00:36:07.609195,0.1,0.0,-0.11184581189871866,3.7212027329959585,-0.3173706761970459,-0.6922592493480284
2025-05-21T00:36:07.709219,0.1,0.0,-0.08205277140726164,3.728889965923884,-0.3237808690586461,-0.7019632655561772
2025-05-21T00:36:07.809197,0.1,0.0,-0.05402129219437501,3.736526173689188,-0.3302653898588251,-0.7087751215576388
2025-05-21T00:36:07.909241,0.1,0.0,-0.07477545983079702,3.7440958854955255,-0.33677339728814776,-0.7152073154583607
2025-05-21T00:36:08.009201,0.1,0.0,-0.016768410504482963,3.751620786774224,-0.34333438621471973,-0.7197788832571907
2025-05-21T00:36:08.109184,0.1,0.0,0.14280145935834707,3.7591496581634045,-0.34994036579269416,-0.7134617581693884
2025-05-21T00:36:08.209426,0.1,0.0,0.09984115491640687,3.76677332238533,-0.35649144481237427,-0.7012779162824585
2025-05-21T00:36:08.309210,0.1,0.0,-0.0772489633659057,3.77438153834727,-0.3628841343573633,-0.7002098221500166
2025-05-21T00:36:08.409218,0.1,0.0,0.003315047067071752,3.7820088228287894,-0.3693364496155315,-0.7039056028585359
2025-05-21T00:36:08.509184,0.1,0.0,0.180205359002602,3.789633772801127,-0.3758088446208562,-0.6947485587967864
2025-05-21T00:36:08.609272,0.1,0.0,-0.005724769004321616,3.7973891419791057,-0.38221246830819117,-0.6860161738855401
2025-05-21T00:36:08.709294,0.1,0.0,0.010062884764434621,3.8050848737435157,-0.3885144898181134,-0.6857962259617025
2025-05-21T00:36:08.809192,0.1,0.0,0.010062884764434621,3.8128270677733487,-0.39484662280054644,-0.6847897489098145
2025-05-21T00:36:08.909194,0.1,0.0,0.010062884764434621,3.8205794737446355,-0.401174094926588,-0.6837827728287591
2025-05-21T00:36:09.009219,0.1,0.0,0.010062884764434621,3.8284061962750267,-0.4075490747120453,-0.6827669797660282
2025-05-21T00:36:09.109200,0.1,0.0,0.010062884764434621,3.8360859859364407,-0.4137914726821032,-0.6817710758946145
2025-05-21T00:36:09.209199,0.1,0.0,-0.08897457278853603,3.8438516047255766,-0.4200907694560612,-0.6856665970478848
2025-05-21T00:36:09.309209,0.1,0.0,-0.092712852045288,3.8515762142021757,-0.4264388225417362,-0.694749555276462
2025-05-21T00:36:09.409220,0.1,0.0,0.03434673117006958,3.859269356770993,-0.43288029751377727,-0.6976671441011567
2025-05-21T00:36:09.509208,0.1,0.0,0.36365141062379086,3.866952854548425,-0.4393101901372379,-0.6777198326897031
2025-05-21T00:36:09.609198,0.1,0.0,0.11274767537888362,3.874755202125637,-0.44547487686028714,-0.6540326789236638
2025-05-21T00:36:09.709228,0.1,0.0,0.12276340493102887,3.8827207151124457,-0.4515455137387248,-0.6422396869321303
2025-05-21T00:36:09.809235,0.1,0.0,0.3484740414201603,3.890785318629966,-0.45753939065665133,-0.6184949422490016
2025-05-21T00:36:09.909410,0.1,0.0,0.15262149541882764,3.8989568498675538,-0.46324832488241297,-0.5935648887330798
2025-05-21T00:36:10.009204,0.1,0.0,0.1307328140597974,3.9072487311749273,-0.46879729555274346,-0.5794332687372963
2025-05-21T00:36:10.109249,0.1,0.0,0.11835008301550153,3.9156323167857514,-0.47424412801862603,-0.5669812469141106
2025-05-21T00:36:10.209342,0.1,0.0,0.2642907905414326,3.924120530906754,-0.47961334087414287,-0.5477519646082385
2025-05-21T00:36:10.309326,0.1,0.0,0.4580096600395089,3.9326622370126745,-0.48474705468897683,-0.5117358251672858
2025-05-21T00:36:10.409195,0.1,0.0,0.24072357486784599,3.9414219860675326,-0.48953598483658795,-0.4768443384698604
2025-05-21T00:36:10.509188,0.1,0.0,0.21014440035693524,3.9503428966603376,-0.49407671081793353,-0.45427746967212096
2025-05-21T00:36:10.609271,0.1,0.0,0.19653271681391302,3.9593506150699733,-0.4984171010218058,-0.4339456113364024
2025-05-21T00:36:10.709227,0.1,0.0,0.31045748275126184,3.9684595248804135,-0.5025838835247857,-0.40854712765169093
2025-05-21T00:36:10.809175,0.1,0.0,0.22049103186755514,3.9776787246595062,-0.5064901330628206,-0.3819889736343196
2025-05-21T00:36:10.909204,0.1,0.0,0.2005623316589866,3.986957101452105,-0.5101583164136059,-0.36098477936048307
2025-05-21T00:36:11.009346,0.1,0.0,0.4766917703523554,3.9963559647798785,-0.5136527577370255,-0.32696427723257715
2025-05-21T00:36:11.109287,0.1,0.0,0.37295396806678754,4.00583036186657,-0.5167409061979118,-0.284637068146393
2025-05-21T00:36:11.209219,0.1,0.0,0.3887934359082645,4.015457476103994,-0.5194603974143609,-0.24653289800951095
2025-05-21T00:36:11.309277,0.1,0.0,0.35974854025128783,4.025174728908367,-0.5218056074442118,-0.20911449700573304
2025-05-21T00:36:11.409201,0.1,0.0,0.15451922932157802,4.035015803740177,-0.5238013443931401,-0.18330285107112188
2025-05-21T00:36:11.509335,0.1,0.0,0.17458431255113147,4.044954858461664,-0.5256038091450618,-0.1666634682012238
2025-05-21T00:36:11.609203,0.1,0.0,0.3273412651593077,4.0546863823495,-0.527197853275236,-0.1418090859527976
2025-05-21T00:36:11.709210,0.1,0.0,0.2527550205925199,4.064591927484426,-0.5285294634994158,-0.11281743437400982
2025-05-21T00:36:11.809219,0.1,0.0,0.14136702951684896,4.074591878279153,-0.5295981256443237,-0.09303015029583683
2025-05-21T00:36:11.909183,0.1,0.0,0.06357822186578986,4.084491476181169,-0.5304866876455799,-0.08286841765266395
2025-05-21T00:36:12.009200,0.1,0.0,0.1984736235958456,4.09446131663395,-0.5312988105149543,-0.06975795735427857
2025-05-21T00:36:12.109268,0.1,0.0,0.139689866962715,4.104856399201832,-0.5319712379880727,-0.05226403146096947
2025-05-21T00:36:12.209294,0.1,0.0,0.18153975450593493,4.114500758210131,-0.5324431454383581,-0.036755391147770045
2025-05-21T00:36:12.309246,0.1,0.0,0.22003597950250084,4.124695974964977,-0.5327708179537176,-0.016323064254041952
2025-05-21T00:36:12.409190,0.1,0.0,0.16876675856384638,4.134413008037512,-0.5328775257989526,0.0025032121889974057
2025-05-21T00:36:12.509201,0.1,0.0,0.016047339708726845,4.144430444507352,-0.5328101087561473,0.011753531121345251
2025-05-21T00:36:12.609252,0.1,0.0,0.1368701428682972,4.154427430689383,-0.5326885931902612,0.01938417038710627
2025-05-21T00:36:12.709201,0.1,0.0,0.33858118944405713,4.164462061840171,-0.5324595767451201,0.04328093143049161
2025-05-21T00:36:12.809202,0.1,0.0,0.1123670448104863,4.174404741037711,-0.5319449992451113,0.06567150899155205
2025-05-21T00:36:12.909310,0.1,0.0,0.12185090106968331,4.184543346588207,-0.5312491553934285,0.07758026555644326
2025-05-21T00:36:13.012150,0.1,0.0,-0.03079168310248292,4.194505850413611,-0.5304444154081034,0.08279594134603797
2025-05-21T00:36:13.109276,0.1,0.0,0.05242254919346156,4.204320558918488,-0.5296374264419431,0.08387039138738393
2025-05-21T00:36:13.209219,0.1,0.0,-0.03133861961947481,4.214277348026388,-0.5287872495453151,0.08492435220331718
2025-05-21T00:36:13.309212,0.1,0.0,-0.03133861961947481,4.2242466859641405,-0.5279464391105341,0.08178900635993047
2025-05-21T00:36:13.409226,0.1,0.0,-0.03133861961947481,4.234206110634745,-0.5271378951058452,0.07865759063556199
2025-05-21T00:36:13.509192,0.1,0.0,0.18919009096489467,4.2441842302053185,-0.5263592898530239,0.08655344554916322
2025-05-21T00:36:13.609184,0.1,0.0,0.179161183399944,4.254130182256475,-0.5254489200181339,0.10494812630620531
2025-05-21T00:36:13.709228,0.1,0.0,0.09344633533578227,4.264088973676322,-0.5243547022194819,0.11860902592039668
2025-05-21T00:36:13.809312,0.1,0.0,0.25477348836740626,4.274058856108123,-0.5231428782040569,0.13616169543115753
2025-05-21T00:36:13.909227,0.1,0.0,0.14705963272183428,4.283899362511553,-0.5217311012632274,0.15610741903804026
2025-05-21T00:36:14.009239,0.1,0.0,0.3622487531527529,4.2937803482645895,-0.5201386719600449,0.18159427699341757
2025-05-21T00:36:14.109193,0.1,0.0,0.2245168025794619,4.303588959387477,-0.5182457567116836,0.21088875355311076
2025-05-21T00:36:14.209306,0.1,0.0,0.015142962377630574,4.313397900680339,-0.5160880434890179,0.2230267453763184
2025-05-21T00:36:14.309215,0.1,0.0,0.030220727053018034,4.323108299137541,-0.5138818790605848,0.22528933184289943
2025-05-21T00:36:14.409195,0.1,0.0,0.030220727053018034,4.33285811978923,-0.5116396587493871,0.2283127130093985
2025-05-21T00:36:14.509231,0.1,0.0,-0.024730826589284268,4.3425956845047855,-0.5093692420859965,0.22858299437019844
2025-05-21T00:36:14.609365,0.1,0.0,-0.024730826589284268,4.3523674326887996,-0.5071022404004366,0.22610217813922695
2025-05-21T00:36:14.709243,0.1,0.0,-0.024730826589284268,4.362084393069728,-0.5048732989238445,0.2236366804658707
2025-05-21T00:36:14.809222,0.1,0.0,-0.01909464142253403,4.37183686441583,-0.5026615270311702,0.22144605506933823
2025-05-21T00:36:14.909225,0.1,0.0,-0.01909464142253403,4.381600037930202,-0.500468362403261,0.21953535446339242
2025-05-21T00:36:15.009179,0.1,0.0,0.19718352789018342,4.391377229245858,-0.4982916694035955,0.22846276961537404
2025-05-21T00:36:15.109192,0.1,0.0,0.1484242478610964,4.401085866900522,-0.4959837926072877,0.2457037768337811
2025-05-21T00:36:15.209151,0.1,0.0,-0.041119310087183725,4.410800021232627,-0.4935093267983962,0.2510763683298256
2025-05-21T00:36:15.309205,0.1,0.0,-0.04879879428750677,4.4204589499552585,-0.49104246664718504,0.24659331710050703
2025-05-21T00:36:15.409272,0.1,0.0,0.08548689638790519,4.430182141951661,-0.4886076202441161,0.24845041297707215
2025-05-21T00:36:15.509233,0.1,0.0,0.0008769949654979791,4.439862046248615,-0.48612989306668436,0.25275729725793816
2025-05-21T00:36:15.609215,0.1,0.0,-0.028938320041007045,4.449550665281888,-0.48362727943694195,0.25135021728492957
2025-05-21T00:36:15.709220,0.1,0.0,-0.028938320041007045,4.459227945149114,-0.4811497944205271,0.24845945828835214
2025-05-21T00:36:15.809394,0.1,0.0,-0.10520944319191038,4.468971367099434,-0.47868541155177907,0.2416947445008413
2025-05-21T00:36:15.909240,0.1,0.0,-0.03865168241751704,4.478632848490421,-0.4763305131147975,0.23454831433106937
2025-05-21T00:36:16.009207,0.1,0.0,-0.08313844560558559,4.488364657061779,-0.47401507637202567,0.22846454282262574
2025-05-21T00:36:16.109203,0.1,0.0,0.0676546857915966,4.498109139909138,-0.47177058339850353,0.22762883178593762
2025-05-21T00:36:16.209280,0.1,0.0,0.11715777770034295,4.5079021695588155,-0.469484533621543,0.236910760120566
2025-05-21T00:36:16.309219,0.1,0.0,0.23345499944535716,4.517607709748309,-0.467111101967743,0.2543805036049607
2025-05-21T00:36:16.409402,0.1,0.0,0.011006880961965114,4.527292481392813,-0.46453236473509957,0.26652670863101374
2025-05-21T00:36:16.509180,0.1,0.0,-0.03135871104143428,4.536885953756037,-0.4619103108832045,0.2654978711426157
2025-05-21T00:36:16.609185,0.1,0.0,-0.03135871104143428,4.5465851899184395,-0.4592811259572318,0.26234654910495925
2025-05-21T00:36:16.709190,0.1,0.0,0.03335599651895448,4.556189417341414,-0.4567100716648204,0.2624662279569794
2025-05-21T00:36:16.809242,0.1,0.0,0.03335599651895448,4.565845619566826,-0.4541071615407875,0.265802118677303
2025-05-21T00:36:16.909216,0.1,0.0,0.04827157022127659,4.575474298854343,-0.4514772018640676,0.2698719878048754
2025-05-21T00:36:17.009207,0.1,0.0,-0.10814924135183589,4.585215429099329,-0.44876980843112296,0.2668151114979826
2025-05-21T00:36:17.109210,0.1,0.0,0.20914851875970417,4.594794218079363,-0.44617921466483784,0.2718169020580672
2025-05-21T00:36:17.209224,0.1,0.0,-0.017348604536077113,4.604399794974303,-0.4434478621563185,0.2813702409191885
2025-05-21T00:36:17.309197,0.1,0.0,0.0179037876157051,4.6139877235739535,-0.4406810779769292,0.281397101720247
2025-05-21T00:36:17.409228,0.1,0.0,0.0179037876157051,4.623600046018053,-0.4378978019656099,0.2831887636216561
2025-05-21T00:36:17.509222,0.1,0.0,0.0179037876157051,4.633202056698205,-0.4350988585507741,0.2849794352088848
2025-05-21T00:36:17.609216,0.1,0.0,0.0179037876157051,4.642807457657279,-0.43228025115417346,0.2867716776392957
2025-05-21T00:36:17.709232,0.1,0.0,0.0441610816172977,4.652400955788076,-0.42944645560877315,0.2898786748823796
2025-05-21T00:36:17.809312,0.1,0.0,0.048649507450977396,4.662037645018686,-0.4265603594146563,0.29454835244433664
2025-05-21T00:36:17.909214,0.1,0.0,0.17000469457868705,4.671591182474518,-0.42364939908156657,0.3055344550811077
2025-05-21T00:36:18.009509,0.1,0.0,0.1551664900787253,4.681067575340156,-0.4206163229242074,0.3217092900437195
2025-05-21T00:36:18.109531,0.1,0.0,0.06115772729507584,4.6905918207491775,-0.4174006934619304,0.33255026123836456
2025-05-21T00:36:18.209339,0.1,0.0,-0.04614108028779928,4.699999126337055,-0.41413558867575,0.3333125864365191
2025-05-21T00:36:18.309267,0.1,0.0,-0.0373243653480082,4.709438649124889,-0.410879510484628,0.3291425143699489
2025-05-21T00:36:18.409198,0.1,0.0,0.20727811369966706,4.718907284778751,-0.4076552018940827,0.3376375997129992
2025-05-21T00:36:18.509230,0.1,0.0,0.10502540855079066,4.728319204478225,-0.4042960063417583,0.35324202636340596
2025-05-21T00:36:18.609455,0.1,0.0,-0.0958045331274726,4.737722168109962,-0.4008009082035051,0.3537284658489011
2025-05-21T00:36:18.709300,0.1,0.0,-0.049616629148907514,4.7470869024735105,-0.39736829012206415,0.34647729987250964
2025-05-21T00:36:18.809447,0.1,0.0,0.05758465783643473,4.7565090719465735,-0.39397971780291546,0.3468848446900479
2025-05-21T00:36:18.909200,0.1,0.0,-0.07916786219579364,4.765888779716858,-0.39057368864566294,0.34579694827714746
2025-05-21T00:36:19.009211,0.1,0.0,0.021067552903686337,4.775331934950892,-0.3871927404039538,0.3428366616654092
2025-05-21T00:36:19.109248,0.1,0.0,0.00417206807382775,4.784719605565541,-0.38383642472450147,0.34409485664139444
2025-05-21T00:36:19.209228,0.1,0.0,0.00417206807382775,4.79413274226918,-0.38046211146532555,0.34451204912511807
2025-05-21T00:36:19.309259,0.1,0.0,0.00417206807382775,4.803545255789305,-0.3770835894173783,0.344929276423291
2025-05-21T00:36:19.409528,0.1,0.0,0.06462244401885141,4.812993198589675,-0.37368789560100923,0.3483988149420343
2025-05-21T00:36:19.509466,0.1,0.0,0.1527757540113528,4.822358495960484,-0.3702691944544008,0.35924076559368595
2025-05-21T00:36:19.609218,0.1,0.0,0.14108529464758487,4.831703736827498,-0.36671894414442663,0.3739291641567019
2025-05-21T00:36:19.709230,0.1,0.0,0.2475436396685959,4.840999456052872,-0.3630335067365497,0.3933630568191245
2025-05-21T00:36:19.809226,0.1,0.0,0.06976619104821168,4.850232171789193,-0.35913470663143593,0.40930542485603466
2025-05-21T00:36:19.909215,0.1,0.0,0.23396056686157293,4.859377918995021,-0.35514830590288626,0.42444033152778005
2025-05-21T00:36:20.009219,0.1,0.0,0.20866535014539275,4.868462596197214,-0.35097873053688633,0.44657374953520446
2025-05-21T00:36:20.109245,0.1,0.0,0.10383494136490866,4.8774636700509,-0.3466107939714286,0.4622037975713939
2025-05-21T00:36:20.209361,0.1,0.0,0.28157143518311883,4.886396125671168,-0.3421317168772652,0.4814522029958876
2025-05-21T00:36:20.309336,0.1,0.0,0.2118804952107611,4.8952309300416275,-0.33743640065804625,0.5061421868782547
2025-05-21T00:36:20.409563,0.1,0.0,0.3145457317634448,4.903945032342522,-0.3325456562506425,0.5324403662518757
2025-05-21T00:36:20.509208,0.1,0.0,0.15998707797687417,4.912521603559111,-0.3274010478824933,0.556201633212858
2025-05-21T00:36:20.609199,0.1,0.0,0.12135062926620586,4.921010657397119,-0.32207636109529436,0.5703079896845137
2025-05-21T00:36:20.709251,0.1,0.0,0.09517761960315173,4.929409741161476,-0.31665313624825286,0.5811343213945962
2025-05-21T00:36:20.809197,0.1,0.0,0.15766426803526912,4.937737367891858,-0.3111552800430706,0.593751045935452
2025-05-21T00:36:20.909249,0.1,0.0,0.10260538632284043,4.946013701873798,-0.30552106750198854,0.6067847093086379
2025-05-21T00:36:21.009348,0.1,0.0,0.09858267841551081,4.954257585588668,-0.29976706945951037,0.6168965206422108
2025-05-21T00:36:21.109591,0.1,0.0,0.1322250589967688,4.962356077059618,-0.2939934541746982,0.6283725532725479
2025-05-21T00:36:21.209211,0.1,0.0,0.16230315395560968,4.970423523018193,-0.28809061392144986,0.6430950243111502
2025-05-21T00:36:21.309234,0.1,0.0,0.15326074804539846,4.978402340878075,-0.28206084708746904,0.6588746869825637
2025-05-21T00:36:21.409221,0.1,0.0,0.2492270096638793,4.986287338011744,-0.27590698814519427,0.6789906614233914
2025-05-21T00:36:21.509234,0.1,0.0,0.1951859917668752,4.9940347821703535,-0.2695746898729537,0.7012235471488856
2025-05-21T00:36:21.609236,0.1,0.0,0.19211026989483623,5.001629247970532,-0.26309843719191506,0.7205518333796093
2025-05-21T00:36:21.709245,0.1,0.0,0.10616326081836823,5.009111512484237,-0.25646476675440166,0.7354724061286485
2025-05-21T00:36:21.809557,0.1,0.0,0.23569230199512511,5.016553455756646,-0.24969491231269195,0.7527064533754251
2025-05-21T00:36:21.909562,0.1,0.0,0.23766596600300224,5.02380410262742,-0.24282292199666755,0.7763499430169905
2025-05-21T00:36:22.009245,0.1,0.0,0.3587583712274722,5.030864966120014,-0.23580617407637788,0.806069103965095
2025-05-21T00:36:22.109238,0.1,0.0,0.23889221010373604,5.037721503227789,-0.2285306719170132,0.8359503952949406
2025-05-21T00:36:22.209320,0.1,0.0,0.10083501367334378,5.044392307088641,-0.22105951162947843,0.8529693028324612
2025-05-21T00:36:22.309213,0.1,0.0,0.14474919458770105,5.050941083432942,-0.21352181907911952,0.8652293317785524
2025-05-21T00:36:22.409346,0.1,0.0,0.03405995896951896,5.0573956482557305,-0.2058889417528235,0.8741644703095224
2025-05-21T00:36:22.509227,0.1,0.0,-0.001372587005343817,5.063809592579029,-0.19820848830499788,0.8757978538543708
2025-05-21T00:36:22.609751,0.1,0.0,0.08878244596692396,5.07022819842981,-0.19051077332197533,0.8801968990413087
2025-05-21T00:36:22.709249,0.1,0.0,0.0663277860653788,5.076581845869145,-0.1827870593361176,0.887949734763536
2025-05-21T00:36:22.809192,0.1,0.0,0.09517137126401785,5.082860358920411,-0.17504189912997967,0.8960017598427079
2025-05-21T00:36:22.909203,0.1,0.0,0.29862066533108406,5.089088531188508,-0.16721946229268694,0.9156918646373509
2025-05-21T00:36:23.009249,0.1,0.0,0.11573423907685897,5.095131420820162,-0.15923115265573512,0.9365175468672772
2025-05-21T00:36:23.109297,0.1,0.0,0.23336269852456623,5.101026028251338,-0.1511701064967518,0.9538558283402737
2025-05-21T00:36:23.209229,0.1,0.0,0.27701339381825724,5.106764831829706,-0.14297843072298713,0.9793809441524193
2025-05-21T00:36:23.309211,0.1,0.0,0.14600992119631948,5.112291665609545,-0.13462454078225614,1.0005508679076076
2025-05-21T00:36:23.409709,0.1,0.0,0.26683030580979755,5.117657060549846,-0.12619073883920354,1.0211801890466834
2025-05-21T00:36:23.509289,0.1,0.0,0.143557814287627,5.122816183404534,-0.11764140978857018,1.0416750229255634
2025-05-21T00:36:23.609239,0.1,0.0,0.17936115514846082,5.127834938662496,-0.10898732844373969,1.0578272016193617
2025-05-21T00:36:23.709218,0.1,0.0,-0.030541932380088174,5.132703016220854,-0.10025334576203186,1.0652710201344213
2025-05-21T00:36:23.809213,0.1,0.0,-0.03636057642011136,5.137579903729761,-0.09145827158448117,1.0619062342384389
2025-05-21T00:36:23.909198,0.1,0.0,0.05949136410523969,5.142431620914103,-0.08278035933016045,1.0630764623130098
2025-05-21T00:36:24.009242,0.1,0.0,0.014966772343643074,5.147279939844313,-0.07403556351749503,1.0668222264382097
2025-05-21T00:36:24.109152,0.1,0.0,0.15581151015967798,5.152107522200828,-0.06527384620793428,1.0753752818478655
2025-05-21T00:36:24.209285,0.1,0.0,0.09855223823065361,5.156836235043048,-0.05644074380125992,1.0881084796673373
2025-05-21T00:36:24.309214,0.1,0.0,-0.04320066157456503,5.161446315796133,-0.047590559636757866,1.0908668666998
2025-05-21T00:36:24.409194,0.1,0.0,0.055225981248516735,5.166067436694164,-0.038736021367893156,1.0914563041087642
2025-05-21T00:36:24.509213,0.1,0.0,0.009959537480761504,5.170673858096521,-0.029843613125482935,1.094718477411405
2025-05-21T00:36:24.609313,0.1,0.0,0.14477707471656884,5.175254312771664,-0.020955060722333774,1.102435147151767
2025-05-21T00:36:24.709205,0.1,0.0,0.08068302618178258,5.179735137907349,-0.012017889612657314,1.113706890185991
2025-05-21T00:36:24.809194,0.1,0.0,-0.014894891825709687,5.184131921542814,-0.003032494484962704,1.1169984870074234
2025-05-21T00:36:24.909213,0.1,0.0,0.06769262933939756,5.1885147827520575,0.005944946085286697,1.1196332543230865
2025-05-21T00:36:25.009255,0.1,0.0,0.06769262933939756,5.192883021769191,0.015000331232267707,1.1264390337668324
2025-05-21T00:36:25.109294,0.1,0.0,0.13200526817841227,5.1971527240704045,0.02400724946317555,1.136402925336351
2025-05-21T00:36:25.209208,0.1,0.0,-0.03954493451282737,5.201327196014066,0.03308319652905013,1.1410157772856397
2025-05-21T00:36:25.309251,0.1,0.0,0.004643692459223025,5.205504364885022,0.04217283657404685,1.1392729351052615
2025-05-21T00:36:25.409223,0.1,0.0,-0.016441590980269535,5.209686723768111,0.051258494017283794,1.1386865353985425
2025-05-21T00:36:25.509215,0.1,0.0,-0.016441590980269535,5.213873526480053,0.06032721635534064,1.1370442594592711
2025-05-21T00:36:25.609194,0.1,0.0,-0.016441590980269535,5.21807914173457,0.06939750625007127,1.1354004508075235
2025-05-21T00:36:25.709187,0.1,0.0,0.127965051907819,5.2222993790638,0.0784602656074541,1.1409770083153434
2025-05-21T00:36:25.809298,0.1,0.0,0.00292684823590239,5.226449748014596,0.08759148867817976,1.1475333935920418
2025-05-21T00:36:25.909264,0.1,0.0,0.300148914794649,5.230547397863101,0.09668920745063339,1.1625597474357932
2025-05-21T00:36:26.009199,0.1,0.0,0.33076187643331423,5.234447285661024,0.10589444771643376,1.1941003516562985
2025-05-21T00:36:26.109203,0.1,0.0,0.23689024158053404,5.2380471555228185,0.11521911996064937,1.2224797150648339
2025-05-21T00:36:26.209193,0.1,0.0,0.09580788634914848,5.241412823905091,0.12466220030709414,1.2391503197482088
2025-05-21T00:36:26.309209,0.1,0.0,0.13462219978943143,5.244639671033378,0.13410588684107486,1.2506322732267572
2025-05-21T00:36:26.409232,0.1,0.0,0.15578348609175396,5.247755042550441,0.14360860862258887,1.265153782335938
2025-05-21T00:36:26.509251,0.1,0.0,0.1626353476020892,5.250727242511089,0.15315778311077632,1.281076675033571
2025-05-21T00:36:26.609254,0.1,0.0,0.40171656926421656,5.253551934465659,0.16277622102016343,1.309370421827306
2025-05-21T00:36:26.709202,0.1,0.0,0.37307052120659984,5.256034156276615,0.17244074029181025,1.3480336563630475
2025-05-21T00:36:26.809259,0.1,0.0,0.3649568311213391,5.258151518606335,0.18220984653743433,1.3849215500992225
2025-05-21T00:36:26.909252,0.1,0.0,0.31617120784384944,5.259909700887102,0.19205324968850188,1.4189863559010805
2025-05-21T00:36:27.009291,0.1,0.0,0.21495366385370304,5.26134428651564,0.20195348626354137,1.4455539532101902
2025-05-21T00:36:27.109195,0.1,0.0,0.3586443864854249,5.262538881635067,0.2118711071675554,1.4741774316813867
2025-05-21T00:36:27.209215,0.1,0.0,0.12251438290016291,5.263415552570679,0.22184879784969208,1.4983133239669968
2025-05-21T00:36:27.309220,0.1,0.0,0.23020998199131168,5.264109082014705,0.23182299022229047,1.5159482253353254
2025-05-21T00:36:27.409310,0.1,0.0,0.08712907864322438,5.264600406989671,0.2418246310182875,1.5318062736477955
2025-05-21T00:36:27.509234,0.1,0.0,0.0635838649299547,5.264969083132252,0.25183636077490223,1.5393552403063182
2025-05-21T00:36:27.609225,0.1,0.0,0.15952701320212093,5.265266372089444,0.26179010552088505,1.550486715048864
2025-05-21T00:36:27.709214,0.1,0.0,0.10957227408973756,5.265429728353177,0.2718008902355792,1.563961592679398
2025-05-21T00:36:27.809332,0.1,0.0,0.32187835486186867,5.265470673214776,0.281793534918934,1.5854655479403357
2025-05-21T00:36:27.909208,0.1,0.0,0.3334575396158268,5.265243865820057,0.2917800387055337,1.6181949997724197
2025-05-21T00:36:28.009184,0.1,0.0,0.35917622695513346,5.264687154511494,0.30175899091103414,1.6528075512295277
2025-05-21T00:36:28.109230,0.1,0.0,0.32083622662739675,5.263776986967885,0.3117327014359596,1.6868618302753917
2025-05-21T00:36:28.209273,0.1,0.0,0.20792149834569337,5.262538835920744,0.3216593337830314,1.7133352309921275
2025-05-21T00:36:28.309205,0.1,0.0,0.17890584494291592,5.261067993354158,0.33154288227707346,1.7326655117571663
2025-05-21T00:36:28.409209,0.1,0.0,0.13509191856781563,5.259411106723043,0.34141139403904014,1.748373810504341
2025-05-21T00:36:28.509217,0.1,0.0,0.1798187362554415,5.257612955370115,0.3512398718351787,1.7641046537768803
2025-05-21T00:36:28.609242,0.1,0.0,0.23244242624472108,5.255647194928773,0.36104778174764424,1.7847264346433445
2025-05-21T00:36:28.709198,0.1,0.0,0.26740451307893925,5.253469031599659,0.3708003143150334,1.8096975800405455
2025-05-21T00:36:28.809234,0.1,0.0,0.043561932363873616,5.251024042442157,0.3805535538121617,1.8252699088041924
2025-05-21T00:36:28.909247,0.1,0.0,0.1474491940593525,5.248493892311356,0.3902373533013777,1.834890437521253
2025-05-21T00:36:29.009242,0.1,0.0,0.24013392622157068,5.245849824225662,0.39987434135031485,1.8543125464187318
2025-05-21T00:36:29.109205,0.1,0.0,-0.04790324147774693,5.243005034969476,0.4094248786752531,1.8638353670527046
2025-05-21T00:36:29.209251,0.1,0.0,0.08057115362201106,5.240132112680401,0.4189878575377926,1.865483499806989
2025-05-21T00:36:29.309209,0.1,0.0,0.1736130619498377,5.237204714961202,0.4285630120839328,1.8782231488268915
2025-05-21T00:36:29.409318,0.1,0.0,-0.007061255765070661,5.2341326156344055,0.4380952791304604,1.8865163178704814
2025-05-21T00:36:29.509226,0.1,0.0,0.27367300902163544,5.231040438706357,0.44756736817749887,1.8997283511238867
2025-05-21T00:36:29.609205,0.1,0.0,0.031100098616119173,5.227743734320004,0.4570137011272718,1.9149947285664464
2025-05-21T00:36:29.709243,0.1,0.0,0.1715180406908878,5.224360899665964,0.4664275759237158,1.9251253286370276
2025-05-21T00:36:29.809232,0.1,0.0,0.24845196879213824,5.220852308250621,0.4757882369380518,1.9461252093508499
2025-05-21T00:36:29.909203,0.1,0.0,0.2216978978805306,5.217127582165616,0.4850721498449779,1.9696405786993145
2025-05-21T00:36:30.009252,0.1,0.0,-0.05210113569624752,5.2131926212629915,0.49426653257206427,1.9780951122500543
2025-05-21T00:36:30.109214,0.1,0.0,0.12117083566584251,5.209243314110061,0.503453544231661,1.9815770120543732
2025-05-21T00:36:30.209362,0.1,0.0,-0.04075313517981183,5.205211547972719,0.5126337993838125,1.9855858047499826
2025-05-21T00:36:30.309449,0.1,0.0,-0.08056146902716499,5.201199954930759,0.521769238552757,1.9795340839090212
2025-05-21T00:36:30.409204,0.1,0.0,0.08424862375901121,5.197240816101398,0.5309607276552013,1.9797205328801601
2025-05-21T00:36:30.509223,0.1,0.0,0.1414671272319001,5.193250590545762,0.5401156978023295,1.9910026030036863
2025-05-21T00:36:30.609296,0.1,0.0,0.17828974445336596,5.189130104257816,0.5492504414409171,2.0070237723104523
2025-05-21T00:36:30.709207,0.1,0.0,0.05695368383172194,5.184875015748781,0.5582730354293792,2.018804480567294
2025-05-21T00:36:30.809232,0.1,0.0,-0.03321542508636365,5.180525611911363,0.5672900223650731,2.0199919778779796
2025-05-21T00:36:30.909208,0.1,0.0,0.09909608742743713,5.1761929887046305,0.5762967870619392,2.0232849978234935
2025-05-21T00:36:31.009207,0.1,0.0,0.10898873918983919,5.1717987408167545,0.5852794032924775,2.033688085112848
2025-05-21T00:36:31.109201,0.1,0.0,0.10719015120583818,5.167307614595694,0.5942175980496505,2.0445004585145803
2025-05-21T00:36:31.209221,0.1,0.0,-0.001920082201372075,5.162717212168012,0.6031132662376338,2.049782463639545
2025-05-21T00:36:31.309225,0.1,0.0,-0.005695723203920088,5.158117953662004,0.6119705639776455,2.0494026086476502
2025-05-21T00:36:31.409413,0.1,0.0,-0.005695723203920088,5.153478141962077,0.620916356141399,2.048828624838152
2025-05-21T00:36:31.509206,0.1,0.0,-0.005695723203920088,5.148913019793938,0.6297304714696279,2.048263257324404
2025-05-21T00:36:31.609209,0.1,0.0,-0.005695723203920088,5.144318509329356,0.6386136457815389,2.0476936271546506
2025-05-21T00:36:31.709210,0.1,0.0,-0.005695723203920088,5.139736585062496,0.6474848606967539,2.0471249312656656
2025-05-21T00:36:31.809407,0.1,0.0,0.20066462667587268,5.135155259693036,0.656367304625714,2.0568340842245565
2025-05-21T00:36:31.909250,0.1,0.0,0.15039688842800825,5.130421913519935,0.6652185281678098,2.074453530256953
2025-05-21T00:36:32.009187,0.1,0.0,0.19347775023453193,5.125555822986532,0.6739708155855793,2.0916871105226384
2025-05-21T00:36:32.109284,0.1,0.0,0.006760963253533702,5.120557727701322,0.6825857490496957,2.1016398813506454
2025-05-21T00:36:32.209259,0.1,0.0,-0.006996575424125239,5.115481092867148,0.691230087553115,2.101626666011983
2025-05-21T00:36:32.309240,0.1,0.0,-0.006996575424125239,5.110428855871141,0.699839924935513,2.1009282185191545
2025-05-21T00:36:32.409212,0.1,0.0,-0.006996575424125239,5.105370802126244,0.7084734921647269,2.100228132938799
2025-05-21T00:36:32.509201,0.1,0.0,-0.006996575424125239,5.100333715982493,0.7170850767004237,2.099530115819273
2025-05-21T00:36:32.609245,0.1,0.0,-0.006996575424125239,5.09528522539611,0.7257300103754856,2.0988296816031813
2025-05-21T00:36:32.709233,0.1,0.0,0.04628926699578705,5.090247581618452,0.7343702593286905,2.1007899847053686
2025-05-21T00:36:32.809231,0.1,0.0,0.04628926699578705,5.085186758546807,0.7429849734436849,2.105414867733476
2025-05-21T00:36:32.909194,0.1,0.0,-0.08745631625191928,5.080077757487406,0.7515902847562952,2.1033718692467236
2025-05-21T00:36:33.009283,0.1,0.0,-0.10697339772690383,5.075018434973626,0.7602174707728687,2.0936480802786557
2025-05-21T00:36:33.109404,0.1,0.0,-0.06433820970055847,5.070036156719273,0.7689157513223935,2.085057541090176
2025-05-21T00:36:33.209286,0.1,0.0,0.016594493925006223,5.065082375145627,0.7777173407478623,2.082504843967138
2025-05-21T00:36:33.309211,0.1,0.0,0.08717137738651902,5.060224060515329,0.7863597972198747,2.0876498185470727
2025-05-21T00:36:33.409238,0.1,0.0,0.03523305348779537,5.055245745621593,0.795073982861897,2.0937822975539735
2025-05-21T00:36:33.509341,0.1,0.0,0.03540731424486853,5.050268228389933,0.803690048838913,2.0972968693228236
2025-05-21T00:36:33.609281,0.1,0.0,-0.05516563767323123,5.045244704382072,0.81231548000703,2.0963071999668
2025-05-21T00:36:33.709247,0.1,0.0,-0.07921457288844636,5.040228980046254,0.8209923448776929,2.0895861862129994
2025-05-21T00:36:33.809395,0.1,0.0,-0.1537134793564343,5.035289208898552,0.8296840167182842,2.077929812970778
2025-05-21T00:36:33.909328,0.1,0.0,-0.04833417766509029,5.030459894390527,0.8384553940754136,2.067840532278071
2025-05-21T00:36:34.009219,0.1,0.0,0.06985326189846484,5.025717522477506,0.8472227429520829,2.0689424517834825
2025-05-21T00:36:34.109747,0.1,0.0,-0.03585530125694624,5.020862174924374,0.8561121964795393,2.070613448121742
2025-05-21T00:36:34.212950,0.1,0.0,-0.11657035547353532,5.015846083294803,0.8653186382253992,2.0625689397280844
2025-05-21T00:36:34.309486,0.1,0.0,-0.09048812044947672,5.011344722318728,0.8737785942483207,2.052650696614954
2025-05-21T00:36:34.409270,0.1,0.0,-0.002398769503497711,5.0066675973640375,0.8827717060037141,2.047526854302916
2025-05-21T00:36:34.509191,0.0,0.0,0.0,5.004529544438761,0.8869115106517377,2.0474150879814976
2025-05-21T00:36:34.609221,0.0,0.0,0.0,5.004529544438761,0.8869115106517377,2.0474150879814976
2025-05-21T00:36:34.709240,0.0,0.0,0.0,5.004529544438761,0.8869115106517377,2.0474150879814976
2025-05-21T00:36:34.809180,0.0,0.0,0.0,5.004529544438761,0.8869115106517377,2.0474150879814976
2025-05-21T00:36:34.909206,0.0,0.0,0.0,5.004529544438761,0.8869115106517377,2.0474150879814976
2025-05-21T00:36:35.009194,0.0,0.0,0.0,5.004529544438761,0.8869115106517377,2.0474150879814976
2025-05-21T00:36:35.109220,0.0,0.0,0.0,5.004529544438761,0.8869115106517377,2.0474150879814976
2025-05-21T00:36:35.209181,0.0,0.0,0.0,5.004529544438761,0.8869115106517377,2.0474150879814976
2025-05-21T00:36:35.309234,0.0,0.0,0.0,5.004529544438761,0.8869115106517377,2.0474150879814976
2025-05-21T00:36:35.409199,0.0,0.0,0.0,5.004529544438761,0.8869115106517377,2.0474150879814976
2025-05-21T00:36:35.509238,0.0,0.0,0.0,5.004529544438761,0.8869115106517377,2.0474150879814976
2025-05-21T00:36:35.609180,0.0,0.0,0.0,5.004529544438761,0.8869115106517377,2.0474150879814976
2025-05-21T00:36:35.709186,0.0,0.0,0.0,5.004529544438761,0.8869115106517377,2.0474150879814976
2025-05-21T00:36:35.809251,0.0,0.0,0.0,5.004529544438761,0.8869115106517377,2.0474150879814976
2025-05-21T00:36:35.909188,0.0,0.0,0.0,5.004529544438761,0.8869115106517377,2.0474150879814976
2025-05-21T00:36:36.009219,0.0,0.0,0.0,5.004529544438761,0.8869115106517377,2.0474150879814976
2025-05-21T00:36:36.109202,0.0,0.0,0.0,5.004529544438761,0.8869115106517377,2.0474150879814976
2025-05-21T00:36:36.209251,0.0,0.0,0.0,5.004529544438761,0.8869115106517377,2.0474150879814976
2025-05-21T00:36:36.309241,0.0,0.0,0.0,5.004529544438761,0.8869115106517377,2.0474150879814976
2025-05-21T00:36:36.409209,0.0,0.0,0.0,5.004529544438761,0.8869115106517377,2.0474150879814976
2025-05-21T00:36:36.509232,0.0,0.0,0.0,5.004529544438761,0.8869115106517377,2.0474150879814976
2025-05-21T00:36:36.609234,0.0,0.0,0.0,5.004529544438761,0.8869115106517377,2.0474150879814976
2025-05-21T00:36:36.709260,0.0,0.0,0.0,5.004529544438761,0.8869115106517377,2.0474150879814976
2025-05-21T00:36:36.809189,0.0,0.0,0.0,5.004529544438761,0.8869115106517377,2.0474150879814976
2025-05-21T00:36:36.909250,0.0,0.0,0.0,5.004529544438761,0.8869115106517377,2.0474150879814976
2025-05-21T00:36:37.009284,0.0,0.0,0.0,5.004529544438761,0.8869115106517377,2.0474150879814976
2025-05-21T00:36:37.109241,0.0,0.0,0.0,5.004529544438761,0.8869115106517377,2.0474150879814976
2025-05-21T00:36:37.209219,0.0,0.0,0.0,5.004529544438761,0.8869115106517377,2.0474150879814976
2025-05-21T00:36:37.309212,0.0,0.0,0.0,5.004529544438761,0.8869115106517377,2.0474150879814976
2025-05-21T00:36:37.409198,0.0,0.0,0.0,5.004529544438761,0.8869115106517377,2.0474150879814976
2025-05-21T00:36:37.509309,0.0,0.0,0.0,5.004529544438761,0.8869115106517377,2.0474150879814976
2025-05-21T00:36:37.609234,0.0,0.0,0.0,5.004529544438761,0.8869115106517377,2.0474150879814976
2025-05-21T00:36:37.709212,0.0,0.0,0.0,5.004529544438761,0.8869115106517377,2.0474150879814976
2025-05-21T00:36:37.809258,0.0,0.0,0.0,5.004529544438761,0.8869115106517377,2.0474150879814976
2025-05-21T00:36:37.909507,0.0,0.0,0.0,5.004529544438761,0.8869115106517377,2.0474150879814976
2025-05-21T00:36:38.009243,0.0,0.0,0.0,5.004529544438761,0.8869115106517377,2.0474150879814976
2025-05-21T00:36:38.109388,0.0,0.0,0.0,5.004529544438761,0.8869115106517377,2.0474150879814976
2025-05-21T00:36:38.209498,0.0,0.0,0.0,5.004529544438761,0.8869115106517377,2.0474150879814976
2025-05-21T00:36:38.309236,0.0,0.0,0.0,5.004529544438761,0.8869115106517377,2.0474150879814976
2025-05-21T00:36:38.409203,0.0,0.0,0.0,5.004529544438761,0.8869115106517377,2.0474150879814976
2025-05-21T00:36:38.509203,0.0,0.0,0.0,5.004529544438761,0.8869115106517377,2.0474150879814976
2025-05-21T00:36:38.609257,0.0,0.0,0.0,5.004529544438761,0.8869115106517377,2.0474150879814976
2025-05-21T00:36:38.709637,0.0,0.0,0.0,5.004529544438761,0.8869115106517377,2.0474150879814976
2025-05-21T00:36:38.809351,0.0,0.0,0.0,5.004529544438761,0.8869115106517377,2.0474150879814976
2025-05-21T00:36:38.909182,0.0,0.0,0.0,5.004529544438761,0.8869115106517377,2.0474150879814976
2025-05-21T00:36:39.009247,0.0,0.0,0.0,5.004529544438761,0.8869115106517377,2.0474150879814976
2025-05-21T00:36:39.109197,0.0,0.0,0.0,5.004529544438761,0.8869115106517377,2.0474150879814976
2025-05-21T00:36:39.209249,0.0,0.0,0.0,5.004529544438761,0.8869115106517377,2.0474150879814976
2025-05-21T00:36:39.309231,0.0,0.0,0.0,5.004529544438761,0.8869115106517377,2.0474150879814976
2025-05-21T00:36:39.409354,0.0,0.0,0.0,5.004529544438761,0.8869115106517377,2.0474150879814976
2025-05-21T00:36:39.509656,0.0,0.0,0.0,5.004529544438761,0.8869115106517377,2.0474150879814976
2025-05-21T00:36:39.609209,0.0,0.0,0.0,5.004529544438761,0.8869115106517377,2.0474150879814976
2025-05-21T00:36:39.709201,0.0,0.0,0.0,5.004529544438761,0.8869115106517377,2.0474150879814976
2025-05-21T00:36:39.809205,0.1,0.0,-0.03386810964787656,4.9999542834353035,0.8957912025363464,2.0440319704240917
2025-05-21T00:36:39.909254,0.1,0.0,0.008270720872070035,4.9953997647991315,0.9047046099309635,2.0427404007808203
2025-05-21T00:36:40.009190,0.1,0.0,0.008270720872070035,4.990858346920342,0.9135975928904534,2.0435662711961173
2025-05-21T00:36:40.109193,0.1,0.0,0.008270720872070035,4.986302219498267,0.9225012108246805,2.04439347855522
2025-05-21T00:36:40.209316,0.1,0.0,0.008270720872070035,4.981718987042562,0.9314395375251486,2.045224262929165
2025-05-21T00:36:40.309261,0.1,0.0,0.008270720872070035,4.977137595835859,0.9403560300256713,2.0460533711936186
2025-05-21T00:36:40.409193,0.1,0.0,-0.07428160379944425,4.972589712207426,0.9491893241763123,2.042753936146387
2025-05-21T00:36:40.509201,0.1,0.0,-0.07034038306051203,4.968055273380883,0.9581138038077702,2.0355154218412306
2025-05-21T00:36:40.609246,0.1,0.0,-0.24606414484797942,4.963584901876688,0.9670699627824766,2.019703182473336
2025-05-21T00:36:40.709220,0.1,0.0,-0.19564863507820715,4.959296737713701,0.9761139778787434,1.9976035929460707
2025-05-21T00:36:40.809212,0.1,0.0,-0.2242074790608317,4.955213778839123,0.9852096509724143,1.9766704077821586
2025-05-21T00:36:40.909194,0.1,0.0,-0.18216044818887497,4.951317605501541,0.994418047120978,1.9563511514811331
2025-05-21T00:36:41.009312,0.1,0.0,-0.3455713754206479,4.947593707820529,1.0037146403400858,1.9299224986065766
2025-05-21T00:36:41.109596,0.1,0.0,-0.2674734036502268,4.944150110580262,1.0131349211634262,1.8991419257758606
2025-05-21T00:36:41.209196,0.1,0.0,-0.27363624792417157,4.94100147241768,1.0225828588100707,1.8721959643473003
2025-05-21T00:36:41.309281,0.1,0.0,-0.23797130240607697,4.938099503530194,1.0321480881008673,1.8466240035782657
2025-05-21T00:36:41.409200,0.1,0.0,-0.30196106459714045,4.935418465608982,1.0418412455038701,1.819492430307248
2025-05-21T00:36:41.509700,0.1,0.0,-0.2562991318353846,4.933025081770258,1.051573826677914,1.7915222352743303
2025-05-21T00:36:41.609275,0.1,0.0,-0.33170590394748345,4.930900169115808,1.0613360105761047,1.7621794664464474
2025-05-21T00:36:41.709271,0.1,0.0,-0.39835875159550665,4.929080146481204,1.071164985291157,1.7257386813619053
2025-05-21T00:36:41.810175,0.1,0.0,-0.4743979998316749,4.927626645102915,1.081124213642448,1.681743822114946
2025-05-21T00:36:41.909586,0.1,0.0,-0.3865072795128465,4.926647359198184,1.0909611927074918,1.639246744835433
2025-05-21T00:36:42.009222,0.1,0.0,-0.6590749126456918,4.926060063350143,1.1009390624901196,1.5869677446309396
2025-05-21T00:36:42.109201,0.1,0.0,-0.6590749126456918,4.926062973763958,1.1109291411338418,1.5211167279384572
2025-05-21T00:36:42.209266,0.1,0.0,-0.6590749126456918,4.926724781274522,1.1209158806957482,1.455143145396704
2025-05-21T00:36:42.309240,0.1,0.0,-0.6590749126456918,4.928041043767907,1.1308206247274695,1.3892805006621123
2025-05-21T00:36:42.409229,0.1,0.0,-0.4190100325241319,4.929938647038096,1.1406503160056196,1.3499292927632656
2025-05-21T00:36:42.509267,0.1,0.0,-0.4098450773148831,4.9322645101841704,1.1505178193891237,1.3079207980035228
2025-05-21T00:36:42.609381,0.1,0.0,-0.5211212682780152,4.934929864482322,1.1600372432010528,1.2620176546168713
2025-05-21T00:36:42.709542,0.1,0.0,-0.45679538135061865,4.938095174740202,1.1695310666153096,1.2131014582187012
2025-05-21T00:36:42.809192,0.1,0.0,-0.6265691485195846,4.941683739137668,1.1788091856470606,1.1591640703544905
2025-05-21T00:36:42.909187,0.1,0.0,-0.5379584106058032,4.945825852870789,1.1879058089278938,1.1009542766316767
2025-05-21T00:36:43.009203,0.1,0.0,-0.8237559683738426,4.950492268032571,1.1967964084175886,1.0327371271203223
2025-05-21T00:36:43.109202,0.1,0.0,-0.681888052949049,4.955786058665916,1.2052658562847613,0.9575535255093559
2025-05-21T00:36:43.209267,0.1,0.0,-0.9452327310223695,4.961668440443837,1.2133292916646452,0.8763073502748552
2025-05-21T00:36:43.309273,0.1,0.0,-0.8986217824948061,4.9682795183304105,1.2208938728546477,0.7836660731078302
2025-05-21T00:36:43.409394,0.1,0.0,-0.9430321056231027,4.975504860555551,1.2277782918831521,0.6917580925074724
2025-05-21T00:36:43.509202,0.1,0.0,-1.1665852889356685,4.983348715724149,1.2339695840060594,0.5862633453848315
2025-05-21T00:36:43.609218,0.1,0.0,-1.3520826404841868,4.991804180006401,1.2392377711038534,0.46071569376433175
2025-05-21T00:36:43.709195,0.1,0.0,-1.2232838127049472,5.000893087796833,1.2433725676519372,0.3320611781186496
2025-05-21T00:36:43.809347,0.1,0.0,-1.3240298435151365,5.010447181600845,1.2463431765177126,0.20459719003083832
2025-05-21T00:36:43.909234,0.1,0.0,-1.440347975963844,5.020334836721374,1.2480543502499244,0.06585342258899195
2025-05-21T00:36:44.009190,0.1,0.0,-1.4225269147369344,5.030275563984848,1.248352865591617,-0.07659101338211594
2025-05-21T00:36:44.109207,0.1,0.0,-1.5698892565210796,5.040210017846363,1.2472338517286543,-0.22627554015045256
2025-05-21T00:36:44.209289,0.1,0.0,-1.424167074014456,5.04989328365571,1.2445987952115953,-0.37658835638351906
2025-05-21T00:36:44.309403,0.1,0.0,-1.6099169202105497,5.059019532824016,1.2406097388684398,-0.5277553386299257
2025-05-21T00:36:44.409197,0.1,0.0,-1.4844048281911701,5.067434958037755,1.2352398335980357,-0.6823145900787099
2025-05-21T00:36:44.509189,0.1,0.0,-1.4776058501743103,5.074963598990766,1.228643550759699,-0.8306585212263893
2025-05-21T00:36:44.609215,0.1,0.0,-1.6365972364049197,5.0814216790209406,1.2210262016308597,-0.9862790975057356
2025-05-21T00:36:44.709201,0.1,0.0,-1.4393348626163902,5.086599141371265,1.2124574603189242,-1.1403468179791905
2025-05-21T00:36:44.809278,0.1,0.0,-1.1967650401661742,5.090432457148355,1.203251060805232,-1.271815997723594
2025-05-21T00:36:44.909196,0.1,0.0,-1.227743704547426,5.093087420333397,1.1936238371702292,-1.3929360411292104
2025-05-21T00:36:45.009307,0.1,0.0,-0.9820253199834815,5.094558065561713,1.1836940528239481,-1.5038527986145733
2025-05-21T00:36:45.109292,0.1,0.0,-0.8971641495072235,5.094981007532056,1.1737472580023558,-1.597448308266785
2025-05-21T00:36:45.209222,0.1,0.0,-0.8142451231509805,5.094490330520125,1.163759200276268,-1.6830352209790325
2025-05-21T00:36:45.309228,0.1,0.0,-0.8071681735683222,5.093167042003192,1.1538393222156178,-1.7641841437584576
2025-05-21T00:36:45.409226,0.1,0.0,-0.7529573910712272,5.091048703539232,1.1440714446085363,-1.8421602073616823
2025-05-21T00:36:45.509199,0.1,0.0,-0.6622804490045198,5.088190188008688,1.134498436097428,-1.9128853663625902
2025-05-21T00:36:45.609236,0.1,0.0,-0.5693894237644325,5.084680334516725,1.1251353122149421,-1.9744744048715936
2025-05-21T00:36:45.709238,0.1,0.0,-0.4606481457173572,5.080619995018359,1.1159920599916011,-2.0259998380623876
2025-05-21T00:36:45.809218,0.1,0.0,-0.34427008199595205,5.076119376892697,1.107059605966236,-2.0662440446754955
2025-05-21T00:36:45.909237,0.1,0.0,-0.31995415115222414,5.071289085091269,1.0983024183640708,-2.099460031701441
2025-05-21T00:36:46.009224,0.1,0.0,-0.3645532420263597,5.06617221184111,1.089701343470277,-2.1337229899753747
2025-05-21T00:36:46.109216,0.1,0.0,-0.2914594952498461,5.060772485435823,1.081314321219851,-2.1664329922089416
2025-05-21T00:36:46.209392,0.1,0.0,-0.00038884123731985904,5.0550811995994716,1.07304782087471,-2.181118112184697
2025-05-21T00:36:46.309191,0.1,0.0,-0.2435779660242909,5.049368302194531,1.0648796819791362,-2.1932060359897743
2025-05-21T00:36:46.409247,0.1,0.0,-0.09408422190779751,5.043483463627923,1.0567830709992576,-2.2101062771043587
2025-05-21T00:36:46.509187,0.1,0.0,-0.1804557726168454,5.037505537618323,1.0487818417665218,-2.223821469960398
2025-05-21T00:36:46.609378,0.1,0.0,0.16356615298810384,5.0313621560993775,1.0408261785457906,-2.2246382838874195
2025-05-21T00:36:46.709201,0.1,0.0,0.22184108045017134,5.025343017979944,1.0329046690576318,-2.2054728189008643
2025-05-21T00:36:46.809251,0.1,0.0,0.17564903271611418,5.019451274528967,1.0248090907518788,-2.185571484865772
2025-05-21T00:36:46.909196,0.1,0.0,0.024507359717931273,5.01372145592984,1.0166176995842233,-2.175572654244823
2025-05-21T00:36:47.009190,0.1,0.0,0.0031668179264832115,5.008045621239034,1.0083950399147268,-2.1741903953261907
2025-05-21T00:36:47.109168,0.1,0.0,0.0031668179264832115,5.002371319296447,1.0001596493747558,-2.173873682879396
2025-05-21T00:36:47.209211,0.1,0.0,0.0031668179264832115,4.9966987337221145,0.9919211659235705,-2.1735569206007384
2025-05-21T00:36:47.309220,0.1,0.0,0.27377060223177313,4.99102920401163,0.9836815342249756,-2.159710264994021
2025-05-21T00:36:47.409300,0.1,0.0,0.14828293800661638,4.985525896474477,0.9753193691601113,-2.138595022781923
2025-05-21T00:36:47.509213,0.1,0.0,0.3990499926626922,4.98018615666916,0.9668793743593217,-2.1113590265463635
2025-05-21T00:36:47.609254,0.1,0.0,0.20647744942320576,4.975122806455984,0.958249101645385,-2.081075999878037
2025-05-21T00:36:47.709193,0.1,0.0,0.27926092308930167,4.970289119674147,0.9495078436378233,-2.0568176266729825
2025-05-21T00:36:47.809227,0.1,0.0,0.3528758122644992,4.965673469837519,0.9406209697490918,-2.025160231827485
2025-05-21T00:36:47.909251,0.1,0.0,0.14957669828294048,4.961371673345609,0.9316136337229616,-2.0000330932323815
2025-05-21T00:36:48.009220,0.1,0.0,0.2960654550254204,4.957237575103169,0.9224911227468461,-1.977714446403614
2025-05-21T00:36:48.109228,0.1,0.0,0.2637279221137056,4.953352319778222,0.9132894448928374,-1.9497571661993272
2025-05-21T00:36:48.209229,0.1,0.0,0.33289920240624493,4.949712614845673,0.9039708739568906,-1.9199110035773836
2025-05-21T00:36:48.309242,0.1,0.0,0.31565656574159995,4.946370990988871,0.8945480500654693,-1.8874820359073148
2025-05-21T00:36:48.409221,0.1,0.0,0.21818143844201995,4.943331746274749,0.8850205744855288,-1.8607904608736632
2025-05-21T00:36:48.509222,0.1,0.0,0.2543726264460932,4.940524542725829,0.8754224954319689,-1.8371608525206966
2025-05-21T00:36:48.609335,0.1,0.0,0.2967061489526079,4.937944989484585,0.8657250500177804,-1.8095094827029161
2025-05-21T00:36:48.709197,0.1,0.0,0.22368972629847492,4.935661940968494,0.8560323493888318,-1.7836086544561753
2025-05-21T00:36:48.809200,0.1,0.0,0.13420199321569012,4.9336024281248685,0.8462359590521733,-1.7656763354806488
2025-05-21T00:36:48.909210,0.1,0.0,0.28034968608514615,4.931698758143698,0.8364182402153162,-1.7449337954325255
2025-05-21T00:36:49.009268,0.1,0.0,0.11060165847575297,4.930035655117863,0.8265601330387734,-1.7254008509683525
2025-05-21T00:36:49.109266,0.1,0.0,0.2877502416898458,4.92852257819745,0.8166717927154281,-1.7054637133983712
2025-05-21T00:36:49.209202,0.1,0.0,0.09231755287502084,4.927250629717284,0.8067474438558859,-1.6864738176024925
2025-05-21T00:36:49.309220,0.1,0.0,0.19264704130767638,4.926120630974473,0.7968230241184855,-1.6722437510684798
2025-05-21T00:36:49.409297,0.1,0.0,0.09175425504441835,4.925153346276831,0.7868427831601161,-1.6579942827298622
2025-05-21T00:36:49.509213,0.1,0.0,0.12546395971558597,4.924308115872345,0.7769125091626203,-1.6471665264113289
2025-05-21T00:36:49.609210,0.1,0.0,0.2098909216892286,4.923576064482806,0.7669340442736293,-1.6303952178219467
2025-05-21T00:36:49.709255,0.1,0.0,0.21798711916368949,4.923032665717425,0.7569457430683532,-1.608993899136032
2025-05-21T00:36:49.809352,0.1,0.0,0.05557283983484317,4.922704930987831,0.7469395610058517,-1.5953001539810558
2025-05-21T00:36:49.909197,0.1,0.0,0.10100209562908356,4.922473964306301,0.7369494976256624,-1.587471370028418
2025-05-21T00:36:50.009223,0.1,0.0,0.060344100516300785,4.9223323802770915,0.7269428634564403,-1.5794032157632758
2025-05-21T00:36:50.109252,0.1,0.0,0.18929460304212495,4.9222615028412635,0.7169618756058197,-1.5669278969307268
2025-05-21T00:36:50.209232,0.1,0.0,0.22800044180153908,4.9223476361472445,0.7069528075090177,-1.54604364577383
2025-05-21T00:36:50.309212,0.1,0.0,0.13896743312953316,4.922651867400022,0.6969643354205766,-1.5276973319641962
2025-05-21T00:36:50.409213,0.1,0.0,-0.03739692918680592,4.923117957091695,0.6869646759743928,-1.5226277320966053
2025-05-21T00:36:50.509207,0.1,0.0,0.07814151331464902,4.923589538219416,0.6769883464445249,-1.5205947489382972
2025-05-21T00:36:50.609267,0.1,0.0,0.07460249745419477,4.924112037716784,0.6669800704766919,-1.5129404368199477
2025-05-21T00:36:50.709199,0.1,0.0,0.19951760541656147,4.924707472103731,0.6570209127190123,-1.4993152411521102
2025-05-21T00:36:50.809258,0.1,0.0,0.12904045376263437,4.9254714378675875,0.6470498898334214,-1.4828800563694995
2025-05-21T00:36:50.909196,0.1,0.0,0.24213734668082407,4.926383267483756,0.6370737740941811,-1.464292250582133
2025-05-21T00:36:51.009256,0.1,0.0,0.10796109485618376,4.9275064114313905,0.6271375276791256,-1.4468077758584608
2025-05-21T00:36:51.109202,0.1,0.0,0.0732488923514829,4.928769258400647,0.6172226087981828,-1.4377487649487162
2025-05-21T00:36:51.209230,0.1,0.0,-0.02208474037348473,4.9301139372961345,0.6073136002249853,-1.4351855277490024
2025-05-21T00:36:51.309281,0.1,0.0,0.02901834785748125,4.931458537211062,0.5974185928790056,-1.4348405102924502
2025-05-21T00:36:51.409400,0.1,0.0,0.02901834785748125,4.9328255902425235,0.5874793712993275,-1.4319291583998557
2025-05-21T00:36:51.509251,0.1,0.0,0.02901834785748125,4.934216031963756,0.5775834074676817,-1.4290293050763065
2025-05-21T00:36:51.609235,0.1,0.0,0.019637611338416683,4.935633810317405,0.5677009092274773,-1.4266018589852378
2025-05-21T00:36:51.709200,0.1,0.0,0.003733721127110456,4.93707303663891,0.5578230764206916,-1.425432515558282
2025-05-21T00:36:51.809239,0.1,0.0,0.003733721127110456,4.938529343565631,0.547881886349265,-1.4250573776676905
2025-05-21T00:36:51.909242,0.1,0.0,0.003733721127110456,4.939978469660406,0.538015476174938,-1.4246850412002636
2025-05-21T00:36:52.009179,0.1,0.0,0.003733721127110456,4.941434505044803,0.5281276465932395,-1.4243118759673568
2025-05-21T00:36:52.109252,0.1,0.0,0.003733721127110456,4.942894010605332,0.5182418469516328,-1.4239387668163246
2025-05-21T00:36:52.209480,0.1,0.0,0.003733721127110456,4.944367981047658,0.5082838341646317,-1.423562911433813
2025-05-21T00:36:52.309505,0.1,0.0,0.12150687639518319,4.945827157790254,0.4984512022365238,-1.4173084226606911
2025-05-21T00:36:52.409208,0.1,0.0,0.043989581159569184,4.947387892491747,0.48856188051528554,-1.4090211264177854
2025-05-21T00:36:52.509207,0.1,0.0,0.23800579216636472,4.949006501383759,0.4787120503035603,-1.3949308833040441
2025-05-21T00:36:52.609260,0.1,0.0,0.09699947802598084,4.950824939970047,0.46882277246046505,-1.3780718269752064
2025-05-21T00:36:52.709238,0.1,0.0,0.17090523051191298,4.952758354402457,0.4590411443847116,-1.3646969422603183
2025-05-21T00:36:52.809308,0.1,0.0,0.10106314794504188,4.954842350705135,0.44928106731801254,-1.3511307984897498
2025-05-21T00:36:52.909230,0.1,0.0,-0.020362830367313123,4.957047592488,0.4395200840150562,-1.3470974791995765
2025-05-21T00:36:53.009373,0.1,0.0,0.048325540409774874,4.959260530309253,0.42977022355127475,-1.3456870023154874
2025-05-21T00:36:53.109232,0.1,0.0,0.048325540409774874,4.961509824889924,0.42000194964378484,-1.340842896611394
2025-05-21T00:36:53.209223,0.1,0.0,-0.08189081067758064,4.963792592171443,0.4103030831255516,-1.3425287297610053
2025-05-21T00:36:53.309213,0.1,0.0,-0.08189081067758064,4.966036963380122,0.40055167194803826,-1.350723035528961
2025-05-21T00:36:53.409212,0.1,0.0,-0.04728016803565271,4.968203152562557,0.3907740000111614,-1.3571928416798544
2025-05-21T00:36:53.509259,0.1,0.0,-0.19043728124257694,4.970314399171017,0.38098491292512227,-1.369105342616715
2025-05-21T00:36:53.609225,0.1,0.0,-0.10156206182371007,4.9722653436872,0.3712072396110469,-1.3836499395890445
2025-05-21T00:36:53.709201,0.1,0.0,-0.2644196597221437,4.974103087498112,0.3613655435345339,-1.4019341735456126
2025-05-21T00:36:53.809271,0.1,0.0,-0.3985438103783023,4.9757198475031075,0.3514882516672523,-1.4351218164190416
2025-05-21T00:36:53.909200,0.1,0.0,-0.19727528841779748,4.976973718259624,0.34156653347749927,-1.4649584760409393
2025-05-21T00:36:54.009300,0.1,0.0,-0.1535968162016399,4.9779802708192395,0.33162566975136143,-1.482477413391705
2025-05-21T00:36:54.109229,0.1,0.0,-0.2968398810741712,4.978823283110483,0.32167089715801817,-1.5049633728388936
2025-05-21T00:36:54.209213,0.1,0.0,-0.2426350612936767,4.979408333194821,0.3116631643923138,-1.5320017308707177
2025-05-21T00:36:54.309197,0.1,0.0,-0.2674927628691703,4.979735149624472,0.30168401591250354,-1.5574615771749836
2025-05-21T00:36:54.409203,0.1,0.0,-0.41802603945732203,4.979801622495276,0.29170261315328394,-1.5916698223095607
2025-05-21T00:36:54.509251,0.1,0.0,-0.35930704692873844,4.9794879561579,0.28169624005870436,-1.6305925950119036
2025-05-21T00:36:54.609317,0.1,0.0,-0.3695987153707491,4.978800443074848,0.2717165173949381,-1.667050990704193
2025-05-21T00:36:54.709235,0.1,0.0,-0.20411662984139764,4.9777428251388,0.26173184453099313,-1.6959716527315
2025-05-21T00:36:54.809198,0.1,0.0,-0.32314501219397496,4.976447975203498,0.25184778809172187,-1.7222838258605468
2025-05-21T00:36:54.909188,0.1,0.0,-0.3083028015860245,4.974862459419283,0.24199482995236496,-1.7537918352694188
2025-05-21T00:36:55.009212,0.1,0.0,-0.22878827766788398,4.972963248202424,0.23215762943590915,-1.7807144666611991
2025-05-21T00:36:55.109239,0.1,0.0,-0.06539424338977805,4.970827354494453,0.2224061683409539,-1.7954247254924676
2025-05-21T00:36:55.209225,0.1,0.0,-0.3422684060201586,4.968581403570738,0.21264995087546723,-1.8158005200345797
2025-05-21T00:36:55.309255,0.1,0.0,-0.29709999346180455,4.966076919231393,0.20298477462619285,-1.8477189619839651
2025-05-21T00:36:55.409644,0.1,0.0,-0.14892715969510026,4.9632651396647365,0.193364892346342,-1.8700633919016068
2025-05-21T00:36:55.509278,0.1,0.0,-0.3077936739852305,4.960284038500397,0.18382873031440392,-1.8927055098798242
2025-05-21T00:36:55.609193,0.1,0.0,-0.27131093033066817,4.957048226641857,0.1743695179728945,-1.9216528424193953
2025-05-21T00:36:55.709278,0.1,0.0,-0.30460226222386755,4.953546907123449,0.16500047930558512,-1.9504545105927713
2025-05-21T00:36:55.809220,0.1,0.0,-0.20283429105510284,4.949751570189119,0.15569622467133676,-1.9759778355871727
2025-05-21T00:36:55.909234,0.1,0.0,-0.16874471396310486,4.945784814222929,0.14657512391169022,-1.9944664556881766
2025-05-21T00:36:56.009245,0.1,0.0,-0.20744393939906566,4.941619003810586,0.13744133457170485,-2.0133371812766097
2025-05-21T00:36:56.109245,0.1,0.0,-0.07993189176990878,4.937310055713813,0.12846856926107644,-2.027659636284151
2025-05-21T00:36:56.209441,0.1,0.0,-0.21949589134782063,4.9328584192161635,0.11945796514627151,-2.0426718874486256
2025-05-21T00:36:56.309302,0.1,0.0,-0.10733486562787496,4.928276350282265,0.11059936424402494,-2.05894972777702
2025-05-21T00:36:56.409249,0.1,0.0,-0.17207158331215663,4.92355024025173,0.10175679383873588,-2.0729771099225696
2025-05-21T00:36:56.509272,0.1,0.0,-0.11397856911158576,4.918703432170836,0.09301978408326984,-2.087240540658917
2025-05-21T00:36:56.609234,0.1,0.0,-0.04153213141537382,4.913748076468198,0.08435079591676967,-2.095024403653467
2025-05-21T00:36:56.709262,0.1,0.0,-0.1532943604359982,4.90874179466086,0.0757129225767674,-2.1046804059546513
2025-05-21T00:36:56.809275,0.1,0.0,-0.2051644605891045,4.903623102261763,0.06712921449760781,-2.1225748366136283
2025-05-21T00:36:56.909218,0.1,0.0,-0.10744791773465322,4.8983343541791315,0.05863533408896341,-2.1382457218151503
2025-05-21T00:36:57.009807,0.1,0.0,-0.17352475570097334,4.892921513275673,0.05019321151638933,-2.152342648695204
2025-05-21T00:36:57.109226,0.1,0.0,-0.13140561256273828,4.887362158729035,0.041816197633238135,-2.167700743851401
2025-05-21T00:36:57.209239,0.1,0.0,-0.010459799699620298,4.8817273480475425,0.033583020414585454,-2.1746900844442174
2025-05-21T00:36:57.309197,0.1,0.0,-0.061822461790508314,4.876084403047918,0.025407822147297036,-2.1782832298475894
2025-05-21T00:36:57.409199,0.1,0.0,0.09454512491588128,4.870360790449819,0.017201698653109828,-2.1767081428896202
2025-05-21T00:36:57.509224,0.1,0.0,0.08681951514816875,4.86468681873219,0.008970922165028433,-2.1676360786258644
2025-05-21T00:36:57.609255,0.1,0.0,-0.11374315815945389,4.859083899188714,0.0006867446124667696,-2.168825414653436
2025-05-21T00:36:57.709218,0.1,0.0,0.08020413691469663,4.853425808773585,-0.007568156049004395,-2.170494582100703
2025-05-21T00:36:57.809380,0.1,0.0,0.029165062626956836,4.847776181655144,-0.01586735045996132,-2.1650191860340735
2025-05-21T00:36:57.909535,0.1,0.0,-0.15718548773908658,4.842209434474718,-0.024118876640718726,-2.1713798050119433
2025-05-21T00:36:58.009413,0.1,0.0,-0.16263184193303193,4.836517310158244,-0.032358880410799484,-2.1873952948714175
2025-05-21T00:36:58.109356,0.1,0.0,-0.04663926789462813,4.830699190756141,-0.0404970718750186,-2.1978448625853413
2025-05-21T00:36:58.209338,0.1,0.0,-0.04422109364629056,4.824833321207613,-0.048572557638764224,-2.2023812608070106
2025-05-21T00:36:58.309266,0.1,0.0,-0.22925617238449544,4.818922339753531,-0.05663398207088571,-2.21596560875136
2025-05-21T00:36:58.409454,0.1,0.0,0.1020818823147973,4.812866252900522,-0.06458556980569831,-2.222599446043166
2025-05-21T00:36:58.509222,0.1,0.0,0.03528745392716192,4.806809244396339,-0.0725656508404775,-2.215724242612806
2025-05-21T00:36:58.609343,0.1,0.0,0.14828477603593845,4.800797003387119,-0.0805729023530643,-2.2065102564959664
2025-05-21T00:36:58.709419,0.1,0.0,-0.08753398242391962,4.794900749095501,-0.08862565069404947,-2.2034341691570147
2025-05-21T00:36:58.809222,0.1,0.0,-0.030062372435797343,4.78897769640915,-0.09666750117037327,-2.2093079058669582
2025-05-21T00:36:58.909209,0.1,0.0,0.11043905873729275,4.783015548445918,-0.10468762651742626,-2.2052888940786994
2025-05-21T00:36:59.009227,0.1,0.0,0.11043905873729275,4.777081013341186,-0.11279769170997253,-2.1941903098246303
2025-05-21T00:36:59.109232,0.1,0.0,-0.11185966261847645,4.771284819756811,-0.1209056283245004,-2.1942272894468053
2025-05-21T00:36:59.209186,0.1,0.0,-0.09610707784268867,4.765429143942073,-0.12900086062058796,-2.204616514272855
2025-05-21T00:36:59.309228,0.1,0.0,-0.11004969238527006,4.7594818238226795,-0.13705200147271007,-2.2149332547349476
2025-05-21T00:36:59.409349,0.1,0.0,0.14211037586666417,4.753423812431202,-0.1450723763376587,-2.21323718376187
2025-05-21T00:36:59.509563,0.1,0.0,0.029780730927631,4.747457255591244,-0.1531047460295015,-2.204682813918401
2025-05-21T00:36:59.609211,0.1,0.0,-0.038709969958432566,4.741584650342456,-0.1611061517940883,-2.205150643800781
2025-05-21T00:36:59.709218,0.1,0.0,-0.038709969958432566,4.7356488035386715,-0.16915695996810887,-2.2090226061684373
2025-05-21T00:36:59.809346,0.1,0.0,-0.038709969958432566,4.729648988193793,-0.17722881764047124,-2.2129158510160294
2025-05-21T00:36:59.909247,0.1,0.0,0.08386234011932503,4.723676558737219,-0.18519899168773338,-2.2106336288174013
2025-05-21T00:37:00.009283,0.1,0.0,0.06803115826845783,4.71773317762837,-0.1932192752277506,-2.2030506347700842
2025-05-21T00:37:00.109190,0.1,0.0,0.051599740718608615,4.71183661326594,-0.20129717470794306,-2.197066777920824
2025-05-21T00:37:00.209385,0.1,0.0,0.03202516332365012,4.705981492860797,-0.2094129052213146,-2.192883487086257
2025-05-21T00:37:00.309414,0.1,0.0,0.016343767904818392,4.700157549246552,-0.21754858089891577,-2.1904564005705884
2025-05-21T00:37:00.409225,0.1,0.0,0.10499262686685994,4.694361194546587,-0.22568061486672447,-2.1843944958223918
2025-05-21T00:37:00.509216,0.1,0.0,-0.00036504434049788864,4.688624161036892,-0.23387206600604538,-2.1791609891618737
2025-05-21T00:37:00.609196,0.1,0.0,0.017103603055845792,4.682898009157772,-0.2420933773745405,-2.178335509499194
2025-05-21T00:37:00.709297,0.1,0.0,0.017103603055845792,4.677200202851748,-0.25029603909374676,-2.176627299834157
2025-05-21T00:37:00.809231,0.1,0.0,0.017103603055845792,4.671509243543185,-0.2585187957362453,-2.1749169330040656
2025-05-21T00:37:00.909256,0.1,0.0,-0.1643231715666582,4.665837361218242,-0.2667440095940927,-2.1822705809213714
2025-05-21T00:37:01.009353,0.1,0.0,0.07152674138448221,4.660027030794923,-0.2749588261995807,-2.1868887818106195
2025-05-21T00:37:01.109692,0.1,0.0,0.13327892803619343,4.654294081761539,-0.2830865235759594,-2.176714750020026
2025-05-21T00:37:01.209199,0.1,0.0,-0.06231483122682845,4.648629364671711,-0.2913208038636783,-2.173152789615674
2025-05-21T00:37:01.309203,0.1,0.0,-0.16703706586930878,4.6429458991390975,-0.29955889708859645,-2.184635430376371
2025-05-21T00:37:01.409239,0.1,0.0,-0.13904565962426838,4.637140072793195,-0.3077254328710384,-2.1999801118627684
2025-05-21T00:37:01.509308,0.1,0.0,-0.11364012294152735,4.6312327892761065,-0.3157823769271839,-2.2126012155269894
2025-05-21T00:37:01.609200,0.1,0.0,-0.11018915350851753,4.625226584242378,-0.32377160294304297,-2.2237870419040164
2025-05-21T00:37:01.709210,0.1,0.0,-0.11325811077916635,4.619129402520954,-0.331697124488892,-2.234959130988099
2025-05-21T00:37:01.809407,0.1,0.0,0.057702270721322606,4.612916739448119,-0.3395872946973285,-2.237696752442905
2025-05-21T00:37:01.909293,0.1,0.0,-0.041810626853562294,4.606768094799279,-0.34742098799574145,-2.236932914191621
2025-05-21T00:37:02.009190,0.1,0.0,-0.14352205462790033,4.60058876352842,-0.35526601380891426,-2.246196607629565
2025-05-21T00:37:02.109195,0.1,0.0,0.1916528554486829,4.5943054257375495,-0.36305212929213576,-2.243786923935201
2025-05-21T00:37:02.209242,0.1,0.0,0.18140362282658137,4.588097563676112,-0.37091702179432917,-2.225091195678578
2025-05-21T00:37:02.309295,0.1,0.0,0.1461263618474273,4.5820397494866745,-0.3788897576837373,-2.2087034025369445
2025-05-21T00:37:02.409207,0.1,0.0,-0.09257650226135893,4.576129490230421,-0.3869236549081687,-2.206091495738307
2025-05-21T00:37:02.509227,0.1,0.0,-0.007898241888830702,4.570179125486825,-0.39495564206122075,-2.2111147521682124
2025-05-21T00:37:02.609264,0.1,0.0,-0.2241990337608479,4.564189258271395,-0.40299199252247786,-2.2227953258217985
2025-05-21T00:37:02.709218,0.1,0.0,-0.1442080592242023,4.558088806088363,-0.41089151519912814,-2.2411744835201346
2025-05-21T00:37:02.809227,0.1,0.0,-0.04706605189238155,4.551857535020602,-0.4186928018008876,-2.2507273193207715
2025-05-21T00:37:02.909192,0.1,0.0,0.004709907769187005,4.545558886540571,-0.4264641557848618,-2.2528503729997924
2025-05-21T00:37:03.009289,0.1,0.0,0.05596557447846039,4.539222877428489,-0.4342683923906335,-2.2498134725622583
2025-05-21T00:37:03.109340,0.1,0.0,0.013524632432291293,4.532987340743688,-0.4420168863738101,-2.2463619728677156
2025-05-21T00:37:03.209189,0.1,0.0,0.13648641907616496,4.5267393833842124,-0.44981904492748387,-2.238866105407349
2025-05-21T00:37:03.309238,0.1,0.0,0.12856278187090672,4.520569273701475,-0.45769316941527205,-2.225608848838447
2025-05-21T00:37:03.409296,0.1,0.0,0.09865166010589731,4.514470778997815,-0.46568908506040935,-2.21419159966121
2025-05-21T00:37:03.509756,0.1,0.0,0.1376751390912245,4.508510253471697,-0.47367905327366294,-2.202397662407558
2025-05-21T00:37:03.609603,0.1,0.0,-0.005991146653656631,4.502550247357635,-0.4818858511525735,-2.195533474627824
2025-05-21T00:37:03.709272,0.1,0.0,0.08495307321560341,4.496792716828276,-0.4898679104114581,-2.1916650251854652
2025-05-21T00:37:03.809367,0.1,0.0,0.0265421396127774,4.490971423650662,-0.4980438291305772,-2.1860292455271138
2025-05-21T00:37:03.909550,0.1,0.0,0.024188942418361666,4.485225565284261,-0.506185369487692,-2.1834998251181257
2025-05-21T00:37:04.009272,0.1,0.0,0.09419996587588296,4.479472096493752,-0.5143806526121503,-2.177611597601822
2025-05-21T00:37:04.109262,0.1,0.0,-0.019964397033223058,4.473760336617614,-0.522650328413507,-2.173907808276378
2025-05-21T00:37:04.209906,0.1,0.0,-0.1179916465510633,4.468036106346212,-0.5309528548057878,-2.180954891589717
2025-05-21T00:37:04.309216,0.1,0.0,0.09937752077815441,4.462335260451909,-0.5390562411525734,-2.181710792445783
2025-05-21T00:37:04.409247,0.1,0.0,0.1314065442753742,4.456645554616129,-0.5472240455454161,-2.1702127923716263
2025-05-21T00:37:04.510369,0.1,0.0,-0.02816705452668433,4.45072237808991,-0.5559574349060148,-2.165219068802323
2025-05-21T00:37:04.609265,0.1,0.0,0.04616177298018886,4.445229960884463,-0.5640704824473883,-2.1643764193734545
2025-05-21T00:37:04.709627,0.1,0.0,-0.09564504788498683,4.439779514329034,-0.5721677893443806,-2.167102337203793
2025-05-21T00:37:04.809309,0.1,0.0,-0.09564504788498683,4.433933931386828,-0.5807346447322973,-2.1770219070478047
2025-05-21T00:37:04.909237,0.1,0.0,-0.0354224869057651,4.428507344458355,-0.5885238554246341,-2.1831761086308807
2025-05-21T00:37:05.009277,0.1,0.0,-0.0930915646677599,4.422718172700953,-0.5967494690089811,-2.189648935133133
2025-05-21T00:37:05.109209,0.1,0.0,-0.03723029786567799,4.416932084525172,-0.6048343088604587,-2.1961208822216434
2025-05-21T00:37:05.209234,0.1,0.0,0.019586392074217862,4.411069965617048,-0.6129379293043954,-2.197028446841763
2025-05-21T00:37:05.309203,0.1,0.0,0.019282270071006025,4.405210384113977,-0.6210468010526233,-2.195084116341561
2025-05-21T00:37:05.409200,0.1,0.0,0.019282270071006025,4.3993686892023955,-0.6291639860267254,-2.193155753255818
2025-05-21T00:37:05.509219,0.1,0.0,-0.19284290492326936,4.393545017703262,-0.637289125418308,-2.2017854641414525
2025-05-21T00:37:05.609188,0.1,0.0,-0.12298460872179005,4.387603519140025,-0.6453393286503769,-2.217589364900949
2025-05-21T00:37:05.709255,0.1,0.0,0.07311248633173005,4.381554481345548,-0.6532986497519863,-2.220093522734906
2025-05-21T00:37:05.809264,0.1,0.0,0.06763877832626218,4.37552305646064,-0.6612744133167674,-2.213055541329236
2025-05-21T00:37:05.909237,0.1,0.0,-0.1047289877643953,4.3695488482106235,-0.6692888753689665,-2.2148853177477257
2025-05-21T00:37:06.009223,0.1,0.0,0.2152467819528003,4.363518932000288,-0.6772752595537092,-2.2093801219622673
2025-05-21T00:37:06.109191,0.1,0.0,0.15714732608076432,4.357600355411606,-0.6853383916741131,-2.1907571227189213
2025-05-21T00:37:06.209213,0.1,0.0,0.06668542861516523,4.351815571231129,-0.6935098135406258,-2.1795510428903158
2025-05-21T00:37:06.309200,0.1,0.0,-0.013136660817960609,4.346121035648757,-0.7017081414954713,-2.1768433269293253
2025-05-21T00:37:06.409191,0.1,0.0,-0.07839339923986,4.340425076617649,-0.7099210536357541,-2.1814164200631905
2025-05-21T00:37:06.509220,0.1,0.0,-0.12870227852626923,4.334674535460698,-0.7181037748681675,-2.191764881372995
2025-05-21T00:37:06.609273,0.1,0.0,0.13915247235123604,4.328795195660749,-0.7262663871804106,-2.1912201938614277
2025-05-21T00:37:06.709230,0.1,0.0,0.13173020693382217,4.323042868240437,-0.7343758270464043,-2.1777551872537657
2025-05-21T00:37:06.809186,0.1,0.0,-0.041945517631649665,4.317364311117868,-0.742611230020095,-2.173250968370346
2025-05-21T00:37:06.909198,0.1,0.0,-0.13848501731990034,4.311695507047371,-0.7508353461061695,-2.1822521138507716
2025-05-21T00:37:07.009256,0.1,0.0,-0.07894681443803453,4.305883549731794,-0.7590640492308752,-2.1931976808718145
2025-05-21T00:37:07.109218,0.1,0.0,-0.058911383406892164,4.300071121409084,-0.7671310697855912,-2.2000455807170467
2025-05-21T00:37:07.209429,0.1,0.0,0.11167123936761668,4.294159651902072,-0.7752264603788239,-2.197374652430613
2025-05-21T00:37:07.309237,0.1,0.0,-0.11335176995077133,4.288324073134416,-0.7833354287445339,-2.197499533841634
2025-05-21T00:37:07.409312,0.1,0.0,-0.18299709372166625,4.282445908521434,-0.791405409387272,-2.2122956988433655
2025-05-21T00:37:07.509288,0.1,0.0,-0.076843225515979,4.276395027527669,-0.7994297669060394,-2.22532835014057
2025-05-21T00:37:07.609202,0.1,0.0,-0.020814687958425893,4.270312371835897,-0.8073249437555988,-2.2301752610784376
2025-05-21T00:37:07.709234,0.1,0.0,-0.0061009149800672615,4.26419274082212,-0.8152116545257677,-2.231518221776073
2025-05-21T00:37:07.809361,0.1,0.0,-0.0061009149800672615,4.258027740340901,-0.8231408335479011,-2.2321309891037755
2025-05-21T00:37:07.909217,0.1,0.0,-0.0061009149800672615,4.251909211340355,-0.8310003200148555,-2.23273865961301
2025-05-21T00:37:08.009252,0.1,0.0,0.06255702658854555,4.245758595657544,-0.8388911150746514,-2.229911349970988
2025-05-21T00:37:08.109267,0.1,0.0,0.06255702658854555,4.239649146051288,-0.8468029692250801,-2.2236580545539764
2025-05-21T00:37:08.209302,0.1,0.0,-0.09043632909838671,4.233585843641957,-0.8547574097963483,-2.225047426211906
2025-05-21T00:37:08.309241,0.1,0.0,-0.32185811377492435,4.227481223293432,-0.8626800179191554,-2.2456568609686385
2025-05-21T00:37:08.409193,0.1,0.0,-0.2327064738976858,4.221179252283992,-0.87042710619657,-2.2733548725749655
2025-05-21T00:37:08.509253,0.1,0.0,-0.27943570304607585,4.214668981354646,-0.8780262076487111,-2.298977625527828
2025-05-21T00:37:08.609218,0.1,0.0,-0.23009058274365388,4.2079590751797875,-0.8854464386639486,-2.324467244687455
2025-05-21T00:37:08.709256,0.1,0.0,-0.1675859813308156,4.201078077429542,-0.8926945689345086,-2.344343178990179
2025-05-21T00:37:08.809220,0.1,0.0,-0.265496866525372,4.1940695249721776,-0.8998114153303067,-2.3659708854684673
2025-05-21T00:37:08.909205,0.1,0.0,-0.16615442607080144,4.186872897076611,-0.9067754546887872,-2.3876006880312537
2025-05-21T00:37:09.009272,0.1,0.0,-0.23296140332639267,4.17954887990202,-0.9135962217375537,-2.4075774616420844
2025-05-21T00:37:09.109197,0.1,0.0,-0.3266317066974289,4.172079530831579,-0.9202563224460927,-2.435590944156668
2025-05-21T00:37:09.209268,0.1,0.0,-0.3793885210740399,4.164430247762153,-0.9266711559398895,-2.470840827649229
2025-05-21T00:37:09.309217,0.1,0.0,-0.27267512527348264,4.156547901105578,-0.9328048462342099,-2.503401426504978
2025-05-21T00:37:09.409274,0.1,0.0,-0.45182625936625026,4.148467203250522,-0.9387135379086236,-2.5396690647982263
2025-05-21T00:37:09.509273,0.1,0.0,-0.24027866400798234,4.140153929597393,-0.9442871724184162,-2.57430629439854
2025-05-21T00:37:09.609265,0.1,0.0,-0.20909596276349693,4.131698046471368,-0.9496037482901725,-2.596750344401493
2025-05-21T00:37:09.709244,0.1,0.0,-0.25402229516958247,4.123111699297705,-0.9547461131967764,-2.6199241890726626
2025-05-21T00:37:09.809250,0.1,0.0,-0.2781981837038127,4.114421660065507,-0.9596679090198701,-2.6465018465646293
2025-05-21T00:37:09.909337,0.1,0.0,-0.2518948599079173,4.1055929034902645,-0.9643559716921756,-2.6730001787407045
2025-05-21T00:37:10.009217,0.1,0.0,-0.22493889113526674,4.096635521430574,-0.9688194725821988,-2.6968628453605796
2025-05-21T00:37:10.109218,0.1,0.0,-0.10468374698620496,4.087594566158188,-0.9730659820797881,-2.713330890915594
2025-05-21T00:37:10.209203,0.1,0.0,-0.33255990742780295,4.078453268356006,-0.9772101755985175,-2.735298844804664
2025-05-21T00:37:10.309230,0.1,0.0,-0.310579367830619,4.069260276805285,-0.9810752822843857,-2.7673662589896932
2025-05-21T00:37:10.409219,0.1,0.0,-0.1811406447953456,4.0599271712309974,-0.9846573368211878,-2.791961996346706
2025-05-21T00:37:10.509228,0.1,0.0,-0.18701442238493235,4.05052295751527,-0.9880380687805937,-2.810357935966164
2025-05-21T00:37:10.609312,0.1,0.0,-0.16323387431566472,4.041031379871546,-0.9912526196147061,-2.827910854743553
2025-05-21T00:37:10.709225,0.1,0.0,-0.11594895512553992,4.031512580795488,-0.9942975956141432,-2.841887382792634
2025-05-21T00:37:10.809230,0.1,0.0,-0.013230533288348665,4.021913547991473,-0.9972332552323859,-2.8483488748882677
2025-05-21T00:37:10.909213,0.1,0.0,-0.11885563667126008,4.0123798732208025,-1.000108511516074,-2.8549532379346396
2025-05-21T00:37:11.009260,0.1,0.0,-0.097903096414218,4.002782962378678,-1.0029063085909167,-2.865788548889095
2025-05-21T00:37:11.109232,0.1,0.0,-0.004064054093881885,3.993154390664332,-1.0056059210093504,-2.870896339070362
2025-05-21T00:37:11.209217,0.1,0.0,0.17341182534521324,3.983509525475493,-1.0082813912515969,-2.8624198072032785
2025-05-21T00:37:11.309257,0.1,0.0,0.11650696849909047,3.973922358311998,-1.0110746098591123,-2.8479383583312012
2025-05-21T00:37:11.409288,0.1,0.0,0.1686387390282751,3.964309337938607,-1.0140123023499692,-2.833595082635253
2025-05-21T00:37:11.509390,0.1,0.0,0.1753715664151678,3.9548304598129427,-1.0170716229042727,-2.816460646043115
2025-05-21T00:37:11.609339,0.1,0.0,-0.10645374138841478,3.9453569470390266,-1.02031147441202,-2.813030138982954
2025-05-21T00:37:11.709211,0.1,0.0,0.13427679927328515,3.935910085862298,-1.023504135856818,-2.811719529669625
2025-05-21T00:37:11.809191,0.1,0.0,0.27343328275031936,3.926419261528653,-1.026789424534162,-2.7912426362270977
2025-05-21T00:37:11.909214,0.1,0.0,0.2980022692900141,3.917082349087355,-1.0302736485435797,-2.762775937087023
2025-05-21T00:37:12.009211,0.1,0.0,0.25809510062727353,3.907826309111339,-1.034037997185826,-2.734990426508048
2025-05-21T00:37:12.109252,0.1,0.0,0.2333251510180667,3.8986535842408476,-1.0380582135266057,-2.710380775656714
2025-05-21T00:37:12.209308,0.1,0.0,0.2177267321137166,3.8895600138158235,-1.042306731522421,-2.6877314665173246
2025-05-21T00:37:12.309258,0.1,0.0,0.21768304092831145,3.8806235895010452,-1.0467263487989051,-2.6660268676457806
2025-05-21T00:37:12.409427,0.1,0.0,0.13332106188083778,3.8717670370887705,-1.0513484576896106,-2.648498598510616
2025-05-21T00:37:12.509193,0.1,0.0,0.22361998696698746,3.862979112862829,-1.0561086112216485,-2.6306651685980653
2025-05-21T00:37:12.609236,0.1,0.0,0.2796153199164441,3.85423971702093,-1.0610724568878713,-2.6053641669239265
2025-05-21T00:37:12.709478,0.1,0.0,0.2767289662316363,3.8457058961138544,-1.0662250365263437,-2.577634384566934
2025-05-21T00:37:12.809604,0.1,0.0,-0.027234779492333324,3.8370966223163614,-1.0717558709035653,-2.565251415956065
2025-05-21T00:37:12.909271,0.1,0.0,0.09444134664585489,3.828862887675704,-1.0770995843045932,-2.5617628292278445
2025-05-21T00:37:13.010892,0.1,0.0,0.09444134664585489,3.8201318115391536,-1.0828486261228782,-2.551890033078325
2025-05-21T00:37:13.109292,0.1,0.0,0.23115607926037726,3.8121532011340933,-1.0882135603250702,-2.53608213358792
2025-05-21T00:37:13.209250,0.1,0.0,0.1393675913008274,3.804027081521127,-1.0939081256843064,-2.5177327431287537
2025-05-21T00:37:13.309334,0.1,0.0,0.08923817391451204,3.795972811653217,-1.0997476913148079,-2.5063723640640045
2025-05-21T00:37:13.409233,0.1,0.0,0.10969067963543687,3.7878852668046497,-1.1057374108759865,-2.4963831209632805
2025-05-21T00:37:13.509255,0.1,0.0,0.10957751418787741,3.779957483237171,-1.111738369821612,-2.485482277245132
2025-05-21T00:37:13.609220,0.1,0.0,0.09916464890436848,3.772042255529192,-1.117866878337625,-2.4750325132920317
2025-05-21T00:37:13.709265,0.1,0.0,0.08897732193823059,3.7638241183951173,-1.1243664125265984,-2.4651981589103538
2025-05-21T00:37:13.809312,0.1,0.0,0.07058421358173027,3.7564121890429116,-1.1303418761131883,-2.457645292420714
2025-05-21T00:37:13.909218,0.1,0.0,0.2033903545544535,3.7486633234138313,-1.1366814895209703,-2.444499608257359
2025-05-21T00:37:14.009209,0.1,0.0,0.2164937509848119,3.7410340919946345,-1.1431359116659614,-2.423516382645787
2025-05-21T00:37:14.109201,0.1,0.0,0.22568781249765021,3.7335553117223466,-1.1497414561692159,-2.401453912217722
2025-05-21T00:37:14.209188,0.1,0.0,0.1605532468407267,3.726198007452138,-1.156537865052821,-2.3821018406117482
2025-05-21T00:37:14.309197,0.1,0.0,0.18806540706937988,3.718963518560397,-1.1634623878009829,-2.3646620784520485
2025-05-21T00:37:14.409193,0.1,0.0,0.06362006969253374,3.711860514318769,-1.170512141605867,-2.3521081060000024
2025-05-21T00:37:14.509219,0.1,0.0,0.1611675162408721,3.704852394264606,-1.1776002121978268,-2.3408862204016923
2025-05-21T00:37:14.609307,0.1,0.0,0.15230242089694812,3.6978969533718735,-1.184830180879562,-2.325164525310883
2025-05-21T00:37:14.709215,0.1,0.0,0.15812039145072898,3.6910927941885006,-1.192125598176474,-2.3096837115011164
2025-05-21T00:37:14.809236,0.1,0.0,0.08697442598568193,3.6843987208409437,-1.1995317313262996,-2.2974593332248996
2025-05-21T00:37:14.909218,0.1,0.0,0.1245387842793244,3.677774968176643,-1.2070158332448828,-2.2868931318859502
2025-05-21T00:37:15.009266,0.1,0.0,0.1579388718210284,3.671226490226399,-1.2145887519894234,-2.272757368682502
2025-05-21T00:37:15.109309,0.1,0.0,0.12249264580381113,3.6647762642601744,-1.2222779156498054,-2.258692115876706
2025-05-21T00:37:15.209247,0.1,0.0,0.04899527837552097,3.65846897873087,-1.2300007905874946,-2.250150547829238
2025-05-21T00:37:15.309422,0.1,0.0,0.11451777610564039,3.652197900773563,-1.2377854099495464,-2.241971144421755
2025-05-21T00:37:15.409327,0.1,0.0,-0.039045398194179626,3.6459749044250844,-1.2456677050336287,-2.238224481185009
2025-05-21T00:37:15.509220,0.1,0.0,-0.058577742404535275,3.639764210085514,-1.2535326930751445,-2.243120545373511
2025-05-21T00:37:15.609243,0.1,0.0,-0.07265709005716657,3.633567796743505,-1.2612935101181277,-2.2496417874816763
2025-05-21T00:37:15.709236,0.1,0.0,0.046129600013384835,3.6272689030787033,-1.2690722321162997,-2.2509603533160716
2025-05-21T00:37:15.809225,0.1,0.0,-0.033961825854997844,3.6209642607833277,-1.2768844883195078,-2.2503063934227843
2025-05-21T00:37:15.909244,0.1,0.0,-0.018638150306591324,3.6147069528054336,-1.2846167381653046,-2.2529242008589407
2025-05-21T00:37:16.009208,0.1,0.0,0.07091569253383499,3.6083997694992203,-1.2923750301612493,-2.250334105626927
2025-05-21T00:37:16.109257,0.1,0.0,0.07091569253383499,3.602124595840645,-1.3001705746555863,-2.243237267959572
2025-05-21T00:37:16.209336,0.1,0.0,-0.004796873389463219,3.595866493756208,-1.3080590505535288,-2.2399036100109146
2025-05-21T00:37:16.309258,0.1,0.0,-0.05334937339797507,3.5897013390328127,-1.3158532186180343,-2.242810641069402
2025-05-21T00:37:16.409219,0.1,0.0,-0.009800628355962626,3.5834604432233785,-1.323676637295274,-2.245985821570496
2025-05-21T00:37:16.509239,0.1,0.0,0.08868835186725875,3.577206474155861,-1.331482992347866,-2.242018045541054
2025-05-21T00:37:16.609260,0.1,0.0,-0.0011175792741213717,3.570994650566773,-1.3393398003263763,-2.2376288324299343
2025-05-21T00:37:16.709220,0.1,0.0,-0.011542000034356901,3.564836319886275,-1.347163315406045,-2.2382598512225993
2025-05-21T00:37:16.809215,0.1,0.0,-0.011542000034356901,3.5586498321321764,-1.355008201829631,-2.239412982416332
2025-05-21T00:37:16.909283,0.1,0.0,-0.011542000034356901,3.5524428543305726,-1.3628604226034995,-2.2405682435243546
2025-05-21T00:37:17.009352,0.1,0.0,-0.011542000034356901,3.546228705257791,-1.3707030760991838,-2.2417231523984893
2025-05-21T00:37:17.109287,0.1,0.0,0.06963749394545803,3.5399613579707716,-1.3785940959129246,-2.2387902349874165
2025-05-21T00:37:17.209230,0.1,0.0,0.06963749394545803,3.5338217419077176,-1.386403405216222,-2.2318725818076874
2025-05-21T00:37:17.309267,0.1,0.0,-0.028638499319397766,3.5277078048326582,-1.394291889338151,-2.229822885989828
2025-05-21T00:37:17.409353,0.1,0.0,0.09805241859752732,3.5215525415850983,-1.4022270271698507,-2.226427735750776
2025-05-21T00:37:17.509311,0.1,0.0,0.09805241859752732,3.5154805411537424,-1.4101618115230528,-2.216630802261034
2025-05-21T00:37:17.609373,0.1,0.0,0.0975254200794806,3.509488802865176,-1.4181526983670274,-2.206863424177007
2025-05-21T00:37:17.709193,0.1,0.0,0.03905694359376044,3.503575506763999,-1.4262013627712335,-2.2000101689781815
2025-05-21T00:37:17.809267,0.1,0.0,-0.042258640669334824,3.497689754831524,-1.4343038114716147,-2.200179385962617
2025-05-21T00:37:17.909452,0.1,0.0,0.011316153385612092,3.4917918095100444,-1.4423855253296023,-2.201730974926448
2025-05-21T00:37:18.009523,0.1,0.0,0.06200820021280861,3.485912894368306,-1.4504375681740858,-2.198066170123439
2025-05-21T00:37:18.109269,0.1,0.0,-0.09527874359727127,3.480047126130479,-1.4585554278791109,-2.199685824751336
2025-05-21T00:37:18.209342,0.1,0.0,-0.01771766427796306,3.4741401255368216,-1.4666353997755286,-2.2053712348561327
2025-05-21T00:37:18.309225,0.1,0.0,0.023679181445830363,3.4682208078250203,-1.4746689253344283,-2.205090965188946
2025-05-21T00:37:18.409209,0.1,0.0,0.023679181445830363,3.46230034928339,-1.4827261494030761,-2.20272339368155
2025-05-21T00:37:18.509289,0.1,0.0,0.023679181445830363,3.4563851899720324,-1.490816256651286,-2.2003502838829383
2025-05-21T00:37:18.609594,0.1,0.0,0.028891352577753434,3.450424804831986,-1.4990090629736432,-2.1976824766611225
2025-05-21T00:37:18.709666,0.1,0.0,0.028891352577753434,3.4446024115224487,-1.5070592359443584,-2.1948121008231722
2025-05-21T00:37:18.809580,0.1,0.0,0.05063424217312428,3.4388163725500625,-1.5151076697971382,-2.1908627444495887
2025-05-21T00:37:18.909204,0.1,0.0,0.04545678131583574,3.4329931018833637,-1.5232853602712533,-2.1860396695945177
2025-05-21T00:37:19.009201,0.1,0.0,-0.08468445187043372,3.4272338672429443,-1.5314539014726205,-2.1879581562219435
2025-05-21T00:37:19.109257,0.1,0.0,-0.08468445187043372,3.4214447637634846,-1.539575412517771,-2.1964042628094127
2025-05-21T00:37:19.209200,0.1,0.0,0.015642449146699985,3.4155747798656444,-1.547664862629373,-2.1998608047533508
2025-05-21T00:37:19.309223,0.1,0.0,-0.09968580176887619,3.4096911479238297,-1.555756949863166,-2.204075775871727
2025-05-21T00:37:19.409645,0.1,0.0,-0.23886371435211548,3.4037536413324214,-1.563802442243505,-2.2210130270590174
2025-05-21T00:37:19.509444,0.1,0.0,-0.09766606959515033,3.3976313867002004,-1.5717529249481603,-2.2378727537624243
2025-05-21T00:37:19.609224,0.1,0.0,0.0020990043998714287,3.3914181762437465,-1.5796030970513868,-2.242621081371645
2025-05-21T00:37:19.709197,0.1,0.0,-0.08898529032983492,3.3852335821035457,-1.5873810572502298,-2.2469570262702407
2025-05-21T00:37:19.809243,0.1,0.0,-0.19518437527133556,3.3789353894890253,-1.5951951219598066,-2.2611616508576398
2025-05-21T00:37:19.909211,0.1,0.0,-0.12293890156346297,3.3725320559441267,-1.6028712384512336,-2.277060100895422
2025-05-21T00:37:20.009175,0.1,0.0,-0.015205199922152522,3.3660330579640108,-1.6104426049370701,-2.2839585076397775
2025-05-21T00:37:20.109221,0.1,0.0,0.053486077130349134,3.3594884507993,-1.6180024477452637,-2.2820454523774805
2025-05-21T00:37:20.209304,0.1,0.0,0.053486077130349134,3.3529694428605397,-1.6255882011919967,-2.276695740334793
2025-05-21T00:37:20.309838,0.1,0.0,-0.01452252014216837,3.3464943782637895,-1.6332048653910287,-2.274748882705902
2025-05-21T00:37:20.409496,0.1,0.0,-0.03454604977229491,3.340024588767104,-1.640819140075207,-2.2771993479473815
2025-05-21T00:37:20.509529,0.1,0.0,-0.07939796459898174,3.3335249347600477,-1.648422963978142,-2.2828871351731683
2025-05-21T00:37:20.609205,0.1,0.0,-0.1418254723219081,3.3269572185078564,-1.6560012457019713,-2.293940886286328
2025-05-21T00:37:20.709203,0.1,0.0,-0.0417505220584391,3.32032379849575,-1.6634632082791125,-2.303098580923176
2025-05-21T00:37:20.809223,0.1,0.0,-0.22494029243593336,3.3136344179084283,-1.6708879317853724,-2.3164216684821057
2025-05-21T00:37:20.909230,0.1,0.0,-0.0372039680616476,3.3068086856115544,-1.678196525972175,-2.3295486512138504
2025-05-21T00:37:21.009313,0.0,0.0,0.0,3.303365341832634,-1.6818284405773156,-2.3314106129962324
2025-05-21T00:37:21.109204,0.0,0.0,0.0,3.303365341832634,-1.6818284405773156,-2.3314106129962324
2025-05-21T00:37:21.209216,0.0,0.0,0.0,3.303365341832634,-1.6818284405773156,-2.3314106129962324
2025-05-21T00:37:21.309189,0.0,0.0,0.0,3.303365341832634,-1.6818284405773156,-2.3314106129962324
2025-05-21T00:37:21.409222,0.0,0.0,0.0,3.303365341832634,-1.6818284405773156,-2.3314106129962324
2025-05-21T00:37:21.509206,0.0,0.0,0.0,3.303365341832634,-1.6818284405773156,-2.3314106129962324
2025-05-21T00:37:21.609222,0.0,0.0,0.0,3.303365341832634,-1.6818284405773156,-2.3314106129962324
2025-05-21T00:37:21.709230,0.0,0.0,0.0,3.303365341832634,-1.6818284405773156,-2.3314106129962324
2025-05-21T00:37:21.809230,0.0,0.0,0.0,3.303365341832634,-1.6818284405773156,-2.3314106129962324
2025-05-21T00:37:21.909214,0.0,0.0,0.0,3.303365341832634,-1.6818284405773156,-2.3314106129962324
2025-05-21T00:37:22.009201,0.0,0.0,0.0,3.303365341832634,-1.6818284405773156,-2.3314106129962324
2025-05-21T00:37:22.109186,0.0,0.0,0.0,3.303365341832634,-1.6818284405773156,-2.3314106129962324
2025-05-21T00:37:22.209236,0.0,0.0,0.0,3.303365341832634,-1.6818284405773156,-2.3314106129962324
2025-05-21T00:37:22.309436,0.0,0.0,0.0,3.303365341832634,-1.6818284405773156,-2.3314106129962324
2025-05-21T00:37:22.409197,0.0,0.0,0.0,3.303365341832634,-1.6818284405773156,-2.3314106129962324
2025-05-21T00:37:22.509189,0.0,0.0,0.0,3.303365341832634,-1.6818284405773156,-2.3314106129962324
2025-05-21T00:37:22.609212,0.0,0.0,0.0,3.303365341832634,-1.6818284405773156,-2.3314106129962324
2025-05-21T00:37:22.709236,0.0,0.0,0.0,3.303365341832634,-1.6818284405773156,-2.3314106129962324
2025-05-21T00:37:22.809187,0.0,0.0,0.0,3.303365341832634,-1.6818284405773156,-2.3314106129962324
2025-05-21T00:37:22.909213,0.0,0.0,0.0,3.303365341832634,-1.6818284405773156,-2.3314106129962324
2025-05-21T00:37:23.009200,0.0,0.0,0.0,3.303365341832634,-1.6818284405773156,-2.3314106129962324
2025-05-21T00:37:23.109198,0.0,0.0,0.0,3.303365341832634,-1.6818284405773156,-2.3314106129962324
2025-05-21T00:37:23.209157,0.0,0.0,0.0,3.303365341832634,-1.6818284405773156,-2.3314106129962324
2025-05-21T00:37:23.309184,0.0,0.0,0.0,3.303365341832634,-1.6818284405773156,-2.3314106129962324
2025-05-21T00:37:23.409248,0.0,0.0,0.0,3.303365341832634,-1.6818284405773156,-2.3314106129962324
2025-05-21T00:37:23.509224,0.0,0.0,0.0,3.303365341832634,-1.6818284405773156,-2.3314106129962324
2025-05-21T00:37:23.609198,0.0,0.0,0.0,3.303365341832634,-1.6818284405773156,-2.3314106129962324
2025-05-21T00:37:23.709212,0.0,0.0,0.0,3.303365341832634,-1.6818284405773156,-2.3314106129962324
2025-05-21T00:37:23.809249,0.0,0.0,0.0,3.303365341832634,-1.6818284405773156,-2.3314106129962324
2025-05-21T00:37:23.909215,0.0,0.0,0.0,3.303365341832634,-1.6818284405773156,-2.3314106129962324
2025-05-21T00:37:24.009183,0.0,0.0,0.0,3.303365341832634,-1.6818284405773156,-2.3314106129962324
2025-05-21T00:37:24.109199,0.0,0.0,0.0,3.303365341832634,-1.6818284405773156,-2.3314106129962324
2025-05-21T00:37:24.209226,0.0,0.0,0.0,3.303365341832634,-1.6818284405773156,-2.3314106129962324
2025-05-21T00:37:24.309247,0.0,0.0,0.0,3.303365341832634,-1.6818284405773156,-2.3314106129962324
2025-05-21T00:37:24.409191,0.1,0.0,-0.968896606177072,3.303365341832634,-1.6818284405773156,-2.3314106129962324
2025-05-21T00:37:24.509209,0.1,0.0,-0.968896606177072,3.2962918677415542,-1.6889094631405672,-2.428413372659308
2025-05-21T00:37:24.609236,0.1,0.0,-0.9703417232611321,3.288571612594259,-1.6952676045105866,-2.5254174863948804
2025-05-21T00:37:24.709212,0.1,0.0,-0.9992927764533864,3.2802645092940024,-1.7008523909451732,-2.6240195032837828
2025-05-21T00:37:24.809224,0.1,0.0,-0.9038675424429331,3.271478689638561,-1.7055686396580518,-2.718921607351729
2025-05-21T00:37:24.909195,0.1,0.0,-0.9349720368682333,3.2622749096862425,-1.7094608532869315,-2.810824282199947
2025-05-21T00:37:25.009313,0.1,0.0,-0.9604539258783172,3.2527442791847916,-1.7124863676763125,-2.905610142884656
2025-05-21T00:37:25.109515,0.1,0.0,-0.8683700326567266,3.2429676354496086,-1.7145902593314062,-2.9970904129667253
2025-05-21T00:37:25.209237,0.1,0.0,-0.8500218691392791,3.233047812042479,-1.7158145626029921,-3.0829919349359263
2025-05-21T00:37:25.309184,0.1,0.0,-0.8358989989015719,3.223068307064059,-1.7161877121686286,3.1159910146303513
2025-05-21T00:37:25.409304,0.1,0.0,-0.8300337685796798,3.213076603643023,-1.7157226734003266,3.0326547969415953
2025-05-21T00:37:25.509268,0.1,0.0,-0.7412485616518537,3.2031557043346766,-1.7144286341050452,2.9540349153743755
2025-05-21T00:37:25.609229,0.1,0.0,-0.705008878427884,3.193373915138683,-1.712383777523054,2.8817554186822463
2025-05-21T00:37:25.709258,0.1,0.0,-0.7098153580073073,3.183762540687175,-1.7096464622662213,2.81104923679145
2025-05-21T00:37:25.809313,0.1,0.0,-0.6691608138349446,3.174338678246708,-1.7062242250247233,2.7419094361931684
2025-05-21T00:37:25.909484,0.1,0.0,-0.6187090605986523,3.165214425179822,-1.702189187437177,2.6776635660521073
2025-05-21T00:37:26.009267,0.1,0.0,-0.5881813723457773,3.1563399820346616,-1.6975758086822328,2.6172910254294557
2025-05-21T00:37:26.109189,0.1,0.0,-0.5370083830428128,3.1477640252368895,-1.692446816511442,2.5610529048810324
2025-05-21T00:37:26.209247,0.1,0.0,-0.6214535321864778,3.1394431458273706,-1.6868269345162317,2.5028845704798712
2025-05-21T00:37:26.309239,0.1,0.0,-0.536637979406419,3.131499261742355,-1.6807343401623944,2.44489964735779
2025-05-21T00:37:26.409216,0.1,0.0,-0.41277872504635876,3.123948913674392,-1.674243919150019,2.397643408250401
2025-05-21T00:37:26.509208,0.1,0.0,-0.4545419530102834,3.116660618862055,-1.6673958061364471,2.3542683299046043
2025-05-21T00:37:26.609285,0.1,0.0,-0.3892637191529135,3.109686970179506,-1.6602343507251656,2.3120872175575364
2025-05-21T00:37:26.709241,0.1,0.0,-0.396955911210437,3.1030066699944454,-1.6527930158330328,2.2727743751940714
2025-05-21T00:37:26.809198,0.1,0.0,-0.2854942835075524,3.096633138910362,-1.6451030828375792,2.2386911355252153
2025-05-21T00:37:26.909249,0.1,0.0,-0.2869126101849461,3.090499209693358,-1.63721201047858,2.210085408218677
2025-05-21T00:37:27.009252,0.1,0.0,-0.2999182157839874,3.0845768854759683,-1.629125104242287,2.1806766834051903
2025-05-21T00:37:27.109204,0.1,0.0,-0.2892610258502803,3.0789200108526837,-1.6208988116307177,2.151264222524226
2025-05-21T00:37:27.209189,0.1,0.0,-0.15308537182049275,3.073494829022683,-1.6124947222080248,2.129123762413748
2025-05-21T00:37:27.309189,0.1,0.0,-0.18200330291904818,3.0682316707951536,-1.603996386674572,2.1123770645911684
2025-05-21T00:37:27.409417,0.1,0.0,-0.15963865873643956,3.0631094811586443,-1.5953933436282812,2.095272706572839
2025-05-21T00:37:27.509487,0.1,0.0,-0.19551399135786848,3.058136429771667,-1.5867174970778481,2.077515252244657
2025-05-21T00:37:27.609224,0.1,0.0,-0.20448047957376977,3.0533295509443508,-1.57795680221952,2.057529533272506
2025-05-21T00:37:27.709231,0.1,0.0,-0.0529029224737465,3.0486992874835894,-1.569098034568604,2.0446601815438097
2025-05-21T00:37:27.809207,0.1,0.0,0.008470517941119303,3.044131890520785,-1.560162699212089,2.042441983733386
2025-05-21T00:37:27.909239,0.1,0.0,-0.053703498250519115,3.039600703959978,-1.5512833117368046,2.0401760418510335
2025-05-21T00:37:28.009221,0.1,0.0,-0.053703498250519115,3.035090495610702,-1.5423610300175403,2.034807054362191
2025-05-21T00:37:28.109217,0.1,0.0,0.056258138625022706,3.030626069383287,-1.5334102637995513,2.034923150193525
2025-05-21T00:37:28.209260,0.1,0.0,-0.029818693523067093,3.026120030042279,-1.5244406290665113,2.0362439624857744
2025-05-21T00:37:28.309214,0.1,0.0,0.0005332623762810406,3.021641680983329,-1.5155075071143742,2.0347889529200405
2025-05-21T00:37:28.409191,0.1,0.0,0.0005332623762810406,3.0171867354109083,-1.5066055910211409,2.0348420361429262
2025-05-21T00:37:28.509246,0.1,0.0,0.0005332623762810406,3.0127092914131155,-1.4976599063734448,2.034895381782066
2025-05-21T00:37:28.609300,0.1,0.0,0.0005332623762810406,3.0082296412571887,-1.488711006793495,2.0349487480178308
2025-05-21T00:37:28.709219,0.1,0.0,0.0005332623762810406,3.0037388184440337,-1.4797409845198628,2.0350022416475326
2025-05-21T00:37:28.809203,0.1,0.0,0.15669226294725003,2.9992791774778658,-1.470834433354375,2.0428387653978834
2025-05-21T00:37:28.909231,0.1,0.0,0.10301473231129286,2.9946869531568403,-1.4619260966592498,2.0558556618565795
2025-05-21T00:37:29.009218,0.1,0.0,0.14074955035562994,2.9899891037593447,-1.4530682878835126,2.0680803139817563
2025-05-21T00:37:29.109228,0.1,0.0,0.1668978173946023,2.985207239783984,-1.4443315270183916,2.083402840581372
2025-05-21T00:37:29.209232,0.1,0.0,0.1094529706085645,2.980265741076518,-1.4356361982805157,2.0972266289453163
2025-05-21T00:37:29.309200,0.1,0.0,0.17686900899418265,2.9752248307485107,-1.4270162046895036,2.1115097861138024
2025-05-21T00:37:29.409304,0.1,0.0,0.11285779638052217,2.970036237318096,-1.418460316551073,2.1260088251067764
2025-05-21T00:37:29.509194,0.1,0.0,0.033859633824556694,2.964727297025181,-1.409955455017404,2.1333717262354197
2025-05-21T00:37:29.609274,0.1,0.0,0.13383956366718738,2.9593944629355344,-1.401513752470443,2.141754747218643
2025-05-21T00:37:29.709224,0.1,0.0,0.07080922643048936,2.9539633176640323,-1.3931201409905163,2.1519941709871233
2025-05-21T00:37:29.809405,0.1,0.0,0.09754723630041483,2.9484457214875897,-1.3847528520334467,2.160434432469992
2025-05-21T00:37:29.909483,0.1,0.0,0.11420771304129772,2.9428831963640274,-1.3764821288765927,2.1709873251275233
2025-05-21T00:37:30.009226,0.1,0.0,0.049413002725963155,2.9372101781501754,-1.3682438772309393,2.1791769523824147
2025-05-21T00:37:30.109213,0.1,0.0,0.07730527686129585,2.931476019144547,-1.3600328685176595,2.185522440559086
2025-05-21T00:37:30.209318,0.1,0.0,0.16306450305756837,2.9256729595818616,-1.3518467101761338,2.1975771648387186
2025-05-21T00:37:30.309229,0.1,0.0,0.04691774634325018,2.9198040244981343,-1.3438114517128632,2.208007193151838
2025-05-21T00:37:30.409267,0.1,0.0,0.10614650374803801,2.913837808207548,-1.3357711289246699,2.215661050782183
2025-05-21T00:37:30.509231,0.1,0.0,0.12770043483452118,2.907811706583444,-1.3278031703671274,2.227336588157132
2025-05-21T00:37:30.609375,0.1,0.0,0.08603897658657876,2.9016592978074964,-1.3198717033578864,2.2380579154428606
2025-05-21T00:37:30.709263,0.1,0.0,0.04532685381895329,2.8954777692234974,-1.3120596918542906,2.244602835791504
2025-05-21T00:37:30.809251,0.1,0.0,-0.0029358683466829123,2.8892277553040575,-1.304250360925822,2.2467270984468026
2025-05-21T00:37:30.909212,0.1,0.0,0.0817691980983204,2.882980597410952,-1.2964592624956188,2.2506545589815623
2025-05-21T00:37:31.009223,0.1,0.0,-0.0719463114809482,2.8766584562014,-1.2886716787633892,2.2511466098759088
2025-05-21T00:37:31.109204,0.1,0.0,0.0022602971020957425,2.8703925763336584,-1.2809002739486062,2.2476631800838724
2025-05-21T00:37:31.209203,0.1,0.0,0.01949409125289625,2.8641032742317223,-1.273073726937768,2.2487543558156107
2025-05-21T00:37:31.309185,0.1,0.0,0.01949409125289625,2.8578459967245577,-1.265311231451574,2.2506980045151668
2025-05-21T00:37:31.409211,0.1,0.0,0.09128330471017464,2.851534292847275,-1.2575123384667344,2.256257040927645
2025-05-21T00:37:31.509199,0.1,0.0,0.029641990639488466,2.845181982941371,-1.249780242619317,2.2622867660569073
2025-05-21T00:37:31.609224,0.1,0.0,0.054492875417857516,2.8388333587112724,-1.2421228830341569,2.266475768852791
2025-05-21T00:37:31.709194,0.1,0.0,0.08207023341973985,2.832414707102248,-1.234456473743666,2.2732925519480576
2025-05-21T00:37:31.809195,0.1,0.0,-0.030112213607030865,2.8259218571853446,-1.2268187394236165,2.2758930445579804
2025-05-21T00:37:31.909196,0.1,0.0,-0.022985818411631605,2.819452139724778,-1.219205000830645,2.273239933012631
2025-05-21T00:37:32.009212,0.1,0.0,0.01940464289006849,2.8129864108317735,-1.2115576571673201,2.273059004966523
2025-05-21T00:37:32.109226,0.1,0.0,0.01940464289006849,2.8065294779033967,-1.20393432104105,2.2749975983282944
2025-05-21T00:37:32.209309,0.1,0.0,0.01940464289006849,2.799922559654942,-1.196164656362815,2.2769766729296927
2025-05-21T00:37:32.309424,0.1,0.0,0.019723900577378606,2.7935468377420767,-1.1886965949106887,2.2788979998700603
2025-05-21T00:37:32.409250,0.1,0.0,0.019723900577378606,2.7870535768426477,-1.1811206241426209,2.2808660240856238
2025-05-21T00:37:32.509272,0.1,0.0,0.06885706313010774,2.780541949114158,-1.1735534184639087,2.28527210794135
2025-05-21T00:37:32.609239,0.1,0.0,0.12969771904074331,2.773958817781054,-1.165989813088522,2.295174028366505
2025-05-21T00:37:32.709207,0.1,0.0,0.09208974012802072,2.7673066121020407,-1.1585208099474773,2.306277376526679
2025-05-21T00:37:32.809196,0.1,0.0,0.04832289562861746,2.7605897097177983,-1.1511316972070824,2.313289925703849
2025-05-21T00:37:32.909196,0.1,0.0,0.06974230323539497,2.753818291917071,-1.1437706673343677,2.3191938539626715
2025-05-21T00:37:33.009305,0.1,0.0,0.03806690188148387,2.7469956616827313,-1.13644916857202,2.324588559132499
2025-05-21T00:37:33.109202,0.1,0.0,0.03795459961490111,2.740141739546482,-1.1291616199745371,2.328391252269828
2025-05-21T00:37:33.209304,0.1,0.0,-0.0708272900659712,2.73327626310273,-1.1219171119998752,2.3267479092176933
2025-05-21T00:37:33.309242,0.1,0.0,0.03114995571095402,2.7264256789163346,-1.114624870605836,2.3247553167528974
2025-05-21T00:37:33.409281,0.1,0.0,0.039483843485615955,2.7195621726048134,-1.107327056073411,2.3282917776986496
2025-05-21T00:37:33.509564,0.1,0.0,0.02700832941004316,2.7126865524323565,-1.1000709751329625,2.3316127487888902
2025-05-21T00:37:33.609210,0.1,0.0,0.03456797328042271,2.705767165495696,-1.09281260946642,2.3347014308276286
2025-05-21T00:37:33.709299,0.1,0.0,-0.06264457648909037,2.698878545814909,-1.085633689391837,2.333279038834471
2025-05-21T00:37:33.809250,0.1,0.0,-0.06264457648909037,2.6919717409454393,-1.0783801116384848,2.3270046101583635
2025-05-21T00:37:33.910619,0.1,0.0,0.01017088711667391,2.6850818545344994,-1.0710526911323346,2.324351370505796
2025-05-21T00:37:34.010492,0.1,0.0,0.015560733269488479,2.6782308935040207,-1.0637546336181651,2.3256376499034506
2025-05-21T00:37:34.109224,0.1,0.0,0.015560733269488479,2.671419825618828,-1.056519664007158,2.327183853231756
2025-05-21T00:37:34.209271,0.1,0.0,0.03287011973588382,2.664525017105534,-1.049218453854149,2.3296042301539828
2025-05-21T00:37:34.309244,0.1,0.0,-0.0697027127935823,2.657659809962357,-1.0419899566332875,2.3277835938792286
2025-05-21T00:37:34.409265,0.1,0.0,0.009950884222579282,2.6508162313597183,-1.0347207462666739,2.32473440214393
2025-05-21T00:37:34.509258,0.1,0.0,0.0039662513061522455,2.643959367670206,-1.0274219195012462,2.3254445385517215
2025-05-21T00:37:34.609526,0.1,0.0,0.05538544831037217,2.63683525689018,-1.019847192399854,2.328633332255687
2025-05-21T00:37:34.709212,0.1,0.0,0.008622063939631717,2.630236470613002,-1.0128927560108227,2.3316325533330993
2025-05-21T00:37:34.809250,0.1,0.0,0.008622063939631717,2.623311123829,-1.0056217230415665,2.3324983234196424
2025-05-21T00:37:34.912047,0.1,0.0,0.038819449574787335,2.6162717579307175,-0.9982438278088014,2.334875649413142
2025-05-21T00:37:35.009602,0.1,0.0,0.038819449574787335,2.6093185177218516,-0.9910017188126757,2.338773009961673
2025-05-21T00:37:35.109392,0.1,0.0,0.04769132001849418,2.602376520946102,-0.9838274501628447,2.3430952199295696
2025-05-21T00:37:35.209289,0.1,0.0,-0.06795723139999542,2.5954087045837806,-0.9766916484096066,2.3420348429530904
2025-05-21T00:37:35.311137,0.1,0.0,-0.05716464045990132,2.5885995720508057,-0.9696636996019552,2.3358725864743777
2025-05-21T00:37:35.409305,0.1,0.0,-0.020549280805142178,2.58168474842103,-0.9624414791777143,2.3318326617599965
2025-05-21T00:37:35.509846,0.1,0.0,0.0024138864865463905,2.574771956995191,-0.9551759090736941,2.3308813203804792
2025-05-21T00:37:35.609302,0.1,0.0,-0.09089254800797807,2.567864330565888,-0.9479102943381426,2.326466497810401
2025-05-21T00:37:35.709281,0.1,0.0,-0.06831152132750927,2.5610635127949943,-0.9406598697260545,2.3185615307527367
2025-05-21T00:37:35.809272,0.1,0.0,-0.07605332987461633,2.554288815552361,-0.9333300562736753,2.3113633543199246
2025-05-21T00:37:35.909249,0.1,0.0,-0.006727869997849577,2.547553619122072,-0.925933982458717,2.3071953850816938
2025-05-21T00:37:36.009203,0.1,0.0,0.014484919151236396,2.5408310730014954,-0.9185156016634468,2.3075801940578353
2025-05-21T00:37:36.109225,0.1,0.0,0.014484919151236396,2.5341024102899414,-0.911104121448889,2.3090301695853217
2025-05-21T00:37:36.209216,0.1,0.0,0.014484919151236396,2.5273164722676302,-0.9036513334206489,2.3104901532800035
2025-05-21T00:37:36.309215,0.1,0.0,0.014484919151236396,2.520635848612948,-0.8963356012791946,2.3119251890796475
2025-05-21T00:37:36.409232,0.1,0.0,0.00216845413942901,2.51387564265721,-0.8889540773011962,2.31275675340002
2025-05-21T00:37:36.509216,0.1,0.0,0.00216845413942901,2.507139561642859,-0.8816066165291719,2.3129729037594924
2025-05-21T00:37:36.609204,0.1,0.0,0.00216845413942901,2.500356331446706,-0.8742109423849272,2.313190515677272
2025-05-21T00:37:36.709198,0.1,0.0,0.00216845413942901,2.493536188515326,-0.8667782746760876,2.313409259824514
2025-05-21T00:37:36.809355,0.1,0.0,0.00216845413942901,2.486849878682368,-0.8594946428458687,2.313623660656816
2025-05-21T00:37:36.909192,0.1,0.0,0.04791165637496541,2.480058498604277,-0.8520997498014748,2.3161485609938746
2025-05-21T00:37:37.009500,0.1,0.0,0.04791165637496541,2.473262056926567,-0.8447536306147111,2.3209434916617404
2025-05-21T00:37:37.109314,0.1,0.0,0.016576482301934866,2.4664219457164696,-0.8374310833874281,2.324178080146691
2025-05-21T00:37:37.209249,0.1,0.0,-0.02139582949301111,2.459624707043254,-0.8301900180979929,2.3239203525429417
2025-05-21T00:37:37.309278,0.1,0.0,-0.02139582949301111,2.4527487847205585,-0.8228473864823707,2.3217680493329196
2025-05-21T00:37:37.409169,0.1,0.0,-0.02139582949301111,2.445958052273441,-0.8155644516846535,2.319637522988881
2025-05-21T00:37:37.509239,0.1,0.0,-0.05044088807289681,2.4391402288616715,-0.8082211079532606,2.3160459876630313
2025-05-21T00:37:37.609261,0.1,0.0,-0.06505468338063923,2.4323955491305838,-0.8008934381917654,2.3102959861375494
2025-05-21T00:37:37.709242,0.1,0.0,0.018990338178849764,2.4256342720178674,-0.793456780752744,2.3080052694036333
2025-05-21T00:37:37.809245,0.1,0.0,0.03684738318146196,2.4189072563843297,-0.7860551105628768,2.3108091120481884
2025-05-21T00:37:37.909320,0.1,0.0,0.018335913115523624,2.412157960180532,-0.7786772450831685,2.313559143958729
2025-05-21T00:37:38.009524,0.1,0.0,0.018335913115523624,2.4054282015791997,-0.7713544035268647,2.315382748736182
2025-05-21T00:37:38.109233,0.1,0.0,-0.13520649021811101,2.3986106562409053,-0.7639632124958203,2.3094539644616887
2025-05-21T00:37:38.209646,0.1,0.0,0.11406786668959278,2.3919273083131247,-0.7565741286099527,2.308385522176245
2025-05-21T00:37:38.309220,0.1,0.0,-0.014326527014069666,2.385181531417802,-0.7491928045179345,2.3134056214209853
2025-05-21T00:37:38.409353,0.1,0.0,0.017651244971150223,2.378387722842845,-0.7417858698114668,2.3135824186640432
2025-05-21T00:37:38.509227,0.1,0.0,0.017651244971150223,2.371670669442092,-0.7344769328487919,2.3153346049030974
2025-05-21T00:37:38.609331,0.1,0.0,0.017651244971150223,2.3648741609954027,-0.7271075630165917,2.3171041381040727
2025-05-21T00:37:38.709286,0.1,0.0,0.017651244971150223,2.3580967199182257,-0.7197848798597348,2.318865334494866
2025-05-21T00:37:38.809491,0.1,0.0,-0.021162557115949054,2.3512958410882714,-0.7124627942449898,2.3186885780821758
2025-05-21T00:37:38.909194,0.1,0.0,-0.021162557115949054,2.3444591134098407,-0.7050851172561169,2.316559967844692
2025-05-21T00:37:39.009307,0.1,0.0,-0.021162557115949054,2.3376799892055495,-0.6977383438117305,2.314444435664508
2025-05-21T00:37:39.109251,0.1,0.0,-0.049671929851395895,2.3309065721485958,-0.6903665131977517,2.310898728855662
2025-05-21T00:37:39.209207,0.1,0.0,-0.049671929851395895,2.324212978532604,-0.6830191207871887,2.305961715835072
2025-05-21T00:37:39.309194,0.1,0.0,0.10535405553399267,2.317506511612377,-0.6755971231116021,2.310500539477651
2025-05-21T00:37:39.409395,0.1,0.0,0.08917293104830636,2.3107438449600104,-0.6682254687767796,2.320229415072001
2025-05-21T00:37:39.509641,0.1,0.0,-0.02597182684083432,2.3038574420857456,-0.6608582949015469,2.3233663506444424
2025-05-21T00:37:39.609485,0.1,0.0,0.04772902053052085,2.2970958915887763,-0.6536282594905999,2.3244773219275645
2025-05-21T00:37:39.709219,0.1,0.0,0.04772902053052085,2.290242787417004,-0.6463434800795195,2.3292510159927904
2025-05-21T00:37:39.809312,0.1,0.0,0.03625050123338857,2.283353178663219,-0.6390895980743054,2.3334573072531715
2025-05-21T00:37:39.909228,0.1,0.0,0.033703904723121896,2.2764279954495343,-0.6318552694011467,2.33696005431233
2025-05-21T00:37:40.009210,0.1,0.0,0.09303232271879457,2.2694965216040117,-0.624664008901573,2.3432880286710605
2025-05-21T00:37:40.109218,0.1,0.0,-0.009354540590407743,2.262496978705591,-0.6175147743928113,2.3474651450525084
2025-05-21T00:37:40.209326,0.1,0.0,0.05688943913730315,2.2554717416010566,-0.6103624490793297,2.349864681066851
2025-05-21T00:37:40.309567,0.1,0.0,0.05688943913730315,2.2484249917237658,-0.6032462216840352,2.355562083178711
2025-05-21T00:37:40.409195,0.1,0.0,0.04696203686631372,2.24138158938009,-0.5962138424578478,2.3607279726238533
2025-05-21T00:37:40.509189,0.1,0.0,0.013813377501364353,2.2342723951118746,-0.5891853355214185,2.363763913670459
2025-05-21T00:37:40.609243,0.1,0.0,0.18043174553185434,2.2270972505463598,-0.5821229125378573,2.373422364278083
2025-05-21T00:37:40.709515,0.1,0.0,0.2052238901784786,2.219922534067922,-0.5752531295466923,2.392582104915725
2025-05-21T00:37:40.809193,0.1,0.0,0.1591835827744903,2.2125604684852807,-0.5684783733132303,2.4108119459823563
2025-05-21T00:37:40.909233,0.1,0.0,0.13040984225049565,2.2050904824390463,-0.5618362409567479,2.425285128182784
2025-05-21T00:37:41.009292,0.1,0.0,0.1929151195303391,2.1974839863606896,-0.555258073455029,2.4415590539473886
2025-05-21T00:37:41.109209,0.1,0.0,0.32976880574438594,2.189829287907493,-0.5488728268956817,2.46765627032603
2025-05-21T00:37:41.209199,0.1,0.0,0.3144701070880984,2.181977272617946,-0.5427067371146687,2.4998154899974923
2025-05-21T00:37:41.309192,0.1,0.0,0.3827096323141482,2.1739229141568917,-0.5367857156334755,2.5346649473222875
2025-05-21T00:37:41.409242,0.1,0.0,0.3827096323141482,2.165640872139434,-0.5311518960353421,2.5730012055377767
2025-05-21T00:37:41.509355,0.1,0.0,0.3827096323141482,2.1571835012222325,-0.5258607825659458,2.6111825295959736
2025-05-21T00:37:41.609228,0.1,0.0,0.34701865698566864,2.148497276726539,-0.520866619273893,2.6457924625461873
2025-05-21T00:37:41.709233,0.1,0.0,0.3315215787119146,2.13967622076796,-0.5161939309816658,2.679659404763358
2025-05-21T00:37:41.809299,0.1,0.0,0.47038168166136923,2.1306808602401723,-0.5118082363735953,2.719793438212381
2025-05-21T00:37:41.909235,0.1,0.0,0.5625321088501906,2.1214694254914415,-0.5078047967352847,2.7716837866620203
2025-05-21T00:37:42.009233,0.1,0.0,0.5369254029780245,2.1121545476742374,-0.504341845111623,2.826313660147055
2025-05-21T00:37:42.109199,0.1,0.0,0.5848628070117144,2.102601223821176,-0.5013673111181559,2.882438533900041
2025-05-21T00:37:42.209203,0.1,0.0,0.6395450272738668,2.0928464785520995,-0.4989340589531642,2.9439638470929097
2025-05-21T00:37:42.309206,0.1,0.0,0.702295027204664,2.0830046421117228,-0.49712657204502164,3.01113848895688
2025-05-21T00:37:42.409229,0.1,0.0,0.7919982488388093,2.073129259291742,-0.49600586287147136,3.085399185873821
2025-05-21T00:37:42.509237,0.1,0.0,0.7682333463152856,2.06313856459229,-0.49564209143716265,-3.1197800881148083
2025-05-21T00:37:42.609278,0.1,0.0,0.8517569267079903,2.0530954287058214,-0.49605530634025397,-3.0383300699257485
2025-05-21T00:37:42.709222,0.1,0.0,0.8219211015225691,2.043224456238193,-0.4972901249625653,-2.9550729655990176
2025-05-21T00:37:42.809216,0.1,0.0,1.06112468382772,2.033451739280979,-0.4993429164105,-2.8610390817995963
2025-05-21T00:37:42.909206,0.1,0.0,1.0321676690627433,2.023925456163057,-0.5023637465091649,-2.7564010325545527
2025-05-21T00:37:43.009200,0.1,0.0,1.1980100670363634,2.0147085597548835,-0.506382256172659,-2.6442078849619324
2025-05-21T00:37:43.109298,0.1,0.0,1.2522030069845234,2.006102910658164,-0.5113923874976831,-2.522151473847631
2025-05-21T00:37:43.209243,0.1,0.0,1.3624489625190537,1.9981695761517901,-0.517431723579186,-2.391751957955413
2025-05-21T00:37:43.309225,0.1,0.0,1.5391386452330478,1.9910845229616032,-0.5244961310161018,-2.2465451627033644
2025-05-21T00:37:43.409291,0.1,0.0,1.4095566991358452,1.9851023653012438,-0.5325809518116282,-2.098184237211392
2025-05-21T00:37:43.509421,0.1,0.0,1.6432819479823288,1.9803769011458974,-0.5413860561162585,-1.9467869065905234
2025-05-21T00:37:43.609195,0.1,0.0,1.671910271431254,1.9771010955948582,-0.5507950673841601,-1.7814908022535285
2025-05-21T00:37:43.709188,0.1,0.0,1.5713524418015232,1.9754268693556094,-0.5606030540674498,-1.620015509709145
2025-05-21T00:37:43.809187,0.1,0.0,1.7399947436655936,1.975328314118118,-0.5706192871672124,-1.4540354082264506
2025-05-21T00:37:43.909196,0.1,0.0,1.601653215718497,1.9769181918895864,-0.5804606660921422,-1.2873261566256804
2025-05-21T00:37:44.009199,0.1,0.0,1.658364905834575,1.9800963156106266,-0.5899387743054408,-1.1242559732594766
2025-05-21T00:37:44.109262,0.1,0.0,1.5702831868165987,1.9847778793654773,-0.5987587743214267,-0.9629157893502107
2025-05-21T00:37:44.209297,0.1,0.0,1.4973928837192072,1.9909922074112665,-0.6069623595398064,-0.8050234592928596
2025-05-21T00:37:44.309231,0.1,0.0,1.4339465273762784,1.9979674565443393,-0.6137100138761055,-0.6624798041328517
2025-05-21T00:37:44.409199,0.1,0.0,1.2816448435323988,2.0060541768763205,-0.619564971658042,-0.5268361358111058
2025-05-21T00:37:44.509204,0.1,0.0,0.9519866656391051,2.014862017059184,-0.6243168820491631,-0.4149783518453933
2025-05-21T00:37:44.609272,0.1,0.0,0.8735478199839035,2.024100488961184,-0.6281272346569342,-0.32374348568308603
2025-05-21T00:37:44.709236,0.1,0.0,0.760286901942968,2.033640924724202,-0.6310984797178315,-0.2420890482979314
2025-05-21T00:37:44.809186,0.1,0.0,0.5974386709251721,2.043390686758048,-0.6333103048315645,-0.17417184046382994
2025-05-21T00:37:44.909253,0.1,0.0,0.4570025055545235,2.0532651833358586,-0.6348960728243045,-0.12142897645456595
2025-05-21T00:37:45.009472,0.1,0.0,0.5930536295047172,2.0632057638096497,-0.6359939888333117,-0.06892941507010919
2025-05-21T00:37:45.109196,0.1,0.0,0.3754604748666284,2.0732828136767028,-0.6365383380745517,-0.02013744967598941
2025-05-21T00:37:45.209196,0.1,0.0,0.351774529990671,2.0831861690754274,-0.6366457043514697,0.01587020629130098
2025-05-21T00:37:45.309227,0.1,0.0,0.40356103153279643,2.093185446892416,-0.6363990027003121,0.0536446698000459
2025-05-21T00:37:45.409190,0.1,0.0,0.2279964783130478,2.1032025990275374,-0.6357593225856227,0.08530237745246039
2025-05-21T00:37:45.509248,0.1,0.0,0.15478194996105532,2.113124838784114,-0.6348540833787399,0.10435941164939865
2025-05-21T00:37:45.609203,0.1,0.0,0.14745727776265258,2.1230717648039668,-0.6337732931787746,0.11947947500839451
2025-05-21T00:37:45.709221,0.1,0.0,0.13825759800971724,2.1329879880748677,-0.6325457687730263,0.13375402645595846
2025-05-21T00:37:45.809296,0.1,0.0,0.17634943032919678,2.1429327653891423,-0.6311724757216207,0.14954553487989353
2025-05-21T00:37:45.909211,0.1,0.0,0.10102863643154823,2.152779822922226,-0.6296445428116062,0.16336620728323314
2025-05-21T00:37:46.009204,0.1,0.0,0.052111857152691836,2.162629968803339,-0.6279953589957546,0.17101535453073202
2025-05-21T00:37:46.109187,0.1,0.0,0.11434538960013728,2.1724839168433028,-0.6262803335959904,0.17932775860491335
2025-05-21T00:37:46.209218,0.1,0.0,-0.02742197404759394,2.1823277168069235,-0.6244667903305957,0.18367986800565284
2025-05-21T00:37:46.309240,0.1,0.0,-0.04746950241262703,2.192151944647908,-0.6226486661777101,0.1799440013211
2025-05-21T00:37:46.409241,0.1,0.0,-0.16222258698500025,2.2019894379432468,-0.6208711656604803,0.16946836513075825
2025-05-21T00:37:46.509254,0.1,0.0,-0.12091974919059499,2.211863252548081,-0.6192228923374479,0.1552896762449394
2025-05-21T00:37:46.609227,0.1,0.0,-0.10029027385321242,2.2217553942297568,-0.6177049233527316,0.14422052128035112
2025-05-21T00:37:46.709374,0.1,0.0,-0.21214996587081314,2.2316479777414657,-0.6162935340758794,0.12861590638635167
2025-05-21T00:37:46.809227,0.1,0.0,-0.10894153152377349,2.2415706170150775,-0.6150637052489925,0.11256235569752394
2025-05-21T00:37:46.909210,0.1,0.0,-0.20664484193808394,2.2514998068325176,-0.6139686583104169,0.09681722375404611
2025-05-21T00:37:47.009210,0.1,0.0,-0.13611928686010796,2.261480946667647,-0.6130514266369574,0.07962787457531384
2025-05-21T00:37:47.109208,0.1,0.0,-0.127332078816752,2.2714703417342634,-0.6122885712346577,0.06643022726183911
2025-05-21T00:37:47.209206,0.1,0.0,-0.029418219765270367,2.2814081402327298,-0.6116590624237975,0.05863154394624326
2025-05-21T00:37:47.309240,0.1,0.0,-0.20756064809981434,2.2913929438749214,-0.611080335642424,0.04681200708155453
2025-05-21T00:37:47.409215,0.1,0.0,-0.17093761449877565,2.301437936923712,-0.6106622722869991,0.027788102590777793
2025-05-21T00:37:47.509211,0.1,0.0,-0.18447130369073414,2.311378268310461,-0.6104282439756058,0.01011731212554112
2025-05-21T00:37:47.609228,0.1,0.0,-0.08340038535467331,2.321388395618357,-0.6103731803054091,-0.0032922064152010044
2025-05-21T00:37:47.709197,0.1,0.0,-0.09796253169830958,2.3313796129954807,-0.6104268875714702,-0.012350089331888192
2025-05-21T00:37:47.809249,0.1,0.0,0.014749637497891708,2.341423222847084,-0.6105756451707981,-0.01651151942474405
2025-05-21T00:37:47.909213,0.1,0.0,-0.22833204866848808,2.3513888213388965,-0.6107365437719159,-0.02717487877476099
2025-05-21T00:37:48.009248,0.1,0.0,-0.04796242807988959,2.361379619710427,-0.6110651681672545,-0.04104474488610066
2025-05-21T00:37:48.109178,0.1,0.0,-0.1478954500973639,2.3713642027576096,-0.6114871982238029,-0.050825346131987637
2025-05-21T00:37:48.209426,0.1,0.0,-0.18215099116701824,2.3813544770842734,-0.6120324546442367,-0.06733116036818476
2025-05-21T00:37:48.309483,0.1,0.0,-0.07529390741872088,2.3913837835944665,-0.6127549094125848,-0.08027204111628272
2025-05-21T00:37:48.409228,0.1,0.0,-0.21402949888150943,2.401299235108758,-0.6135712483447744,-0.09470825207142929
2025-05-21T00:37:48.509229,0.1,0.0,-0.21658398557350741,2.4112479270313094,-0.6145700330799969,-0.11623602214425333
2025-05-21T00:37:48.609279,0.1,0.0,-0.17848494367325826,2.4212110210165534,-0.6157882690592518,-0.13606538582065753
2025-05-21T00:37:48.709233,0.1,0.0,-0.1317284342765845,2.431070673697132,-0.6171828255626751,-0.15150592806282018
2025-05-21T00:37:48.809182,0.1,0.0,-0.05825975867380872,2.4409453615590735,-0.6187237274278405,-0.16100611495680628
2025-05-21T00:37:48.909208,0.1,0.0,-0.10957742614979281,2.4508167190443495,-0.6203417185009414,-0.16939132971314041
2025-05-21T00:37:49.009366,0.1,0.0,-0.08496627761126918,2.4607200049334366,-0.6220635613223233,-0.17916617975025548
2025-05-21T00:37:49.109201,0.1,0.0,-0.19009496890678543,2.470506911019853,-0.6238574220862756,-0.19285955936927435
2025-05-21T00:37:49.209235,0.1,0.0,-0.1390951259233286,2.4803189459124,-0.6258220706234818,-0.20933176626791014
2025-05-21T00:37:49.309200,0.1,0.0,-0.1753212737280174,2.4900902416060076,-0.6279334505728893,-0.22504699183388024
2025-05-21T00:37:49.409207,0.1,0.0,-0.1754900162665529,2.499832321567518,-0.6302086570264298,-0.24259514737929203
2025-05-21T00:37:49.509217,0.1,0.0,-0.20675074722264816,2.509560170422088,-0.6326614868386272,-0.26177264839938763
2025-05-21T00:37:49.609186,0.1,0.0,-0.05626426817715079,2.5191686763386443,-0.6352888997674394,-0.2748517971445707
2025-05-21T00:37:49.709214,0.1,0.0,-0.1805467551007844,2.5287828126017717,-0.6380145708770031,-0.2866600170398698
2025-05-21T00:37:49.809456,0.1,0.0,-0.0026601183776653325,2.5384372041898873,-0.6409082825181972,-0.2958466663033894
2025-05-21T00:37:49.909501,0.1,0.0,-0.13488147715101426,2.5479380417965296,-0.6438047410272266,-0.30272172464009905
2025-05-21T00:37:50.009256,0.1,0.0,-0.13488147715101426,2.557492142717011,-0.646824154021291,-0.31623674378900857
2025-05-21T00:37:50.109180,0.1,0.0,0.7442556055300519,2.5669546218141006,-0.6499556955007874,-0.2858503035261468
2025-05-21T00:37:50.209201,0.1,0.0,0.7765397181442256,2.57660431322168,-0.6525975897198315,-0.2097636984569191
2025-05-21T00:37:50.309225,0.1,0.0,0.8039351250129831,2.5864428724107604,-0.6544928903743941,-0.13057290388230625
2025-05-21T00:37:50.409190,0.1,0.0,0.6263958327890805,2.596363559016529,-0.6555936953061173,-0.05911043049320331
2025-05-21T00:37:50.509257,0.1,0.0,0.632983026157735,2.606343086288258,-0.6560277391182026,0.003795795028014748
2025-05-21T00:37:50.609262,0.1,0.0,0.6125875360038457,2.616355464622721,-0.6558310257268143,0.06617728014165448
2025-05-21T00:37:50.709228,0.1,0.0,0.6392288730852101,2.62632501496697,-0.6550167238869713,0.12879288268548317
2025-05-21T00:37:50.809258,0.1,0.0,0.614191649719118,2.6362161201770866,-0.6535747136908922,0.1914428310980547
2025-05-21T00:37:50.909197,0.1,0.0,0.45710450036432526,2.6460092112635727,-0.6515200368572691,0.2450633397406792
2025-05-21T00:37:51.009245,0.1,0.0,0.5670537337007158,2.6557249555692377,-0.6489713792242847,0.2965315590674806
2025-05-21T00:37:51.109207,0.1,0.0,0.5049031254675017,2.665204665633227,-0.6459280183808752,0.3499348966516038
2025-05-21T00:37:51.209181,0.1,0.0,0.4232852696369316,2.6745507065864587,-0.6423828756908181,0.39634889853573213
2025-05-21T00:37:51.309227,0.1,0.0,0.4176357884296189,2.6837561392243656,-0.6384151668516168,0.4384978149453662
2025-05-21T00:37:51.409234,0.1,0.0,0.4985915196898848,2.6927634669930693,-0.6340759346571974,0.4843224474487893
2025-05-21T00:37:51.509576,0.1,0.0,0.3150946304078561,2.7015266518237926,-0.6293255198239439,0.5248752098749322
2025-05-21T00:37:51.609194,0.1,0.0,0.24320122121670892,2.7101584262049236,-0.6242358571800216,0.5528426615878351
2025-05-21T00:37:51.709191,0.1,0.0,0.2105614404703837,2.7186193144857183,-0.6189441425367767,0.5754819673915784
2025-05-21T00:37:51.809323,0.1,0.0,0.1914734198208967,2.7269770854186692,-0.6134595057160643,0.5955870674253427
2025-05-21T00:37:51.909241,0.1,0.0,0.20006019484020696,2.7352314230977726,-0.6078078552958192,0.6151703230122596
2025-05-21T00:37:52.009195,0.1,0.0,0.2603562003554238,2.743380315169185,-0.6019881013022623,0.638179798831013
2025-05-21T00:37:52.109242,0.1,0.0,0.07481711892453057,2.7513591844386682,-0.5959892720911033,0.6548912064266643
2025-05-21T00:37:52.209321,0.1,0.0,0.2014301608528579,2.759318437610945,-0.5898531355587325,0.6688085515637305
2025-05-21T00:37:52.309281,0.1,0.0,0.1444894614837455,2.7671019096691203,-0.5836380498228272,0.6860234469600309
2025-05-21T00:37:52.409270,0.1,0.0,0.016139019992703615,2.77481543872198,-0.5772765260843774,0.6940500536963933
2025-05-21T00:37:52.509292,0.1,0.0,0.3281280833110445,2.782489887937483,-0.5708848602424096,0.7112622726320379
2025-05-21T00:37:52.609438,0.1,0.0,0.32209871985964034,2.7900468131391127,-0.5642635452392601,0.7439278834296648
2025-05-21T00:37:52.709297,0.1,0.0,0.23075646961235982,2.7973351048939907,-0.5574470168184393,0.7714921933825485
2025-05-21T00:37:52.809218,0.1,0.0,-0.07765162596114927,2.8044677786053227,-0.5504294368643102,0.7791071361378296
2025-05-21T00:37:52.909314,0.1,0.0,0.03936301218320448,2.8115769411104865,-0.543436295382541,0.7772098303667949
2025-05-21T00:37:53.009335,0.1,0.0,-0.08044816274012323,2.818742572774527,-0.5363730881794513,0.7751008331202343
2025-05-21T00:37:53.109280,0.1,0.0,0.14078187142156914,2.8258738016954883,-0.5294151802934982,0.7781442387119073
2025-05-21T00:37:53.209237,0.1,0.0,-0.11988689743240187,2.8329539765807743,-0.522387810012753,0.779139026586789
2025-05-21T00:37:53.309255,0.1,0.0,-0.012934826360309069,2.8400895561322845,-0.515383117103475,0.7724854324835846
2025-05-21T00:37:53.409236,0.1,0.0,-0.061651922617809156,2.847288374486554,-0.508372410393468,0.7687596461063975
2025-05-21T00:37:53.509278,0.1,0.0,-0.08716372465173981,2.854472106323284,-0.5014451964791028,0.7613288473133291
2025-05-21T00:37:53.609211,0.1,0.0,0.02993188798110946,2.861742882366831,-0.4945465004570846,0.7585077564954609
2025-05-21T00:37:53.709250,0.1,0.0,0.0809806678844538,2.8689602732575357,-0.4876969846490632,0.7640374681764714
2025-05-21T00:37:53.809313,0.1,0.0,0.05861741162841438,2.87618854602529,-0.4807428920139485,0.7710346390954577
2025-05-21T00:37:53.909240,0.1,0.0,-0.05005432913268048,2.883379283017015,-0.47373521378374245,0.771431693157826
2025-05-21T00:37:54.009235,0.1,0.0,-0.19889922760098597,2.890505051608459,-0.4668229620681602,0.7590356248117955
2025-05-21T00:37:54.109192,0.1,0.0,-0.11184086765932742,2.8978018386599964,-0.4599697840663965,0.7434788459577559
2025-05-21T00:37:54.209233,0.1,0.0,-0.10990210586851122,2.905200822884029,-0.4532046672067354,0.7323618359984216
2025-05-21T00:37:54.309355,0.1,0.0,-0.021457775723781044,2.9126379288198057,-0.44655415041857005,0.7258068983484026
2025-05-21T00:37:54.409242,0.1,0.0,-0.08837781520165232,2.920115266333468,-0.43992596340674645,0.7203157330816188
2025-05-21T00:37:54.509284,0.1,0.0,-0.18479186839017722,2.9276480020176416,-0.43334444759955165,0.7066522814836841
2025-05-21T00:37:54.609332,0.1,0.0,0.057027510841078925,2.9352947572023815,-0.42687715170131685,0.7002788180412413
2025-05-21T00:37:54.709450,0.1,0.0,-0.08300471474900428,2.942921678279839,-0.420430855445982,0.699000091657493
2025-05-21T00:37:54.809244,0.1,0.0,-0.2735043535075809,2.950627705280652,-0.41398069480499955,0.6810406867706198
2025-05-21T00:37:54.909214,0.1,0.0,-0.03408518288606554,2.958406381137098,-0.40776423997702577,0.6658116512030671
2025-05-21T00:37:55.009261,0.1,0.0,-0.0879744530564741,2.9662688411207845,-0.40159941178612873,0.6597425048858515
2025-05-21T00:37:55.109612,0.1,0.0,-0.0879744530564741,2.9742517512168316,-0.3954354429337491,0.6508696427903362
2025-05-21T00:37:55.209553,0.1,0.0,-0.0879744530564741,2.9821593807891627,-0.38944039160893407,0.6421396816263397
2025-05-21T00:37:55.309213,0.1,0.0,-0.0879744530564741,2.9901890195226657,-0.38346274699511823,0.6333330997221642
2025-05-21T00:37:55.409304,0.1,0.0,-0.0879744530564741,2.998355953356938,-0.3774942326162168,0.6244340821207625
2025-05-21T00:37:55.509637,0.1,0.0,-0.0879744530564741,3.006384027053063,-0.3717354651798517,0.6157422320667872
2025-05-21T00:37:55.609259,0.1,0.0,-0.0879744530564741,3.0145785429799656,-0.36596490232143075,0.6069250159673558
2025-05-21T00:37:55.709214,0.1,0.0,-0.0879744530564741,3.022819906553467,-0.3602693675551603,0.5981117640945586
2025-05-21T00:37:55.809206,0.1,0.0,-0.0879744530564741,3.0310901593259536,-0.35466085263411595,0.5893207873999898
2025-05-21T00:37:55.909470,0.1,0.0,-0.0879744530564741,3.0393912065907824,-0.34913730162293244,0.5805490025962681
2025-05-21T00:37:56.009301,0.1,0.0,-0.0879744530564741,3.047741226342472,-0.3436862327603058,0.5717763368532944
2025-05-21T00:37:56.109254,0.1,0.0,-0.0879744530564741,3.0561653389453847,-0.33829166566249924,0.5629759215238836
2025-05-21T00:37:56.209322,0.1,0.0,-0.0879744530564741,3.064695359138616,-0.33293473128036627,0.554114553588132
2025-05-21T00:37:56.309245,0.1,0.0,-0.0879744530564741,3.0732955447611543,-0.3276394794790169,0.5452294212673214
2025-05-21T00:37:56.409287,0.1,0.0,-0.0879744530564741,3.0817560537287636,-0.3225327782986797,0.5365355576379125
2025-05-21T00:37:56.509238,0.1,0.0,-0.0879744530564741,3.0903396577663225,-0.31745330456947296,0.5277610251427145
2025-05-21T00:37:56.609265,0.1,0.0,-0.0879744530564741,3.0989927773590624,-0.31243475909068563,0.5189608195607445
2025-05-21T00:37:56.709394,0.1,0.0,-0.0879744530564741,3.107686550062932,-0.30749435146388765,0.5101638231146208
2025-05-21T00:37:56.809270,0.1,0.0,-0.0879744530564741,3.116393809173471,-0.3026470266693594,0.5013966317798557
2025-05-21T00:37:56.909233,0.1,0.0,-0.037909091106739234,3.1251812679314623,-0.2978555935101054,0.49509722721794613
2025-05-21T00:37:57.009419,0.1,0.0,-0.10148237079031451,3.1340079749787257,-0.2931004089596096,0.4880893595925598
2025-05-21T00:37:57.109723,0.1,0.0,-0.14209273819193455,3.1429221896773667,-0.2883967066759482,0.475797101442208
2025-05-21T00:37:57.209220,0.1,0.0,-0.08734080581366709,3.151747428993603,-0.28388847168313086,0.4644674214294904
2025-05-21T00:37:57.309206,0.1,0.0,-0.14451969948461205,3.160683875850165,-0.27943543298535267,0.4528793677574225
2025-05-21T00:37:57.409298,0.1,0.0,0.02230803515812285,3.169686086900141,-0.2750949834302132,0.4466852461294897
2025-05-21T00:37:57.509327,0.1,0.0,-0.17640645126529517,3.178698831427578,-0.2707719415702362,0.43913036702340147
2025-05-21T00:37:57.609312,0.1,0.0,-0.11480483222132463,3.1877631314015638,-0.26656293628069583,0.4245737015482746
2025-05-21T00:37:57.709198,0.1,0.0,-0.19894632934466358,3.1968938102290343,-0.26246677796506157,0.40888122945135885
2025-05-21T00:37:57.809448,0.1,0.0,-0.16044338561365667,3.206092767392025,-0.2585351019225242,0.3909052747104145
2025-05-21T00:37:57.909309,0.1,0.0,-0.22412065321669503,3.215380428680203,-0.25475116425617245,0.37164012522222967
2025-05-21T00:37:58.009391,0.1,0.0,-0.06898305304389728,3.224685456540866,-0.25118423648357974,0.35706332165508886
2025-05-21T00:37:58.109212,0.1,0.0,-0.2656889984082333,3.2340541895146355,-0.24770757607952015,0.34033688243620386
2025-05-21T00:37:58.209199,0.1,0.0,-0.23606531234747316,3.243525494122481,-0.24442443565885497,0.3151733852314149
2025-05-21T00:37:58.309297,0.1,0.0,-0.23311074430922393,3.253072944345338,-0.2413739326085965,0.29166064979747297
2025-05-21T00:37:58.409197,0.1,0.0,-0.29379635705028323,3.2626226812499546,-0.23856717013755024,0.265463864806073
2025-05-21T00:37:58.509506,0.1,0.0,-0.2419350421510935,3.2722969472962746,-0.23601312722471038,0.23865118648625797
2025-05-21T00:37:58.609336,0.1,0.0,-0.11731363903301649,3.282025970440586,-0.2337084040592225,0.22069335255487488
2025-05-21T00:37:58.709286,0.1,0.0,-0.3219989747975549,3.291831708235077,-0.23153882659224387,0.19863837746087754
2025-05-21T00:37:58.809405,0.1,0.0,-0.3166986522986215,3.3016007982106723,-0.22965366360470527,0.1668652299629936
2025-05-21T00:37:58.909216,0.1,0.0,-0.38588484670987294,3.311506738148684,-0.22806600344367423,0.13161010206962762
2025-05-21T00:37:59.009202,0.1,0.0,-0.4336833419186592,3.3214139502301068,-0.22685148329256044,0.09072109582091016
2025-05-21T00:37:59.109291,0.1,0.0,-0.22811405363622136,3.3313783531913934,-0.2260538053433181,0.05764289130992494
2025-05-21T00:37:59.209217,0.1,0.0,-0.5067640469533891,3.341366624772027,-0.22553455803202818,0.02088146180882733
2025-05-21T00:37:59.309252,0.1,0.0,-0.5067640469533891,3.3513694056806913,-0.2254524589967332,-0.02981483018178821
2025-05-21T00:37:59.409493,0.1,0.0,-0.5067640469533891,3.3613710251305045,-0.22587776711509386,-0.08054930191303278
2025-05-21T00:37:59.509317,0.1,0.0,-0.5067640469533891,3.371324169317238,-0.22680824635582775,-0.1312122470415806
2025-05-21T00:37:59.609198,0.1,0.0,-0.5067640469533891,3.381204237337863,-0.2282394905978295,-0.18180753187028031
2025-05-21T00:37:59.709426,0.1,0.0,-0.5067640469533891,3.3910194573305783,-0.23017281550083102,-0.23250732769785243
2025-05-21T00:37:59.809242,0.1,0.0,-0.9216667612438298,3.400742106658532,-0.2326058240077049,-0.2833016063012841
2025-05-21T00:37:59.909499,0.1,0.0,-0.9279931816112095,3.410255837289005,-0.23561446076767684,-0.3756013539887624
2025-05-21T00:38:00.009222,0.1,0.0,-0.9095857689711461,3.419453242620987,-0.2394896463601764,-0.46732697574234905
2025-05-21T00:38:00.109280,0.1,0.0,-0.9502017051301025,3.4282796240546114,-0.24419845398069642,-0.5603706126513708
2025-05-21T00:38:00.209644,0.1,0.0,-0.9856259782584053,3.436697757919961,-0.24976625297524302,-0.6581032095950965
2025-05-21T00:38:00.309276,0.1,0.0,-0.9793656169035224,3.444379598938361,-0.25601009303659794,-0.7553886498850299
2025-05-21T00:38:00.409178,0.1,0.0,-1.0210525842987248,3.451500519534408,-0.26305340081849676,-0.8556003494279464
2025-05-21T00:38:00.509183,0.1,0.0,-1.1207330158654194,3.4578464753843674,-0.2707465509456766,-0.9624333818324216
2025-05-21T00:38:00.609216,0.1,0.0,-1.1013704595656246,3.4633375156208444,-0.27912234848079,-1.0737514336669474
2025-05-21T00:38:00.709416,0.1,0.0,-1.0326363106341683,3.4678754864632055,-0.2880689534721363,-1.1808143779088738
2025-05-21T00:38:00.809176,0.1,0.0,-1.1635800550672102,3.471420921927448,-0.29736719027255804,-1.2901590888076797
2025-05-21T00:38:00.909175,0.1,0.0,-1.0526381220910583,3.4739086353264508,-0.307047194214541,-1.4009479935827212
2025-05-21T00:38:01.009188,0.1,0.0,-1.091107908189821,3.475339256978703,-0.31694701650043566,-1.5082032596493975
2025-05-21T00:38:01.109228,0.1,0.0,-1.1042068163421057,3.475692212061771,-0.3269378188998291,-1.6179774967600142
2025-05-21T00:38:01.209200,0.1,0.0,-0.98697313659706,3.474946589835748,-0.3368938070014609,-1.7224065484574713
2025-05-21T00:38:01.309255,0.1,0.0,-1.060635600137467,3.4731926079168898,-0.346739692056561,-1.8248241230702673
2025-05-21T00:38:01.409199,0.1,0.0,-0.9511099030491853,3.4704131631877897,-0.35638205658346267,-1.9258164673999885
2025-05-21T00:38:01.509460,0.1,0.0,-0.9239954196452003,3.4667261673547376,-0.3656470524883019,-2.019328975667675
2025-05-21T00:38:01.609179,0.1,0.0,-1.0490449223488783,3.4621948099034183,-0.37453285343716153,-2.1177557216176552
2025-05-21T00:38:01.709213,0.1,0.0,-0.9425782543628467,3.4567720854684634,-0.38293390505157326,-2.2173747013477065
2025-05-21T00:38:01.809212,0.1,0.0,-1.062522905589369,3.4505578851369716,-0.39077500531916437,-2.317706703973939
2025-05-21T00:38:01.909207,0.1,0.0,-0.8219501616596147,3.4435729962993915,-0.3979284398191901,-2.411938244778059
2025-05-21T00:38:02.009181,0.1,0.0,-0.7634954239752155,3.4359949346897136,-0.40443056832135377,-2.4911125493705786
2025-05-21T00:38:02.109227,0.1,0.0,-0.8269071034242148,3.4279217247392633,-0.4103340283628318,-2.570651323287744
2025-05-21T00:38:02.209203,0.1,0.0,-0.8044147465140328,3.4193958957619346,-0.4155643464122987,-2.6522693196757183
2025-05-21T00:38:02.309180,0.1,0.0,-0.6400718076635203,3.4104602942867968,-0.4200940287376258,-2.724625111654754
2025-05-21T00:38:02.409214,0.1,0.0,-0.5561113565847896,3.4012646181055506,-0.4239925584889238,-2.7843621326154073
2025-05-21T00:38:02.509245,0.1,0.0,-0.4663958599384354,3.3918561527367017,-0.4273560576287074,-2.835443814378495
2025-05-21T00:38:02.609249,0.1,0.0,-0.30020797547295697,3.382254085784675,-0.4302680209661405,-2.8738739421668082
2025-05-21T00:38:02.709412,0.1,0.0,-0.3042522494999167,3.3725885901632213,-0.4328414443718494,-2.904105720481761
2025-05-21T00:38:02.809196,0.1,0.0,-0.18962169771888912,3.362895590768488,-0.43511012436594804,-2.928669141151284
2025-05-21T00:38:02.909184,0.1,0.0,-0.12632850844998209,3.3531168364734927,-0.4371758494777188,-2.9444615345020217
2025-05-21T00:38:03.009218,0.1,0.0,-0.25421834923187386,3.3432472682521395,-0.4391144672997021,-2.963607567629469
2025-05-21T00:38:03.109284,0.1,0.0,-0.10019360275711041,3.333443639954455,-0.44081410020304834,-2.9812075831670213
2025-05-21T00:38:03.209234,0.1,0.0,-0.15984562058097396,3.3235574531198235,-0.4423880056715675,-2.994218219330018
2025-05-21T00:38:03.309209,0.1,0.0,-0.07901977753916656,3.313658806182099,-0.4438170575268757,-3.0061537836895638
2025-05-21T00:38:03.409307,0.1,0.0,0.11527761224072063,3.3037341980555732,-0.44514952333068536,-3.004299222504979
2025-05-21T00:38:03.509229,0.1,0.0,0.04765313772743917,3.293846421496553,-0.446544654613305,-2.9961685043689967
2025-05-21T00:38:03.609257,0.1,0.0,0.09551961523996287,3.283964998170307,-0.4480038814995979,-2.989016856360702
2025-05-21T00:38:03.709221,0.1,0.0,0.18300784474036155,3.2740849116470088,-0.4495473113417872,-2.9750904587549343
2025-05-21T00:38:03.809414,0.1,0.0,0.1347756644873854,3.2641743130851992,-0.45125979512075254,-2.959121845786381
2025-05-21T00:38:03.909242,0.1,0.0,0.1517709217474783,3.2544048002264425,-0.45309635468956794,-2.9448760981749293
2025-05-21T00:38:04.009262,0.1,0.0,0.042157151519552905,3.244591783696201,-0.45509082384984856,-2.9351520140971132
2025-05-21T00:38:04.109193,0.1,0.0,0.134854896720189,3.2348080465398215,-0.4571505390237255,-2.926289863772695
2025-05-21T00:38:04.209701,0.1,0.0,0.2232361860149434,3.2250068554104176,-0.45932877445760084,-2.908293037594829
2025-05-21T00:38:04.310072,0.1,0.0,0.20172221371725027,3.2152200987112876,-0.461712561595248,-2.8869036037840856
2025-05-21T00:38:04.410008,0.1,0.0,0.005954325426946737,3.2056431672767505,-0.46425694796413997,-2.8762613815566747
2025-05-21T00:38:04.509252,0.1,0.0,0.11219315432787534,3.1960035406639054,-0.4668779426389875,-2.870350858090468
2025-05-21T00:38:04.609236,0.1,0.0,0.13229426592384239,3.186285933963279,-0.4696100301303648,-2.858009646112589
2025-05-21T00:38:04.709874,0.1,0.0,0.035067283212977245,3.1767472084405703,-0.4724240463305932,-2.8496909012600784
2025-05-21T00:38:04.809220,0.1,0.0,0.14447230174744694,3.1671431388940774,-0.4753191223624257,-2.8409019181684143
2025-05-21T00:38:04.909316,0.1,0.0,0.14447230174744694,3.1576634017058063,-0.4782960570125319,-2.8265468073831546
2025-05-21T00:38:05.009377,0.1,0.0,0.1307525454629976,3.14811149971493,-0.4814474554750294,-2.812707249434178
2025-05-21T00:38:05.109290,0.1,0.0,-0.057728163566426176,3.1387197337446104,-0.48468676668811445,-2.8091109028829826
2025-05-21T00:38:05.209228,0.1,0.0,-0.07702609623317036,3.129271790686583,-0.48793390402159714,-2.8158420919623057
2025-05-21T00:38:05.310044,0.1,0.0,-0.12315114484999999,3.119780798595265,-0.49111943545869186,-2.8258672079455103
2025-05-21T00:38:05.413066,0.1,0.0,-0.11627280208115208,3.109879939045767,-0.49431852731220244,-2.838331641796808
2025-05-21T00:38:05.509511,0.1,0.0,-0.11149321696055202,3.1006573446712093,-0.49717602309610004,-2.8493210570122764
2025-05-21T00:38:05.614118,0.1,0.0,-0.14764096691065595,3.090902191074424,-0.5000811487285128,-2.862420507749843
2025-05-21T00:38:05.710254,0.1,0.0,-0.034859617062248376,3.0814539338390756,-0.5027525728767676,-2.8712499621417904
2025-05-21T00:38:05.809344,0.1,0.0,-0.08337680869631825,3.071791037318739,-0.5054213366501186,-2.877204399586528
2025-05-21T00:38:05.909222,0.1,0.0,-0.25859884414356266,3.062211633152197,-0.5079934868346526,-2.8942618640477873
2025-05-21T00:38:06.009218,0.1,0.0,-0.12963049254437917,3.052475086872542,-0.5103849481035714,-2.913677636590644
2025-05-21T00:38:06.109184,0.1,0.0,-0.26257527715652035,3.0427828605338987,-0.5126001291393816,-2.9331987577279306
2025-05-21T00:38:06.209236,0.1,0.0,-0.1646651992392889,3.0329727819768997,-0.5146073318402761,-2.954589409879446
2025-05-21T00:38:06.309259,0.1,0.0,-0.3486184371283673,3.0231338281282176,-0.5164270541233712,-2.980271329504916
2025-05-21T00:38:06.409218,0.1,0.0,-0.060031487941178956,3.013241274834876,-0.5179484637589304,-3.000709153156333
2025-05-21T00:38:06.509230,0.1,0.0,-0.27958968769218767,3.003356247344352,-0.5193352855971048,-3.0176882551331534
2025-05-21T00:38:06.609273,0.1,0.0,-0.22544391078098244,2.9933749303034136,-0.5205072408911896,-3.04305490948302
2025-05-21T00:38:06.709231,0.1,0.0,-0.1592967580057536,2.983403303059068,-0.521436214559889,-3.0622944693516514
2025-05-21T00:38:06.809369,0.1,0.0,-0.1558810562361801,2.9734759007211533,-0.5221854988997231,-3.0779825625655617
2025-05-21T00:38:06.909215,0.1,0.0,-0.053644976738516086,2.9635132805626494,-0.5227811818776557,-3.0884243826806537
2025-05-21T00:38:07.009251,0.1,0.0,-0.053644976738516086,2.9534734600742345,-0.523301911648826,-3.0938174863770955
2025-05-21T00:38:07.109456,0.1,0.0,-0.053644976738516086,2.943537846778898,-0.5237636658537246,-3.099153201526921
2025-05-21T00:38:07.209221,0.1,0.0,-0.053644976738516086,2.93353749496603,-0.5241748833088856,-3.1045224263696674
2025-05-21T00:38:07.309210,0.1,0.0,-0.3410839326970372,2.9235560715913422,-0.5245316788056347,-3.124253139719638
2025-05-21T00:38:07.409385,0.1,0.0,-0.3580253551569567,2.9135594335427792,-0.5246197985048295,3.1239881571466235
2025-05-21T00:38:07.509243,0.1,0.0,-0.36779642880378155,2.9035193380207436,-0.5243527246548585,3.0875355485648264
2025-05-21T00:38:07.609229,0.1,0.0,-0.27773919990021984,2.893587629988995,-0.5237241251836591,3.0554176459850746
2025-05-21T00:38:07.709186,0.1,0.0,-0.3153598238395894,2.883638582400249,-0.5227950504423114,3.0257912459337515
2025-05-21T00:38:07.809255,0.1,0.0,-0.26611764931941945,2.873666514868395,-0.5215549318754424,2.996562999308267
2025-05-21T00:38:07.909222,0.1,0.0,-0.22600173094796336,2.8638147548094515,-0.5200492503817075,2.9720444104197945
2025-05-21T00:38:08.009178,0.1,0.0,-0.203073969048263,2.8539746854669583,-0.5183074681426143,2.950604619537887
2025-05-21T00:38:08.109213,0.1,0.0,-0.16928699751682652,2.844150224368903,-0.5163560828541686,2.9319573942504142
2025-05-21T00:38:08.209280,0.1,0.0,-0.16448721062673144,2.8343918107463573,-0.5142367240230077,2.9152918813790922
2025-05-21T00:38:08.309230,0.1,0.0,-0.20470714636299234,2.824654163422747,-0.511952467830698,2.8968308597131776
2025-05-21T00:38:08.409181,0.1,0.0,-0.11425167650897293,2.814964692859417,-0.5094795828411917,2.8808784888730825
2025-05-21T00:38:08.509236,0.1,0.0,-0.07598205102581135,2.805313463396612,-0.5068752253018329,2.8713660073585947
2025-05-21T00:38:08.609304,0.1,0.0,-0.12464396156295686,2.795641445303406,-0.5041761805764482,2.861286671307564
2025-05-21T00:38:08.709232,0.1,0.0,-0.2116128094188263,2.7860749241654155,-0.5013899232104626,2.844519275753478
2025-05-21T00:38:08.809202,0.1,0.0,-0.08548544515277756,2.7765235791150555,-0.49841056131386235,2.829646178873343
2025-05-21T00:38:08.909193,0.1,0.0,-0.04557734355400855,2.767023959586985,-0.4953247689002064,2.8230950047179206
2025-05-21T00:38:09.009277,0.1,0.0,-0.05444967990540505,2.7575243254541655,-0.4921805087676796,2.81809092262486
2025-05-21T00:38:09.109182,0.1,0.0,-0.09723777586493786,2.7480190099380715,-0.488979121300692,2.8104772626487167
2025-05-21T00:38:09.209173,0.1,0.0,-0.09117523173352902,2.7385614630795856,-0.4857021331284913,2.801049716273999
2025-05-21T00:38:09.309196,0.1,0.0,-0.03194818316979763,2.729176649815838,-0.4823526327340563,2.794913580646745
2025-05-21T00:38:09.409275,0.1,0.0,0.014056113406877289,2.719766270550849,-0.4789444419069083,2.794013435614813
2025-05-21T00:38:09.509199,0.1,0.0,0.04844587259202448,2.710368845724347,-0.47554360464445017,2.797136383398384
2025-05-21T00:38:09.609166,0.1,0.0,-0.07382257970422133,2.700942932863843,-0.4721748687914383,2.795881053337226
2025-05-21T00:38:09.709185,0.1,0.0,-0.07382257970422133,2.6915538301859088,-0.46877357487509064,2.7885089755969688
2025-05-21T00:38:09.809221,0.1,0.0,0.014188745663202827,2.6821525474013734,-0.4652891760574411,2.785530885366768
2025-05-21T00:38:09.909181,0.1,0.0,-0.03345982957298709,2.6727936621855157,-0.4618122546484743,2.784563670679466
2025-05-21T00:38:10.009242,0.1,0.0,-0.03345982957298709,2.66343917399216,-0.45831398807328094,2.7812219668236775
2025-05-21T00:38:10.109167,0.1,0.0,-0.13664963386683546,2.6540803971359432,-0.454778409655782,2.772725055053871
2025-05-21T00:38:10.209211,0.1,0.0,0.12807062696457924,2.644698224096786,-0.45111447145139244,2.7723568127845297
2025-05-21T00:38:10.309186,0.1,0.0,-0.055321001122013984,2.6354082377628525,-0.44755337383315524,2.7759068788158796
2025-05-21T00:38:10.409209,0.1,0.0,0.09088794997420434,2.6260884125591657,-0.4439699715407917,2.7776839345864417
2025-05-21T00:38:10.509216,0.1,0.0,0.14736735073656024,2.6167314609487904,-0.440430504804505,2.7895944336643144
2025-05-21T00:38:10.609267,0.1,0.0,0.042854513834762464,2.6072751086166877,-0.43699695987153303,2.799128922445682
2025-05-21T00:38:10.709353,0.1,0.0,-0.051986712732488,2.597901380408888,-0.4336663751809647,2.7986515505079934
2025-05-21T00:38:10.809435,0.1,0.0,0.03849851136451865,2.5884732273920115,-0.43028621454671523,2.797988459748262
2025-05-21T00:38:10.909221,0.1,0.0,0.04328471539541744,2.579088995954114,-0.42693870975328096,2.802062571580622
2025-05-21T00:38:11.009340,0.1,0.0,-0.0357382099074488,2.569660821781215,-0.42362006531717883,2.80247439167488
2025-05-21T00:38:11.109215,0.1,0.0,-0.07693646454422165,2.560217777858601,-0.4202795723664732,2.7968369476123236
2025-05-21T00:38:11.209184,0.1,0.0,0.1697468245155609,2.5508171784007323,-0.41688343065192296,2.8014766232608697
2025-05-21T00:38:11.309182,0.1,0.0,0.02145576271646132,2.54137761878915,-0.4135880776026228,2.811027829430241
2025-05-21T00:38:11.409594,0.1,0.0,0.05109304792908497,2.531884361252172,-0.4103361189753326,2.814673623892114
2025-05-21T00:38:11.509371,0.1,0.0,0.14797213226863778,2.5224385314418636,-0.40714657606368426,2.824610689363931
2025-05-21T00:38:11.609285,0.1,0.0,0.0322695856265176,2.512930331011293,-0.40406636629519105,2.8336168810401787
2025-05-21T00:38:11.709321,0.1,0.0,0.06566550561503014,2.503399909859058,-0.4010432307972736,2.8385141502750155
2025-05-21T00:38:11.809356,0.1,0.0,0.1009645869117126,2.4938522128603156,-0.3980747406592747,2.8468335492205297
2025-05-21T00:38:11.909337,0.1,0.0,0.036104512640326984,2.4842648731557806,-0.3951904357957671,2.8536956830278335
2025-05-21T00:38:12.009316,0.1,0.0,0.15995918672355502,2.4746882372649437,-0.3923639502686677,2.863495085548429
2025-05-21T00:38:12.109320,0.1,0.0,0.08633116797736039,2.465062569762545,-0.38965744243799405,2.8758105381756423
2025-05-21T00:38:12.209687,0.1,0.0,0.12478236137159925,2.4553483144787904,-0.3870356490004555,2.886442930241911
2025-05-21T00:38:12.309702,0.1,0.0,0.056704545011422296,2.4457132753748687,-0.3845544099202522,2.8954548614601716
2025-05-21T00:38:12.409246,0.1,0.0,0.11543602776469929,2.436012654283966,-0.3821319164971711,2.9040638297362147
2025-05-21T00:38:12.509278,0.1,0.0,0.11803881198827691,2.4262968932431863,-0.379809369841555,2.915725455649146
2025-05-21T00:38:12.609357,0.1,0.0,0.13532486655540074,2.4165409563266027,-0.37759787002422496,2.928394129462733
2025-05-21T00:38:12.709221,0.1,0.0,0.1490754296520058,2.4067477741351455,-0.3755124605949178,2.9426289020741265
2025-05-21T00:38:12.809424,0.1,0.0,0.036256586702901876,2.3969523228826977,-0.3735752955105535,2.951903377136837
2025-05-21T00:38:12.909217,0.1,0.0,0.09007682450157815,2.3871112178396117,-0.3716950915311672,2.958237676031626
2025-05-21T00:38:13.009223,0.1,0.0,0.11916312620853352,2.3772396740558777,-0.3698876010013221,2.9687446701056874
2025-05-21T00:38:13.109817,0.1,0.0,0.1598300293869792,2.3674222850736633,-0.3682035857245789,2.9826472285753214
2025-05-21T00:38:13.209280,0.1,0.0,0.08733400939712198,2.3575318091836723,-0.3666587180736241,2.9950124717344497
2025-05-21T00:38:13.309255,0.1,0.0,-0.0554730272277204,2.3476543223842974,-0.3652224029141005,2.996622134300318
2025-05-21T00:38:13.409373,0.1,0.0,0.05492818398563969,2.337757809705683,-0.3637635394871336,2.996576983925501
2025-05-21T00:38:13.509304,0.1,0.0,0.14480543312539004,2.3278578920822035,-0.36233162506718813,3.006458115689986
2025-05-21T00:38:13.609253,0.1,0.0,-0.008965830663757444,2.317946379437953,-0.36102054326911337,3.0132514851522885
2025-05-21T00:38:13.709219,0.1,0.0,0.09147148730358155,2.308039702409699,-0.3597398266258856,3.017341340698689
2025-05-21T00:38:13.809257,0.1,0.0,0.08093636582581665,2.2980498257751694,-0.3585154872431822,3.026013766509756
2025-05-21T00:38:13.910436,0.1,0.0,0.1450348424236236,2.2881547771043853,-0.3573869114984191,3.0372406087489567
2025-05-21T00:38:14.009325,0.1,0.0,0.0776632725481674,2.277977307233559,-0.35635914257272205,3.048591084484803
2025-05-21T00:38:14.109250,0.1,0.0,0.11208108213484501,2.268252152406044,-0.355470664637822,3.0578789261293835
2025-05-21T00:38:14.209282,0.1,0.0,0.060780586947262176,2.258289076487066,-0.3546627595103858,3.066524883706184
2025-05-21T00:38:14.309491,0.1,0.0,0.0547537286284061,2.2483115902225226,-0.35392761328695693,3.072305769975804
2025-05-21T00:38:14.409192,0.1,0.0,0.11337747730609136,2.238360428016278,-0.3532506733263607,3.0806952213197523
2025-05-21T00:38:14.509230,0.1,0.0,0.11629727470781835,2.228367617034943,-0.35266983541797176,3.092189869533268
2025-05-21T00:38:14.609348,0.1,0.0,0.03332163651685204,2.2182413252877207,-0.3521990739138884,3.0997441891336353
2025-05-21T00:38:14.709441,0.1,0.0,0.12961232611821358,2.208356235650051,-0.3517933143300383,3.107712365392021
2025-05-21T00:38:14.809334,0.1,0.0,0.08827339745022254,2.198200097931156,-0.3514825604645125,3.1188010186178845
2025-05-21T00:38:14.909208,0.1,0.0,0.054066051662986496,2.1883812469537776,-0.35128001623749633,3.125757054475459
2025-05-21T00:38:15.009357,0.1,0.0,0.08194721260386673,2.178373446223614,-0.3511350653578953,3.132557560758075
2025-05-21T00:38:15.109226,0.1,0.0,0.06464986102989621,2.1683805394944407,-0.35106523565414705,3.139883250687869
2025-05-21T00:38:15.209225,0.1,0.0,0.03304103798564383,2.1584055483341156,-0.3510642661066106,-3.138428191019153
2025-05-21T00:38:15.309224,0.1,0.0,0.013101111732810587,2.14839314792418,-0.3511042310115899,-3.1361179086822366
2025-05-21T00:38:15.409294,0.1,0.0,-0.000921638461267582,2.1382906890586,-0.35116288251101035,-3.1355098213826347
2025-05-21T00:38:15.509567,0.1,0.0,-0.000921638461267582,2.128305330105526,-0.35122339283798815,-3.1356018519810136
2025-05-21T00:38:15.609243,0.1,0.0,-0.000921638461267582,2.1183613066767246,-0.3512827383818748,-3.135693501557632
2025-05-21T00:38:15.709190,0.1,0.0,-0.000921638461267582,2.1083657326368757,-0.35134147425952195,-3.135785626202904
2025-05-21T00:38:15.809697,0.1,0.0,-0.000921638461267582,2.098382503105903,-0.3513992181517448,-3.1358776370250667
2025-05-21T00:38:15.909686,0.1,0.0,-0.047250562364282704,2.088378287806423,-0.3514561624325623,-3.1382672093178776
2025-05-21T00:38:16.009241,0.1,0.0,-0.047250562364282704,2.078405340086345,-0.3514775780977892,3.1402058098431738
2025-05-21T00:38:16.109253,0.1,0.0,-0.036651925193872385,2.068397307285144,-0.3514518668492011,3.136006114944708
2025-05-21T00:38:16.209358,0.1,0.0,0.04443323260220899,2.058343102977917,-0.3513864353527369,3.136424527079428
2025-05-21T00:38:16.309598,0.1,0.0,-0.049484312480787544,2.048350210322736,-0.35134588172451287,3.1361176937698643
2025-05-21T00:38:16.409345,0.1,0.0,-0.037005813666074465,2.0383867149359296,-0.351279050275797,3.131812835098966
2025-05-21T00:38:16.509219,0.1,0.0,0.004739611127594356,2.0283685633387876,-0.35117178497570195,3.1301893470915676
2025-05-21T00:38:16.609257,0.1,0.0,-0.030466030074541847,2.0183764333071905,-0.3510590199548449,3.128912278952554
2025-05-21T00:38:16.709249,0.1,0.0,-0.030466030074541847,2.008398065670242,-0.3509248983664802,3.1258719909777124
2025-05-21T00:38:16.809342,0.1,0.0,0.0016599939078132395,1.998385896282006,-0.3507598496044592,3.124421123189885
2025-05-21T00:38:16.909229,0.1,0.0,0.0016599939078132395,1.9883946675236954,-0.35058868247975633,3.1245870013156996
2025-05-21T00:38:17.009263,0.1,0.0,0.0016599939078132395,1.9783807401503741,-0.3504187889659335,3.1247532558220072
2025-05-21T00:38:17.109263,0.1,0.0,0.0016599939078132395,1.9683597284696053,-0.35025044211123296,3.1249196274772384
2025-05-21T00:38:17.209225,0.1,0.0,0.0016599939078132395,1.958412850732,-0.3500849929586973,3.1250847678814564
2025-05-21T00:38:17.309251,0.1,0.0,0.0016599939078132395,1.9483470625006951,-0.34991923360058325,3.1252518820075643
2025-05-21T00:38:17.409239,0.1,0.0,0.021439682087289743,1.9383595330228838,-0.349756429263908,3.12640469450886
2025-05-21T00:38:17.509231,0.1,0.0,0.021439682087289743,1.9284149237068413,-0.3496106817600985,3.1285370164059074
2025-05-21T00:38:17.609388,0.1,0.0,-0.03732637364814217,1.918399411715805,-0.349485293282331,3.127735600688254
2025-05-21T00:38:17.709307,0.1,0.0,-0.03732637364814217,1.908417945564907,-0.34933767075984584,3.124009472272167
2025-05-21T00:38:17.809271,0.1,0.0,-0.0624894252171515,1.898417552160492,-0.34915247693404616,3.119018249011706
2025-05-21T00:38:17.909212,0.1,0.0,-0.1092362364368926,1.8884171022617409,-0.34891104755596836,3.1104330349235143
2025-05-21T00:38:18.009358,0.1,0.0,-0.020453810446927623,1.878380505128142,-0.34857065583945296,3.103939524670123
2025-05-21T00:38:18.109245,0.1,0.0,-0.0427236885788318,1.8684291561997128,-0.34819070461917484,3.100787122062341
2025-05-21T00:38:18.209258,0.1,0.0,-0.05756833237209213,1.8584206200848463,-0.3477713473424441,3.0957619564074736
2025-05-21T00:38:18.309244,0.1,0.0,-0.040849152344887285,1.8484565523525436,-0.3473000312981761,3.0908534939477192
2025-05-21T00:38:18.409234,0.1,0.0,-0.04706225171603017,1.8384471749760745,-0.3467814561749307,3.086450445841261
2025-05-21T00:38:18.509243,0.1,0.0,-0.08600665789391003,1.828482207198587,-0.34621966998827336,3.079811081013709
2025-05-21T00:38:18.609317,0.1,0.0,-0.08575326496202516,1.8184893944343339,-0.3455799116344389,3.0712116861052454
2025-05-21T00:38:18.709259,0.1,0.0,-0.012902028277483877,1.8084814778402492,-0.34485274084230205,3.0662817394974775
2025-05-21T00:38:18.809526,0.1,0.0,-0.12649964702253988,1.7985197519676337,-0.3440978644580135,3.0592656531444735
2025-05-21T00:38:18.909239,0.1,0.0,-0.11215498857874205,1.7885867045861785,-0.3432467155254353,3.0473721364991793
2025-05-21T00:38:19.009255,0.1,0.0,-0.03610357341164327,1.7786404512996987,-0.3422786658292853,3.039953710535751
2025-05-21T00:38:19.109171,0.1,0.0,-0.039655705937281516,1.7686865660341415,-0.34125438091223215,3.0361639662646684
2025-05-21T00:38:19.209239,0.1,0.0,-0.09020391203973242,1.7587580632358455,-0.34019379692025703,3.0296801804261664
2025-05-21T00:38:19.309236,0.1,0.0,-0.07170069011431134,1.7488245719340672,-0.33905476447244365,3.0215842334576024
2025-05-21T00:38:19.409297,0.1,0.0,-0.04322885147832633,1.7388510555263479,-0.3378338508160357,3.015815147991038
2025-05-21T00:38:19.509251,0.1,0.0,-0.07002538328948703,1.7289668983893036,-0.33657323328475014,3.0101679589941686
2025-05-21T00:38:19.609264,0.1,0.0,-0.013015086866062784,1.719050816190791,-0.33524478463268165,3.0060180737948823
2025-05-21T00:38:19.709200,0.1,0.0,-0.029514429622834456,1.7091645232089363,-0.3338929121893793,3.003898723352047
2025-05-21T00:38:19.809427,0.1,0.0,-0.029514429622834456,1.6992478740762949,-0.33251128738940794,3.000943610000947
2025-05-21T00:38:19.909442,0.1,0.0,-0.10335851875790557,1.6893421247628955,-0.33110133251835755,2.9943137907731856
2025-05-21T00:38:20.009267,0.1,0.0,-0.05427970991628949,1.6794605198280719,-0.3296092770318241,2.986438231162108
2025-05-21T00:38:20.109245,0.1,0.0,-0.036878930757011645,1.6695842039216806,-0.328050776443455,2.9818801635921295
2025-05-21T00:38:20.209301,0.1,0.0,-0.06533067738360153,1.6597047685702524,-0.32644999871818564,2.9767638063214807
2025-05-21T00:38:20.309375,0.1,0.0,-0.07711655930425998,1.6498498598585674,-0.324794219164945,2.969646680782617
2025-05-21T00:38:20.409275,0.1,0.0,-0.08966878587081782,1.6400013955010164,-0.32306436222276447,2.9613089311462266
2025-05-21T00:38:20.509249,0.1,0.0,-0.0527981625810403,1.6301718810105623,-0.32125004249323985,2.9541867325720066
2025-05-21T00:38:20.609313,0.1,0.0,-0.060802122339000945,1.6203027501835963,-0.31936498639260485,2.9484836963213343
2025-05-21T00:38:20.709494,0.1,0.0,-0.04408489785355462,1.6105333174667549,-0.31743925901026804,2.9432649632518855
2025-05-21T00:38:20.809258,0.1,0.0,0.005267841313545407,1.6007406945118745,-0.31546001897353804,2.941324373005976
2025-05-21T00:38:20.909236,0.1,0.0,-0.0928347941013563,1.590946805522925,-0.3134733057778989,2.936967572951181
2025-05-21T00:38:21.009289,0.1,0.0,-0.092317255943265,1.5810900366113458,-0.3114036891004279,2.9276436421555543
2025-05-21T00:38:21.109250,0.1,0.0,0.0004757055733639603,1.5713534171583259,-0.30926470068428713,2.9230708895184367
2025-05-21T00:38:21.209233,0.1,0.0,0.008922913302445988,1.561616766856479,-0.30710262557991,2.9235403631768904
2025-05-21T00:38:21.309235,0.1,0.0,0.008922913302445988,1.551857091716334,-0.30494240652864263,2.9244322877453897
2025-05-21T00:38:21.409229,0.1,0.0,0.008922913302445988,1.5420494143441525,-0.30278074774725816,2.9253284224153564
2025-05-21T00:38:21.509239,0.1,0.0,0.008922913302445988,1.5322842154302276,-0.300637615334538,2.9262205001558144
2025-05-21T00:38:21.609228,0.1,0.0,-0.05961669257042445,1.5225474830160315,-0.29850982586098324,2.9236876473855506
2025-05-21T00:38:21.709234,0.1,0.0,-0.05961669257042445,1.5127901886990351,-0.2963341032041806,2.917727803171072
2025-05-21T00:38:21.809256,0.1,0.0,0.0244542183731522,1.503042085311133,-0.2940993560565362,2.915962770280201
2025-05-21T00:38:21.909228,0.1,0.0,0.015530311507641057,1.4932294154876926,-0.2918533282082598,2.9179744483418553
2025-05-21T00:38:22.009239,0.1,0.0,-0.012316869854003263,1.4835503768683214,-0.2896560276808116,2.9181287086504533
2025-05-21T00:38:22.109247,0.1,0.0,-0.012316869854003263,1.4737935759795988,-0.2874355410997158,2.91689624758504
2025-05-21T00:38:22.209245,0.1,0.0,-0.012316869854003263,1.4640331979802683,-0.2852015830491543,2.9156629877724205
2025-05-21T00:38:22.309209,0.1,0.0,-0.012316869854003263,1.4542956555742144,-0.2829602159578926,2.914432265156808
2025-05-21T00:38:22.409184,0.1,0.0,-0.006152112620361193,1.4445686829962825,-0.2807086753010683,2.9135097614584637
2025-05-21T00:38:22.509261,0.1,0.0,-0.006152112620361193,1.4348248885807793,-0.27844534576421814,2.9128943527681157
2025-05-21T00:38:22.609245,0.1,0.0,-0.006152112620361193,1.4250171262592117,-0.2761607844989707,2.91227481509784
2025-05-21T00:38:22.709297,0.1,0.0,-0.006152112620361193,1.4153074760031479,-0.27389274979543193,2.911661386557723
2025-05-21T00:38:22.809230,0.1,0.0,-0.006152112620361193,1.405606832652596,-0.2716205438513883,2.9110484391207745
2025-05-21T00:38:22.909221,0.1,0.0,-0.09928689479335338,1.3958824248983506,-0.26933647895780927,2.9057946424130243
2025-05-21T00:38:23.009438,0.1,0.0,-0.0786944512670762,1.3861507016268475,-0.26697265881476023,2.896875656918265
2025-05-21T00:38:23.109261,0.1,0.0,-0.07831701245517797,1.376443056879586,-0.26452812520001234,2.889016643091038
2025-05-21T00:38:23.209233,0.1,0.0,-0.034428475095805704,1.3667764390525123,-0.26201311596370885,2.8833852827603614
2025-05-21T00:38:23.309225,0.1,0.0,-0.060338407071949256,1.3571067504315097,-0.25945041403862246,2.8786468217307926
2025-05-21T00:38:23.409260,0.1,0.0,0.006795174475254794,1.347443031004826,-0.2568334918783919,2.8759713289197695
2025-05-21T00:38:23.509245,0.1,0.0,-0.09041673828420026,1.3377695085924648,-0.2542035817285338,2.8717700738658873
2025-05-21T00:38:23.609208,0.1,0.0,0.002945807394070243,1.328167589696242,-0.2515247008217847,2.8674195589987734
2025-05-21T00:38:23.709258,0.1,0.0,0.010154097653403138,1.3185576605920746,-0.2488226120995644,2.868072806973939
2025-05-21T00:38:23.809236,0.1,0.0,0.010154097653403138,1.308907096745275,-0.2461177822131047,2.8690904962827624
2025-05-21T00:38:23.909184,0.1,0.0,0.010154097653403138,1.2992937908523936,-0.24343393290543913,2.870103968339304
2025-05-21T00:38:24.009208,0.1,0.0,0.010154097653403138,1.2896556939616222,-0.24075369475407837,2.8711197669052853
2025-05-21T00:38:24.109184,0.1,0.0,-0.015601558684689152,1.2800238409982496,-0.23808572820319107,2.8708490135034825
2025-05-21T00:38:24.209308,0.1,0.0,-0.015601558684689152,1.270362115295392,-0.23539995964006688,2.869284477314583
2025-05-21T00:38:24.309191,0.1,0.0,-0.015601558684689152,1.260733232423913,-0.23270709689478214,2.8677245795933946
2025-05-21T00:38:24.409185,0.1,0.0,-0.015601558684689152,1.2511186591108012,-0.23000206242743854,2.866166318540846
2025-05-21T00:38:24.509210,0.1,0.0,-0.05375481507256751,1.2415116845272207,-0.22728300502651963,2.8627094939427717
2025-05-21T00:38:24.609211,0.1,0.0,-0.03714982877804029,1.2318830181756915,-0.2245118461461021,2.8581541418009238
2025-05-21T00:38:24.709195,0.1,0.0,-0.023036723216478535,1.2222961226805387,-0.2217097167405914,2.85514758434177
2025-05-21T00:38:24.809221,0.1,0.0,-0.023036723216478535,1.2127075049015559,-0.2188794328185527,2.852844463455357
2025-05-21T00:38:24.909263,0.1,0.0,-0.031342524652853136,1.2031213185459675,-0.2160258460506019,2.850127236606612
2025-05-21T00:38:25.009199,0.1,0.0,-0.03764831551992476,1.1934983265715386,-0.21313059682869792,2.8466604339972985
2025-05-21T00:38:25.109448,0.1,0.0,-0.05661338601355314,1.1839728059733172,-0.21022706352132378,2.841970951618203
2025-05-21T00:38:25.209243,0.1,0.0,-0.04950794764261301,1.1744337955715645,-0.20726547698608325,2.836670480368638
2025-05-21T00:38:25.309240,0.1,0.0,-0.06867545973171406,1.164898309226312,-0.20425132321380174,2.830763443344985
2025-05-21T00:38:25.409267,0.1,0.0,-0.09817304875229692,1.1553643378782046,-0.20117050780577966,2.822406516337333
2025-05-21T00:38:25.509198,0.1,0.0,-0.1344477559731416,1.1458859633959018,-0.19801223297066545,2.8107851828775114
2025-05-21T00:38:25.609187,0.1,0.0,0.026125731061699128,1.1364447944853038,-0.19473438137242455,2.8053594962335264
2025-05-21T00:38:25.709221,0.1,0.0,-0.2773510190583605,1.1270060785574612,-0.19144242318461507,2.792842072001406
2025-05-21T00:38:25.809244,0.1,0.0,0.07288329508726042,1.1176237604640136,-0.18795698074730374,2.782496037045722
2025-05-21T00:38:25.909275,0.1,0.0,0.006720425246602434,1.1082529707030897,-0.1844589216727169,2.7864879926992456
2025-05-21T00:38:26.009221,0.1,0.0,0.05095784171053274,1.0988800283553324,-0.18098499848464175,2.7893709396135407
2025-05-21T00:38:26.109218,0.1,0.0,0.019278125107600186,1.0894968740820314,-0.1775497875893905,2.7928854357098913
2025-05-21T00:38:26.209222,0.1,0.0,0.02831746255490541,1.0800930516331682,-0.1741360274535907,2.795265195333629
2025-05-21T00:38:26.309191,0.1,0.0,0.02831746255490541,1.0706839791671419,-0.17074808201872124,2.7980970671653314
2025-05-21T00:38:26.409185,0.1,0.0,-0.053397362035614286,1.0612807355817109,-0.16739227388227937,2.796852350957666
2025-05-21T00:38:26.509225,0.1,0.0,-0.053397362035614286,1.0518637541791387,-0.1639966169420829,2.7915070055093487
2025-05-21T00:38:26.609253,0.1,0.0,0.05566235183878442,1.0424539832044757,-0.1605465942721519,2.791614371179392
2025-05-21T00:38:26.709409,0.1,0.0,0.05566235183878442,1.0330656157939833,-0.15713458513391243,2.797174576048665
2025-05-21T00:38:26.809192,0.1,0.0,-0.05290732454164448,1.0236576136265336,-0.15377454182509462,2.7973424237132427
2025-05-21T00:38:26.909207,0.1,0.0,-0.05290732454164448,1.0142563939166171,-0.15038993025320943,2.7920559598668433
2025-05-21T00:38:27.009185,0.1,0.0,-0.06581873964604078,1.004851916235766,-0.14694784561908983,2.7861122962023437
2025-05-21T00:38:27.109238,0.1,0.0,-0.016413448376254577,0.9954633723605387,-0.14344470849041102,2.7819925824260165
2025-05-21T00:38:27.209274,0.1,0.0,0.02566498575573117,0.986128255256409,-0.1399308440064965,2.7824519204587705
2025-05-21T00:38:27.309449,0.1,0.0,0.02566498575573117,0.9767697380556261,-0.13642429430713393,2.785016850120324
2025-05-21T00:38:27.409269,0.1,0.0,0.02566498575573117,0.967375545952673,-0.13293184911975436,2.7875890919981545
2025-05-21T00:38:27.509450,0.1,0.0,-0.6827164064422907,0.9580645351137632,-0.12930910783613392,2.7193692780464627
2025-05-21T00:38:27.609220,0.1,0.0,-0.7174441709260325,0.9490173880862508,-0.1250577617148768,2.6493810157155373
2025-05-21T00:38:27.709250,0.1,0.0,-0.7723710607635891,0.9403014713847409,-0.12018097207282566,2.5749790894678455
2025-05-21T00:38:27.809212,0.1,0.0,-0.8258526771858743,0.9319486680731974,-0.11463688105159175,2.494874225902751
2025-05-21T00:38:27.909368,0.1,0.0,-0.9300478918806875,0.9241095678888234,-0.10846034375261186,2.4072377651222654
2025-05-21T00:38:28.009220,0.1,0.0,-0.9310075345815593,0.9168539334882568,-0.10159753477992593,2.3142798465472314
2025-05-21T00:38:28.109214,0.1,0.0,-0.9543242833503334,0.9102528623950827,-0.09407400031711714,2.2199091882378585
2025-05-21T00:38:28.209353,0.1,0.0,-1.0480017912416464,0.9043957712291459,-0.08595983463919807,2.1197007695408843
2025-05-21T00:38:28.309455,0.1,0.0,-1.251426794232676,0.8994084597881331,-0.07730404347365759,2.004806910072511
2025-05-21T00:38:28.409256,0.1,0.0,-1.15752087072696,0.8954916240579068,-0.06810989920168374,1.88437670779859
2025-05-21T00:38:28.509190,0.1,0.0,-1.1655516961832044,0.8926881109160902,-0.05852951193177584,1.768382744051529
2025-05-21T00:38:28.609182,0.1,0.0,-1.2322832353323607,0.8910099396598632,-0.04865852079713448,1.6483153696716426
2025-05-21T00:38:28.709194,0.1,0.0,-1.2768852565902176,0.89054308844678,-0.03866641384629385,1.5227594890392773
2025-05-21T00:38:28.809189,0.1,0.0,-1.4225482353602301,0.8913399563913081,-0.028716435561638665,1.3879907596586172
2025-05-21T00:38:28.909194,0.1,0.0,-1.3848705209808896,0.893515450308444,-0.01891970212325686,1.247039944044655
2025-05-21T00:38:29.009264,0.1,0.0,-1.3944981462470167,0.8970231965068339,-0.009555102323578712,1.1079866791418311
2025-05-21T00:38:29.109333,0.1,0.0,-1.3232075762754594,0.9017760657479961,-0.0008040994121524953,0.9725915668063747
2025-05-21T00:38:29.209206,0.1,0.0,-1.4600372857930464,0.9076659728419944,0.007253085829667,0.8336313014206927
2025-05-21T00:38:29.309208,0.1,0.0,-1.1961848930550665,0.9146588227674872,0.01441126897491524,0.7005779801652663
2025-05-21T00:38:29.409193,0.1,0.0,-1.1717084990837665,0.9225726703808936,0.020685747071710357,0.5809634133278788
2025-05-21T00:38:29.509234,0.1,0.0,-1.1481509139372856,0.931022531028909,0.025888374738631554,0.465828742247953
2025-05-21T00:38:29.609184,0.1,0.0,-1.0498701951539688,0.9400643874364037,0.030113897982582773,0.35605549007130044
2025-05-21T00:38:29.709253,0.1,0.0,-1.003356605115233,0.949498801965629,0.03334408263291521,0.2536501013222443
2025-05-21T00:38:29.809258,0.1,0.0,-1.0350572771647915,0.9593050201460276,0.03562349112105059,0.15099747154354137
2025-05-21T00:38:29.909230,0.1,0.0,-0.8332287254999692,0.9691912355535944,0.036867828259659334,0.05798189043170687
2025-05-21T00:38:30.009252,0.1,0.0,-0.9002880374619947,0.9791575517492519,0.03723877202906529,-0.028487165257893743
2025-05-21T00:38:30.109175,0.1,0.0,-0.8832986919595197,0.9891297826971533,0.036730080264267,-0.1175554975991373
2025-05-21T00:38:30.209259,0.1,0.0,-0.6216646008667337,0.9990368502062451,0.03533746385935191,-0.19290386008820581
2025-05-21T00:38:30.309172,0.1,0.0,-0.6708402615866481,1.0088826773453914,0.0332538581989311,-0.2579609156107199
2025-05-21T00:38:30.409201,0.1,0.0,-0.5883394634668447,1.0184460433268534,0.03055943386075376,-0.320494273973424
2025-05-21T00:38:30.509233,0.1,0.0,-0.41157156199524203,1.027877812605088,0.027274067843753073,-0.37043398001531136
2025-05-21T00:38:30.609369,0.1,0.0,-0.3698399667977181,1.0372167501227927,0.023535475055470313,-0.4097327381868259
2025-05-21T00:38:30.709373,0.1,0.0,-0.33356008493738876,1.046308091552545,0.019487142888861872,-0.4447313843628869
2025-05-21T00:38:30.809260,0.1,0.0,-0.27377329439266623,1.0552939129435623,0.01511246900700755,-0.4750800670247796
2025-05-21T00:38:30.909247,0.1,0.0,-0.2516497612643686,1.0641501752444957,0.010480158906131359,-0.5013386604610135
2025-05-21T00:38:31.009236,0.1,0.0,-0.24411939969066873,1.0728940505372746,0.005616335353367851,-0.5261457632038775
2025-05-21T00:38:31.109289,0.1,0.0,-0.14736681132814786,1.0815083722731864,0.0005430198445662039,-0.5457178181063904
2025-05-21T00:38:31.209246,0.1,0.0,-0.0701067593249338,1.0900336936403123,-0.0046768718320057984,-0.5565842952006892
2025-05-21T00:38:31.309274,0.1,0.0,0.05322905450158343,1.0985205398503965,-0.009978068337019723,-0.5574281681899675
2025-05-21T00:38:31.409302,0.1,0.0,0.18699963154698238,1.1070646693014854,-0.015288375567907412,-0.5452952648382888
2025-05-21T00:38:31.509226,0.1,0.0,-0.02080589231143848,1.1155911951082944,-0.020406919203469754,-0.5370858701556074
2025-05-21T00:38:31.609233,0.1,0.0,0.019972809837688343,1.1241934129463023,-0.025535399304108412,-0.5371202170276153
2025-05-21T00:38:31.709192,0.1,0.0,0.019972809837688343,1.1327625217027193,-0.030632713196784477,-0.5351288141195565
2025-05-21T00:38:31.809331,0.1,0.0,0.019972809837688343,1.1414396083790583,-0.035770824766913734,-0.5331147065250219
2025-05-21T00:38:31.909230,0.1,0.0,0.019972809837688343,1.149989310499732,-0.040810367594956695,-0.5311325178720664
2025-05-21T00:38:32.009252,0.1,0.0,-0.014807052700320787,1.1586049746649283,-0.04586576895828818,-0.5308724283394746
2025-05-21T00:38:32.109252,0.1,0.0,-0.014807052700320787,1.167229604774435,-0.050933494508607596,-0.5323536229058249
2025-05-21T00:38:32.209249,0.1,0.0,-0.014807052700320787,1.1758645219661314,-0.05602449374079947,-0.5338378782218706
2025-05-21T00:38:32.309223,0.1,0.0,-0.014807052700320787,1.184521969265545,-0.061146123863134935,-0.5353273124534912
2025-05-21T00:38:32.409268,0.1,0.0,0.28257074776341645,1.193085648683347,-0.06622947310193099,-0.5218693680677023
2025-05-21T00:38:32.509227,0.1,0.0,0.16210804589267713,1.2017570203160983,-0.0711350313241265,-0.4997336983514736
2025-05-21T00:38:32.609244,0.1,0.0,0.2716943443745267,1.2105512021495088,-0.07589012627187024,-0.4780849028921601
2025-05-21T00:38:32.709254,0.1,0.0,0.2917725605037868,1.219494209608077,-0.08044713490299242,-0.44980796791379346
2025-05-21T00:38:32.809242,0.1,0.0,0.37114217437665736,1.2285018183501524,-0.08471569217971033,-0.4167566640344064
2025-05-21T00:38:32.909189,0.1,0.0,0.25355942733446096,1.2376732839433076,-0.08867453141935154,-0.3855475911048271
2025-05-21T00:38:33.009234,0.1,0.0,0.26117568648605033,1.2470021230030455,-0.09239174127882543,-0.3597003693148255
2025-05-21T00:38:33.109447,0.1,0.0,0.2432533265571357,1.2563639106270286,-0.09584289591527888,-0.3345312675498411
2025-05-21T00:38:33.209244,0.1,0.0,0.22059740063245623,1.2658090357811782,-0.09906187273908412,-0.3113868912222726
2025-05-21T00:38:33.309181,0.1,0.0,0.39353678330174774,1.275345434590617,-0.10207329051972754,-0.28069235235494944
2025-05-21T00:38:33.409197,0.1,0.0,0.2674135657314069,1.285068305546825,-0.10477217891733395,-0.24736876202582225
2025-05-21T00:38:33.509396,0.1,0.0,0.28516727057565244,1.2947108646151024,-0.10713934670319948,-0.21993077597366018
2025-05-21T00:38:33.609363,0.1,0.0,0.28355257181129184,1.304469772942957,-0.10924809811053118,-0.19153894135117033
2025-05-21T00:38:33.709243,0.1,0.0,0.1749697329415478,1.3143009923299696,-0.11108230829560266,-0.1686140974565289
2025-05-21T00:38:33.809322,0.1,0.0,0.2884658896530778,1.3242131578660281,-0.11272486772321336,-0.14531532461798413
2025-05-21T00:38:33.909225,0.1,0.0,0.1466781052511423,1.3340979928012535,-0.11409889287071054,-0.12364768553914328
2025-05-21T00:38:34.009213,0.1,0.0,0.2992668497432515,1.344000072410742,-0.11529278185471656,-0.1013998829320304
2025-05-21T00:38:34.109302,0.1,0.0,0.15983328086484616,1.353947210961866,-0.11622982005266541,-0.07847054160208344
2025-05-21T00:38:34.209225,0.1,0.0,0.18517670319968868,1.3639371902424469,-0.11697512957802221,-0.06119749426979082
2025-05-21T00:38:34.309360,0.1,0.0,0.28901537677082917,1.3739258153115246,-0.11754074926971259,-0.03749925461588388
2025-05-21T00:38:34.409281,0.1,0.0,0.14644627922205108,1.3838928813613909,-0.11784279084949666,-0.015727043576765354
2025-05-21T00:38:34.509290,0.1,0.0,0.12314422009116253,1.3939021134042335,-0.11796353056710487,-0.002230398662872002
2025-05-21T00:38:34.609261,0.1,0.0,0.20685329576866526,1.4039114702479862,-0.11795501156960043,0.01428477069384515
2025-05-21T00:38:34.709913,0.1,0.0,0.12396429535728613,1.4140708611243524,-0.11775647597237728,0.031099961205781405
2025-05-21T00:38:34.810993,0.1,0.0,0.08477752349502543,1.424080541460985,-0.11741399740441276,0.04149757683746813
2025-05-21T00:38:34.909276,0.1,0.0,0.044309542462368505,1.4339381728621972,-0.11698404547925724,0.047841851950456434
2025-05-21T00:38:35.009272,0.1,0.0,0.1533596592787445,1.4438912729661257,-0.11649655400748543,0.057291196328695726
2025-05-21T00:38:35.109254,0.1,0.0,0.21115657011780084,1.4540016755968501,-0.11587728138530666,0.0757317968153659
2025-05-21T00:38:35.209834,0.1,0.0,0.09424695559708372,1.4638674323319985,-0.11507684422654584,0.09074936289012125
2025-05-21T00:38:35.310667,0.1,0.0,0.11041955255740586,1.473974147274054,-0.114132765270164,0.10112821646805292
2025-05-21T00:38:35.409399,0.1,0.0,0.0614901659300715,1.4837588873443062,-0.1131130146014384,0.10955766048279214
2025-05-21T00:38:35.509609,0.1,0.0,0.04528631460670506,1.4937245108177164,-0.11200126475199132,0.1149139592813948
2025-05-21T00:38:35.609341,0.1,0.0,0.021552043243777682,1.5036556272329422,-0.11084359951175565,0.11824070446271095
2025-05-21T00:38:35.711039,0.1,0.0,0.08661952590308218,1.5140180761936903,-0.1096066952104322,0.12402833681346737
2025-05-21T00:38:35.809717,0.1,0.0,0.08661952590308218,1.5242076638666002,-0.10831339348467209,0.13292533884130275
2025-05-21T00:38:35.909292,0.1,0.0,0.09287906422708934,1.5336115535972739,-0.10703647510428282,0.14147178375663572
2025-05-21T00:38:36.009554,0.1,0.0,0.11168128297954104,1.5435830912975146,-0.1055925511471494,0.15172784983858056
2025-05-21T00:38:36.109297,0.1,0.0,-0.053555744797662,1.5531980533880823,-0.1040957167200296,0.1549571777417831
2025-05-21T00:38:36.209317,0.1,0.0,0.03170693114216138,1.5631665490640685,-0.10255233212375914,0.1538614943075456
2025-05-21T00:38:36.309307,0.1,0.0,-0.015692739411095055,1.5729554906958159,-0.10102633936616483,0.15477447667720945
2025-05-21T00:38:36.410684,0.1,0.0,0.11972898598487712,1.5828221052202687,-0.09949088382565391,0.15979770546410998
2025-05-21T00:38:36.509199,0.1,0.0,0.11972898598487712,1.592738116280747,-0.0978620876837522,0.17182919679136346
2025-05-21T00:38:36.609239,0.1,0.0,-0.016741030462863456,1.6025182199287182,-0.09613487885946424,0.17694339883042254
2025-05-21T00:38:36.709243,0.1,0.0,0.010176797667142967,1.6123636771747336,-0.09437863088522011,0.17660944357944164
2025-05-21T00:38:36.809208,0.1,0.0,0.010176797667142967,1.6221710122481505,-0.09262576191653862,0.177623332436228
2025-05-21T00:38:36.909194,0.1,0.0,0.010176797667142967,1.6320149296789201,-0.09085604315457917,0.17864118835505496
2025-05-21T00:38:37.009216,0.1,0.0,0.010176797667142967,1.6418927706921467,-0.08906983518094788,0.179662739586107
2025-05-21T00:38:37.109432,0.1,0.0,0.010176797667142967,1.651748891231927,-0.08727716048009379,0.1806822332828406
2025-05-21T00:38:37.209441,0.1,0.0,-0.008204540661242985,1.66156849417611,-0.0854807927500459,0.18077733255260808
2025-05-21T00:38:37.309208,0.1,0.0,-0.008204540661242985,1.671365927989869,-0.08369215735131126,0.1799602124887647
2025-05-21T00:38:37.409423,0.1,0.0,-0.008204540661242985,1.6812221528244338,-0.08190112204872535,0.17913831168004093
2025-05-21T00:38:37.509194,0.1,0.0,-0.008204540661242985,1.691050518687742,-0.08012348583001197,0.17831885601497488
2025-05-21T00:38:37.609227,0.1,0.0,-0.008204540661242985,1.7008923288673659,-0.07835174821752541,0.17749840077518186
2025-05-21T00:38:37.709188,0.1,0.0,-0.0665107640508955,1.7107381475591885,-0.07658762853720254,0.17376524589088405
2025-05-21T00:38:37.809486,0.1,0.0,0.005508767699708982,1.7205945992178262,-0.07487436721581699,0.17070966620485173
2025-05-21T00:38:37.909368,0.1,0.0,0.04183483492062434,1.7304477550389719,-0.07317440928020132,0.1730754233822878
2025-05-21T00:38:38.009210,0.1,0.0,0.04183483492062434,1.7402938318774512,-0.07144246198472291,0.17725775585145073
2025-05-21T00:38:38.109404,0.1,0.0,0.014497063536311748,1.7501303973305202,-0.06966974580253994,0.18007345969972333
2025-05-21T00:38:38.209270,0.1,0.0,0.009100937323127665,1.7600134718909322,-0.06786685969394697,0.18126124365125754
2025-05-21T00:38:38.309198,0.1,0.0,0.009100937323127665,1.7697987835261066,-0.06607118862646794,0.18216666920583258
2025-05-21T00:38:38.409219,0.1,0.0,0.009100937323127665,1.7796354753091166,-0.06425686844050271,0.1830770007517923
2025-05-21T00:38:38.509247,0.1,0.0,-0.05879310561829997,1.7894623068791427,-0.06243511727503337,0.18059999992175643
2025-05-21T00:38:38.609259,0.1,0.0,-0.05879310561829997,1.7993241246593317,-0.060649460875324086,0.1747076447966123
2025-05-21T00:38:38.709422,0.1,0.0,-0.03944087706022836,1.8091997696208872,-0.05892134123332185,0.16978622851902525
2025-05-21T00:38:38.809195,0.1,0.0,0.09366172808066063,1.8190222009565258,-0.0572473475057834,0.1725180401653317
2025-05-21T00:38:38.909194,0.1,0.0,-0.07556524726907377,1.8288746965256935,-0.05550675596484154,0.1734317978380404
2025-05-21T00:38:39.009238,0.1,0.0,-0.024734444528109464,1.8387740486480917,-0.05379182924022519,0.16839528632067102
2025-05-21T00:38:39.109274,0.1,0.0,-0.09860738183240735,1.8485904817576928,-0.052129201330860096,0.16224675412319334
2025-05-21T00:38:39.209203,0.1,0.0,-0.03591037553573039,1.8584600253282015,-0.05053866388516366,0.15552250031307494
2025-05-21T00:38:39.309213,0.1,0.0,0.06368227143520365,1.8683461012507436,-0.04899773667184205,0.156909275622743
2025-05-21T00:38:39.409306,0.1,0.0,0.017581779091293544,1.8782162331379963,-0.04742008111437077,0.16097363007201393
2025-05-21T00:38:39.509211,0.1,0.0,-0.06713139688418356,1.8880837401522645,-0.04581335880138894,0.15853995926621245
2025-05-21T00:38:39.609400,0.1,0.0,-0.06713139688418356,1.8979623307287046,-0.04425095318903723,0.15182588166297964
2025-05-21T00:38:39.709200,0.1,0.0,0.08424225500925475,1.9078452937299046,-0.04275578956755449,0.15266618300188917
2025-05-21T00:38:39.809210,0.1,0.0,-0.012100319195798013,1.9177654559767185,-0.04120796048830348,0.15631967818398929
2025-05-21T00:38:39.909208,0.1,0.0,-0.1002459314275783,1.9276113409956905,-0.03965923689994201,0.15071202272139406
2025-05-21T00:38:40.009188,0.1,0.0,-0.009204057082061732,1.9374941514114001,-0.038183707920907604,0.1452344113063857
2025-05-21T00:38:40.109191,0.1,0.0,-0.0010819992843291713,1.9473968856777917,-0.0367376210698023,0.14471976152360796
2025-05-21T00:38:40.209218,0.1,0.0,-0.0010819992843291713,1.9573915630086498,-0.035281289365967305,0.1446104771978134
2025-05-21T00:38:40.309493,0.1,0.0,-0.0010819992843291713,1.9672599635542147,-0.033844455423254066,0.14450257532645328
2025-05-21T00:38:40.409200,0.1,0.0,-0.0010819992843291713,1.9770821105566354,-0.03241543697270153,0.14439518087958894
2025-05-21T00:38:40.509226,0.1,0.0,-0.0010819992843291713,1.9869680437841035,-0.030978224222692415,0.1442870906910545
2025-05-21T00:38:40.609202,0.1,0.0,0.00574599592629843,1.9969080216703252,-0.02953425307205709,0.14451914328930782
2025-05-21T00:38:40.709441,0.1,0.0,0.00574599592629843,2.006775884073326,-0.028096702562674925,0.1450921353800445
2025-05-21T00:38:40.809224,0.1,0.0,0.00574599592629843,2.0166485356488377,-0.026652676003197456,0.14566545351940086
2025-05-21T00:38:40.909188,0.1,0.0,0.00574599592629843,2.026555527971224,-0.02519781957370548,0.14624081425746427
2025-05-21T00:38:41.009318,0.1,0.0,0.00574599592629843,2.0364807865423393,-0.023734443650122037,0.14681728465679678
2025-05-21T00:38:41.109455,0.1,0.0,-0.09910005779126373,2.0463647762901775,-0.0222713361638464,0.14218355547823203
2025-05-21T00:38:41.209197,0.1,0.0,0.006714495463178149,2.0562517895105765,-0.02088096416042959,0.13757919942417773
2025-05-21T00:38:41.309211,0.1,0.0,0.06260452380808966,2.0661370090356277,-0.01951062961289715,0.14103499330586056
2025-05-21T00:38:41.409193,0.1,0.0,-0.05682608451447412,2.0760499490899513,-0.018087361624540024,0.14138605568275153
2025-05-21T00:38:41.509454,0.1,0.0,-0.00990313113802932,2.0859481707769194,-0.016692828856618814,0.13804490452195803
2025-05-21T00:38:41.609195,0.1,0.0,-0.20700750702630663,2.0958397438256453,-0.015321099931513836,0.12722842438638127
2025-05-21T00:38:41.709214,0.1,0.0,0.05305321452109268,2.105777639086454,-0.014102153015510143,0.11947330834317961
2025-05-21T00:38:41.809402,0.1,0.0,-0.099669319520288,2.1157501112354744,-0.012891526783127563,0.11709691519953534
2025-05-21T00:38:41.909448,0.1,0.0,-0.04003904315855955,2.125689351875686,-0.011747436019860237,0.11012850267306672
2025-05-21T00:38:42.009196,0.1,0.0,0.00971053732235605,2.13556893677741,-0.01066493971573513,0.10862708761739892
2025-05-21T00:38:42.109191,0.1,0.0,0.033202711373607745,2.1455216671304136,-0.009577083141505129,0.11077257622086821
2025-05-21T00:38:42.209239,0.1,0.0,0.033202711373607745,2.155488843981384,-0.008460053903942777,0.11410266812556724
2025-05-21T00:38:42.309203,0.1,0.0,-0.07248734923965826,2.1654018025609503,-0.007315704855660273,0.11213558360083375
2025-05-21T00:38:42.409176,0.1,0.0,0.07204547188597087,2.1753323310500288,-0.006215652665921606,0.11209753709080417
2025-05-21T00:38:42.509262,0.1,0.0,0.007886698979790994,2.185264621757482,-0.00507946572191218,0.11609371356532572
2025-05-21T00:38:42.609244,0.1,0.0,0.05948648131851585,2.1952472726077255,-0.003913302818793008,0.11949050518577754
2025-05-21T00:38:42.709346,0.1,0.0,0.05280157007276686,2.205171016254114,-0.002706864918011164,0.12510220485649404
2025-05-21T00:38:42.809222,0.1,0.0,0.011251305297479417,2.2150408223117863,-0.0014524789060998357,0.12828492608945652
2025-05-21T00:38:42.909219,0.1,0.0,-0.05361431655151127,2.224958658199332,-0.00017030803992687624,0.12617950190600746
2025-05-21T00:38:43.009194,0.1,0.0,-0.05361431655151127,2.2348956989840074,0.001076688970682116,0.12081003507758714
2025-05-21T00:38:43.109450,0.1,0.0,-0.07085357061418439,2.24481476440837,0.0022673999703773534,0.11459353024741636
2025-05-21T00:38:43.209199,0.1,0.0,-0.07913424068626274,2.2547391011384263,0.003391885086382454,0.10710861476506084
2025-05-21T00:38:43.309207,0.1,0.0,-0.03274109862172469,2.2646917819580263,0.00444206914820774,0.1015061402366686
2025-05-21T00:38:43.409261,0.1,0.0,-0.020642356678011176,2.274705103064181,0.005453654476506216,0.09882270149924866
2025-05-21T00:38:43.511122,0.1,0.0,0.01516276638579228,2.284846087804736,0.006453708455360515,0.0985953671419959
2025-05-21T00:38:43.609225,0.1,0.0,0.01516276638579228,2.294532066420929,0.00741541509643179,0.10007125098741199
2025-05-21T00:38:43.709176,0.1,0.0,0.01516276638579228,2.3044890244488245,0.00841897514179641,0.10158865047145982
2025-05-21T00:38:43.809223,0.1,0.0,0.01516276638579228,2.3144322813782856,0.009436392661244861,0.10310419541679129
2025-05-21T00:38:43.909204,0.1,0.0,0.04045787275072321,2.3243875726747856,0.010470295271080959,0.10588342385908511
2025-05-21T00:38:44.009213,0.1,0.0,0.04045787275072321,2.3343277303325216,0.01153690985696945,0.10992808835040435
2025-05-21T00:38:44.111326,0.1,0.0,0.1633292799591013,2.3442837734492428,0.012646000303893701,0.12012009213245589
2025-05-21T00:38:44.209562,0.1,0.0,0.09372586798872982,2.354562798430456,0.013930797410884856,0.13334300031492277
2025-05-21T00:38:44.309402,0.1,0.0,0.10486004434991479,2.3642256055993665,0.015249439124454433,0.1430211235668657
2025-05-21T00:38:44.409192,0.1,0.0,-0.018547214262558672,2.374015301099457,0.016685126780357846,0.14728122129656548
2025-05-21T00:38:44.509219,0.1,0.0,0.10826705403024882,2.3838926350373115,0.018145810055706025,0.15176105490641145
2025-05-21T00:38:44.609261,0.1,0.0,0.08852371392554347,2.3937895843203836,0.019686888054439675,0.1616248960329361
2025-05-21T00:38:44.709198,0.1,0.0,-0.05108787305122763,2.4036399525298515,0.021315313935402435,0.1634986859271068
2025-05-21T00:38:44.809201,0.1,0.0,0.0041377283821142355,2.413503208023535,0.022929537776825368,0.16115237506371116
2025-05-21T00:38:44.909216,0.1,0.0,-0.11922741175753203,2.4233711331776973,0.024534735610236964,0.1554027988502651
2025-05-21T00:38:45.009295,0.1,0.0,0.12485563213342264,2.4333955183727403,0.026074415226419564,0.15461708817468045
2025-05-21T00:38:45.109249,0.1,0.0,0.10846265426102118,2.4434455342728785,0.02767352661756228,0.1664738508938299
2025-05-21T00:38:45.209240,0.1,0.0,0.017265407241022764,2.452995058105522,0.029303913481222386,0.17245778998088213
2025-05-21T00:38:45.309242,0.1,0.0,-0.05682300204176815,2.462842912925987,0.031023671272461775,0.17048720217149382
2025-05-21T00:38:45.409178,0.1,0.0,-0.05682300204176815,2.4727176646421096,0.032709227493247,0.1647949092137382
2025-05-21T00:38:45.509196,0.1,0.0,-0.09843312134330427,2.4825745328958178,0.0343340834181778,0.1570374145207056
2025-05-21T00:38:45.609220,0.1,0.0,0.03189076026314907,2.492448710056015,0.03587269050973924,0.15370032478488183
2025-05-21T00:38:45.709228,0.1,0.0,-0.05929620807148205,2.5023393153553655,0.03741304852032942,0.15232793264318858
2025-05-21T00:38:45.809709,0.1,0.0,-0.06798757924205033,2.5122258566271745,0.038915804318459306,0.14596406201439516
2025-05-21T00:38:45.909196,0.1,0.0,-0.025107889353195297,2.522114730560912,0.040352409194112406,0.14130836450210715
2025-05-21T00:38:46.009204,0.1,0.0,0.029409437612337715,2.532007687661516,0.04175341697874698,0.14151579542953918
2025-05-21T00:38:46.109211,0.1,0.0,0.029409437612337715,2.541898315379388,0.043169930049124734,0.14445425422433011
2025-05-21T00:38:46.209342,0.1,0.0,0.029409437612337715,2.551840501106147,0.04462369590664789,0.14740928881108006
2025-05-21T00:38:46.309251,0.1,0.0,-0.05433562925517776,2.5616899767895203,0.04609358018856826,0.1461644509888309
2025-05-21T00:38:46.409230,0.1,0.0,-0.05433562925517776,2.571585627591379,0.04753663059025237,0.1407307118804333
2025-05-21T00:38:46.509222,0.1,0.0,-0.07862647856015759,2.581489918005807,0.048926020850622115,0.13408695178922955
2025-05-21T00:38:46.609291,0.1,0.0,0.009194707964568226,2.5914463521414235,0.05024909822857984,0.13059853577140498
2025-05-21T00:38:46.709214,0.1,0.0,-0.04710484833324146,2.601326326195175,0.051549096881877254,0.12870668466161606
2025-05-21T00:38:46.809233,0.1,0.0,-0.04710484833324146,2.6112454091480672,0.052820970506180634,0.12399605832183713
2025-05-21T00:38:46.909209,0.1,0.0,0.12001895281254614,2.621158445866057,0.054044647004908325,0.12762822821807296
2025-05-21T00:38:47.009304,0.1,0.0,-0.006529961491072988,2.6310854333306737,0.05534885999720582,0.13333354610989723
2025-05-21T00:38:47.109193,0.1,0.0,0.034584111786943865,2.640999978769943,0.056677043226431585,0.13473584248822457
2025-05-21T00:38:47.209255,0.1,0.0,0.034584111786943865,2.650897327338107,0.05802740499508474,0.13819046568661128
2025-05-21T00:38:47.309220,0.1,0.0,-0.1544393381527165,2.660804707377158,0.059414028720881404,0.13221773645037382
2025-05-21T00:38:47.409212,0.1,0.0,0.09462079042460657,2.6707873931584336,0.06070220072612167,0.12922226197163814
2025-05-21T00:38:47.509439,0.1,0.0,0.025196390606985194,2.6807244152663148,0.06201744418615076,0.13518396907543417
2025-05-21T00:38:47.609228,0.1,0.0,0.08065814090117973,2.6905415221960696,0.06335894416852228,0.1404484812453619
2025-05-21T00:38:47.709217,0.1,0.0,-0.0315815603382763,2.700459765291732,0.06478162416694629,0.1429140678400871
2025-05-21T00:38:47.809204,0.1,0.0,-0.051721173124763535,2.7104005398009465,0.06620400867506775,0.13873333639771523
2025-05-21T00:38:47.909246,0.1,0.0,0.13327186629359386,2.7202527430733543,0.0675667598218681,0.1427616000941172
2025-05-21T00:38:48.009214,0.1,0.0,-0.07432778045425968,2.7301309450805276,0.06902019351479134,0.14588475511721025
2025-05-21T00:38:48.109228,0.1,0.0,-0.07022554475785146,2.740040548773667,0.07045736633672048,0.13864661270844492
2025-05-21T00:38:48.209217,0.1,0.0,0.03730564532608004,2.7500003422256145,0.07182925689192345,0.1369924079368321
2025-05-21T00:38:48.309197,0.1,0.0,-0.007778293925340129,2.7598673702903684,0.07319882641796348,0.13848206611889857
2025-05-21T00:38:48.409184,0.1,0.0,0.10378430842308049,2.76975886019689,0.07457548623010075,0.143247584232483
2025-05-21T00:38:48.509216,0.1,0.0,0.021030436503066685,2.7796547072928357,0.0760290433670459,0.14950960642324018
2025-05-21T00:38:48.609185,0.1,0.0,-0.18022867585702815,2.789594873107368,0.0775317404637979,0.14149297610803746
2025-05-21T00:38:48.709211,0.1,0.0,-0.07996862131167237,2.799464641162556,0.07889246076519014,0.1285346584107119
2025-05-21T00:38:48.809262,0.1,0.0,-0.07367900216292299,2.8093599642924083,0.08015134602019978,0.12086995812441435
2025-05-21T00:38:48.909221,0.1,0.0,-0.1937621916771581,2.819297115267493,0.08133974836598801,0.1075167628013869
2025-05-21T00:38:49.009333,0.1,0.0,-0.12367257989281953,2.82929909057889,0.08237003350868406,0.09157224020981092
2025-05-21T00:38:49.109346,0.1,0.0,-0.08052344959708968,2.839212382286057,0.08324961031905621,0.0814233116868599
2025-05-21T00:38:49.209252,0.1,0.0,0.06970859919322779,2.8491737556293195,0.08404232654029012,0.08087908551703384
2025-05-21T00:38:49.309252,0.1,0.0,-0.0987580290097023,2.859136530130405,0.08486734154982005,0.0794443769588873
2025-05-21T00:38:49.409295,0.1,0.0,0.023000189406994217,2.8691541686598803,0.08563986271240256,0.0756661183211822
2025-05-21T00:38:49.509416,0.1,0.0,-0.07589083563691257,2.8791126280123454,0.08640057390486296,0.07299336383665533
2025-05-21T00:38:49.609219,0.1,0.0,-0.07589083563691257,2.8890664788436626,0.08710948854551658,0.0654201557600982
2025-05-21T00:38:49.709243,0.1,0.0,0.02066681807882831,2.89903462206825,0.08774356903295695,0.06266172286849869
2025-05-21T00:38:49.809321,0.1,0.0,0.08021306076570145,2.909071098512394,0.0883785317988153,0.06774941376110499
2025-05-21T00:38:49.909483,0.1,0.0,0.05821232941479292,2.9190023520539974,0.0890723203465627,0.07464270857139876
2025-05-21T00:38:50.009252,0.1,0.0,0.21889264944315087,2.9289694218751605,0.08983225612322765,0.08851654333323689
2025-05-21T00:38:50.109322,0.1,0.0,0.10899895269255831,2.938919812030952,0.09077021618345567,0.10490680627338111
2025-05-21T00:38:50.209272,0.1,0.0,0.013231330516527693,2.9488679881188316,0.09184512373121773,0.11107280520308958
2025-05-21T00:38:50.309254,0.1,0.0,-0.06251538261928367,2.9587955634538305,0.09295568581196803,0.10862879793753111
2025-05-21T00:38:50.409205,0.1,0.0,-0.06251538261928367,2.968745820471132,0.0940250967910541,0.10237252590200896
2025-05-21T00:38:50.509229,0.1,0.0,0.1927315716167732,2.9786966421849903,0.09503164506010349,0.10887988138969452
2025-05-21T00:38:50.609323,0.1,0.0,0.07681723468950352,2.988646723074935,0.09616792348656256,0.1223809800034874
2025-05-21T00:38:50.709227,0.1,0.0,-0.03500868636291398,2.9985697298255283,0.09740775959691265,0.12446091405397296
2025-05-21T00:38:50.809224,0.1,0.0,-0.0037792167295003227,3.008480976427361,0.09863893342444081,0.12252619496138051
2025-05-21T00:38:50.909186,0.1,0.0,-0.040703364672047826,3.018389240672182,0.09985811857741488,0.12030683924665109
2025-05-21T00:38:51.009243,0.1,0.0,-0.040703364672047826,3.0283742712028157,0.10105484933670374,0.11621350714228518
2025-05-21T00:38:51.109220,0.1,0.0,-0.040703364672047826,3.038324796927682,0.10220618967741503,0.1121362844056133
2025-05-21T00:38:51.209334,0.1,0.0,-0.040703364672047826,3.0482133443268014,0.10330958866024674,0.10808633114076027
2025-05-21T00:38:51.309230,0.1,0.0,-0.040703364672047826,3.0581583892084785,0.10437847739982448,0.10401504752037072
2025-05-21T00:38:51.410363,0.1,0.0,-0.040703364672047826,3.068185332357624,0.10541481324888748,0.0999120012731969
2025-05-21T00:38:51.509269,0.1,0.0,-0.040703364672047826,3.0780538134583737,0.10639402940040417,0.09587546924660906
2025-05-21T00:38:51.609269,0.1,0.0,-0.040703364672047826,3.0880064924944994,0.10734096379050342,0.09180609740057832
2025-05-21T00:38:51.709243,0.1,0.0,-0.040703364672047826,3.0979578846766156,0.10824693401683406,0.08773879259992022
2025-05-21T00:38:51.809499,0.1,0.0,-0.040703364672047826,3.1079761371824097,0.10911785593350433,0.08364564487988348
2025-05-21T00:38:51.909246,0.1,0.0,-0.040703364672047826,3.117891153266418,0.10993903589881082,0.07959607979256546
2025-05-21T00:38:52.009235,0.1,0.0,-0.040703364672047826,3.1278997400839774,0.11072707801788961,0.07550963783944198
2025-05-21T00:38:52.109252,0.1,0.0,-0.040703364672047826,3.1378385379977685,0.11146884654701335,0.07145295939879892
2025-05-21T00:38:52.209311,0.1,0.0,-0.040703364672047826,3.147830115347416,0.1121737564846746,0.0673759404553329
2025-05-21T00:38:52.309241,0.1,0.0,-0.040703364672047826,3.1578386867955803,0.11283885428240209,0.06329312796216024
2025-05-21T00:38:52.409239,0.1,0.0,-0.040703364672047826,3.1677729542242696,0.11345836451249319,0.05924168991823686
2025-05-21T00:38:52.509260,0.1,0.0,-0.040703364672047826,3.177745973120282,0.11403970196957657,0.055175442901361116
2025-05-21T00:38:52.609243,0.1,0.0,-0.9508860794825289,3.187726795786241,0.11435352295450771,-0.039804934214232805
2025-05-21T00:38:52.709249,0.1,0.0,-0.9895530095881953,3.1977836840670886,0.11371135008730462,-0.13759721983375206
2025-05-21T00:38:52.809207,0.1,0.0,-0.9443452008185548,3.2075814047293405,0.11210843778272672,-0.23364211433068194
2025-05-21T00:38:52.909227,0.1,0.0,-0.9096192376229673,3.2172592389699295,0.1095621521210112,-0.32642831802330097
2025-05-21T00:38:53.009275,0.1,0.0,-0.8792207155235231,3.226658566180472,0.10613984979148627,-0.4159143252771522
2025-05-21T00:38:53.109234,0.1,0.0,-0.8275399347341937,3.2357002192881876,0.10190678743887537,-0.5011281307212796
2025-05-21T00:38:53.209201,0.1,0.0,-0.8584801576369809,3.244370673025232,0.09692139228802094,-0.5854612668389203
2025-05-21T00:38:53.309236,0.1,0.0,-0.8655299955992328,3.2525639638330994,0.09123299767491161,-0.6714602691196876
2025-05-21T00:38:53.409327,0.1,0.0,-0.8607224534187652,3.260263276074064,0.0848379536771205,-0.7578693047679854
2025-05-21T00:38:53.509290,0.1,0.0,-0.713447622275925,3.2673748200932446,0.07781141075280554,-0.836613344428653
2025-05-21T00:38:53.609194,0.1,0.0,-0.7557054763614333,3.273932116517003,0.07028003965775417,-0.9099732501624068
2025-05-21T00:38:53.709261,0.1,0.0,-0.6361978711994265,3.2799222766728064,0.06226676491695097,-0.9796248706084079
2025-05-21T00:38:53.809419,0.1,0.0,-0.4507697031076826,3.2853723893800817,0.05386103345631675,-1.0340641462511746
2025-05-21T00:38:53.909212,0.1,0.0,-0.46409291372678485,3.2904070878047786,0.04517723599908826,-1.07998171749123
2025-05-21T00:38:54.009260,0.1,0.0,-0.4526366977218492,3.2949998012151154,0.03633945652776554,-1.125638785595449
2025-05-21T00:38:54.109190,0.1,0.0,-0.3357057957068501,3.2991924483270822,0.027290214527290385,-1.164962281608194
2025-05-21T00:38:54.209366,0.1,0.0,-0.3000962367321358,3.303069083901903,0.018054969394514463,-1.1968205061576915
2025-05-21T00:38:54.309280,0.1,0.0,-0.4028571240526884,3.306650691511394,0.008723382492177328,-1.231932264153031
2025-05-21T00:38:54.409272,0.1,0.0,-0.20664477291837954,3.3098770428978646,-0.0007329149796775304,-1.2624169337623719
2025-05-21T00:38:54.509198,0.1,0.0,0.03937032747799052,3.3128638018853613,-0.010279582893496661,-1.2708176611913065
2025-05-21T00:38:54.609309,0.1,0.0,-0.1389633274378332,3.315842725214609,-0.019876725786972357,-1.2758450817182219
2025-05-21T00:38:54.709355,0.1,0.0,-0.18643576304318396,3.3187084971597733,-0.029428254974173382,-1.2920804963678516
2025-05-21T00:38:54.809315,0.1,0.0,-0.10419745962768233,3.3214120205742046,-0.03904475161759895,-1.3065930549896494
2025-05-21T00:38:54.909186,0.1,0.0,-0.16575998536660808,3.3239971769796517,-0.048700408730610094,-1.3200815121461522
2025-05-21T00:38:55.009353,0.1,0.0,-0.07338140806559366,3.326438241893047,-0.05839899667784324,-1.3321092021623073
2025-05-21T00:38:55.109237,0.1,0.0,-0.03133637190008919,3.3287856388814054,-0.06812379524582678,-1.3373538367726616
2025-05-21T00:38:55.209191,0.1,0.0,0.3033645356915593,3.331087984439082,-0.07784033531571583,-1.3238067407659677
2025-05-21T00:38:55.309222,0.1,0.0,0.12350358371510549,3.3336067247555174,-0.08751957239835079,-1.3024253080854853
2025-05-21T00:38:55.409396,0.1,0.0,0.18204668509017138,3.33629443819888,-0.09717590668762677,-1.2871260230428019
2025-05-21T00:38:55.509212,0.1,0.0,0.12523666412791343,3.3391444432533235,-0.10678839398063082,-1.2717178676605359
2025-05-21T00:38:55.609206,0.1,0.0,0.11684423032596646,3.342126222460238,-0.11635259294148742,-1.2595957510182545
2025-05-21T00:38:55.709209,0.1,0.0,0.14112120968738037,3.3452093710912174,-0.1258429742913503,-1.246712018190476
2025-05-21T00:38:55.809359,0.1,0.0,0.07047177665620573,3.3484219951486307,-0.1352959563861811,-1.2361502054119682
2025-05-21T00:38:55.909213,0.1,0.0,0.2114255550352628,3.3517267681595357,-0.14474619386753426,-1.222004473371056
2025-05-21T00:38:56.009232,0.1,0.0,0.14033984551455822,3.3551787426863826,-0.1540851904471026,-1.204481101200265
2025-05-21T00:38:56.109263,0.1,0.0,0.22768904143795898,3.358794653197911,-0.16341267537267623,-1.1860884942589678
2025-05-21T00:38:56.209231,0.1,0.0,0.11668890436040578,3.362602204493977,-0.17266494623979275,-1.1688537525232052
2025-05-21T00:38:56.309215,0.1,0.0,0.19248981653040673,3.366552769339988,-0.18188352678152725,-1.153342498869872
2025-05-21T00:38:56.409364,0.1,0.0,0.19941491752250293,3.370637237447378,-0.190974788961731,-1.1338117000423436
2025-05-21T00:38:56.509197,0.1,0.0,0.25871958290202773,3.3749120919447706,-0.20000898147299226,-1.110921693280997
2025-05-21T00:38:56.609254,0.1,0.0,0.13840094870245176,3.379414615206694,-0.20895349532737578,-1.0909733255673864
2025-05-21T00:38:56.709219,0.1,0.0,0.31002150889082614,3.38406798277328,-0.21782048140919733,-1.0685211284471705
2025-05-21T00:38:56.809204,0.1,0.0,0.12430629030595466,3.388936787971254,-0.22652463810621398,-1.0468253315657625
2025-05-21T00:38:56.909244,0.1,0.0,0.07611850239886586,3.39396958227773,-0.23517204153623736,-1.0367601451558404
2025-05-21T00:38:57.009337,0.1,0.0,0.15178951097911786,3.39907421114193,-0.24376682028200455,-1.0253727818349683
2025-05-21T00:38:57.109227,0.1,0.0,0.3089096213191838,3.404330189488959,-0.2523541017210843,-1.002237529520887
2025-05-21T00:38:57.209303,0.1,0.0,0.14356516335543187,3.409766669242364,-0.2607199634856846,-0.9797421775274081
2025-05-21T00:38:57.309522,0.1,0.0,0.09760249304046119,3.415339893172985,-0.2689610288198407,-0.9677518198997683
2025-05-21T00:38:57.409913,0.1,0.0,-0.03769297083183465,3.4210422286987168,-0.27719872361132075,-0.9646421600021586
2025-05-21T00:38:57.509241,0.1,0.0,0.1325787638973477,3.4267246075938,-0.28541242379965337,-0.9599072117256471
2025-05-21T00:38:57.609187,0.1,0.0,0.016604950149926852,3.4324862118890125,-0.2935826765396353,-0.9524154580434132
2025-05-21T00:38:57.709194,0.1,0.0,0.04143633634387023,3.438282186700528,-0.30172203605273773,-0.9495365487062642
2025-05-21T00:38:57.809245,0.1,0.0,0.0223265584806237,3.4441262154087045,-0.3098683356787146,-0.9463388544954929
2025-05-21T00:38:57.909364,0.1,0.0,-0.0853135671335245,3.4500094463052693,-0.31802235692387826,-0.949546933206399
2025-05-21T00:38:58.009218,0.1,0.0,-0.12077232794350493,3.4557746528144646,-0.32611276881282797,-0.9597967701086274
2025-05-21T00:38:58.109190,0.1,0.0,-0.1933247240722041,3.461482770030401,-0.3343150311697684,-0.9754858654931673
2025-05-21T00:38:58.209216,0.1,0.0,-0.19452730903802365,3.467061635627995,-0.34263880078119996,-0.9949179476072567
2025-05-21T00:38:58.309328,0.1,0.0,-0.1857849027671862,3.4724608171213736,-0.3510433869234983,-1.0139139467564764
2025-05-21T00:38:58.409485,0.1,0.0,-0.05484296062006399,3.4776978666609857,-0.3595423417310968,-1.0259285703748606
2025-05-21T00:38:58.509199,0.1,0.0,-0.08957476136907976,3.4828754257393255,-0.3681117572086973,-1.0331560340180164
2025-05-21T00:38:58.609346,0.1,0.0,-0.2644798018135788,3.4879852648211513,-0.3767259205388709,-1.0508940660552604
2025-05-21T00:38:58.709446,0.1,0.0,-0.25885414023416287,3.4929127509320517,-0.3854679310087075,-1.0771515703653245
2025-05-21T00:38:58.809279,0.1,0.0,-0.23500092138442336,3.497570379631847,-0.39425914017354835,-1.1017132276727644
2025-05-21T00:38:58.909189,0.1,0.0,-0.30296521514836305,3.502036154844871,-0.403200443239571,-1.1285922898331586
2025-05-21T00:38:59.009355,0.1,0.0,-0.17106516585951248,3.5062477104307197,-0.41227246495908665,-1.1523661125665627
2025-05-21T00:38:59.109227,0.1,0.0,-0.11775110170873569,3.510294708332591,-0.42147962265989725,-1.1668836945261154
2025-05-21T00:38:59.209202,0.1,0.0,-0.20617580593688067,3.5141786554139105,-0.4306408907963793,-1.1830256778806894
2025-05-21T00:38:59.309217,0.1,0.0,-0.24398987224176102,3.5179080044661473,-0.43990736288780397,-1.2055058626992152
2025-05-21T00:38:59.409283,0.1,0.0,-0.07577407082716481,3.5214253864680383,-0.44927519220237616,-1.2215090753153424
2025-05-21T00:38:59.509332,0.1,0.0,-0.1147395292435388,3.5248492801436173,-0.4587317749731115,-1.2310995708164165
2025-05-21T00:38:59.609200,0.1,0.0,-0.23953680101037375,3.5281346628938786,-0.4681134479557376,-1.24874203949815
2025-05-21T00:38:59.709179,0.1,0.0,-0.21588027312229305,3.531239656818113,-0.4776077984036618,-1.271489425234137
2025-05-21T00:38:59.809321,0.1,0.0,-0.11370848725136716,3.534143333773987,-0.48720157117900237,-1.288067293420688
2025-05-21T00:38:59.909351,0.1,0.0,-0.18528822524120467,3.5369084120483145,-0.49682163359654774,-1.3030385698896998
2025-05-21T00:39:00.009212,0.1,0.0,-0.16380882486525583,3.5395045222988886,-0.5064589681565886,-1.3204592779025286
2025-05-21T00:39:00.109257,0.1,0.0,-0.06519970534296758,3.5419405648173865,-0.5161509816292186,-1.3319078239056334
2025-05-21T00:39:00.209423,0.1,0.0,-0.2691938122215087,3.544296430108488,-0.5258936545074353,-1.3486542735800062
2025-05-21T00:39:00.309436,0.1,0.0,-0.11225888872919197,3.5464289267445244,-0.5356389133295033,-1.3676958175091365
2025-05-21T00:39:00.409192,0.1,0.0,-0.20852486284899105,3.548417762294359,-0.5454352994563022,-1.3837225060355152
2025-05-21T00:39:00.509193,0.1,0.0,-0.20220377967271827,3.550226196776391,-0.5552694703746079,-1.4042575688051713
2025-05-21T00:39:00.609293,0.1,0.0,-0.06882812384946034,3.551837063027362,-0.5651586116934711,-1.4178997059528702
2025-05-21T00:39:00.709388,0.1,0.0,-0.08079086854151596,3.5533465742111057,-0.5750678274591532,-1.4253994568706163
2025-05-21T00:39:00.809194,0.1,0.0,-0.1443728777412456,3.5547703781127016,-0.5849296649348666,-1.4366193060462762
2025-05-21T00:39:00.909232,0.1,0.0,-0.09263262548775407,3.5560750645204715,-0.5948658280372291,-1.4484936331371923
2025-05-21T00:39:01.009267,0.1,0.0,-0.010671177090026962,3.55726982675383,-0.6047750709920897,-1.4536427847040103
2025-05-21T00:39:01.109442,0.1,0.0,-0.022630344984064795,3.5584359947556568,-0.6147064947886968,-1.4553031674478738
2025-05-21T00:39:01.209187,0.1,0.0,-0.022630344984064795,3.559581950179359,-0.6246336458712495,-1.4575646350946208
2025-05-21T00:39:01.309181,0.1,0.0,0.030295882164933504,3.5607055994682217,-0.6345646661735415,-1.4571868037528506
2025-05-21T00:39:01.409183,0.1,0.0,0.030295882164933504,3.5618515129147466,-0.64454029952748,-1.454144722460559
2025-05-21T00:39:01.509206,0.1,0.0,0.030295882164933504,3.5630200530080702,-0.654447411262135,-1.4511224685810022
2025-05-21T00:39:01.609279,0.1,0.0,-0.07803915057371102,3.5642198812730688,-0.6643620459390297,-1.453498179403703
2025-05-21T00:39:01.709199,0.1,0.0,-0.07803915057371102,3.5653720723281626,-0.6743067947991936,-1.4613109062548095
2025-05-21T00:39:01.809271,0.1,0.0,-0.04844415285693015,3.5664457796041513,-0.6842531291773185,-1.4676375407885494
2025-05-21T00:39:01.909239,0.1,0.0,-0.17460758770804882,3.567463228333684,-0.6941986051434492,-1.4787832634069007
2025-05-21T00:39:02.009222,0.1,0.0,-0.1111467625422624,3.5683372314622637,-0.7041440058279086,-1.4930527737107229
2025-05-21T00:39:02.109226,0.1,0.0,-0.06634881790563928,3.5690864723376245,-0.7141199860307487,-1.5019352047056167
2025-05-21T00:39:02.209217,0.1,0.0,-0.0010111591364614367,3.5697588569433623,-0.724110593935804,-1.5053358292514047
2025-05-21T00:39:02.309225,0.1,0.0,-0.08445186109031888,3.570412151014506,-0.734080166474176,-1.5096001315405774
2025-05-21T00:39:02.409192,0.1,0.0,-0.12287713872241478,3.571002320570356,-0.7440568289814696,-1.5199556636163258
2025-05-21T00:39:02.509191,0.1,0.0,-0.04684249629128833,3.571479801546848,-0.7540448647283112,-1.5284539111128725
2025-05-21T00:39:02.609294,0.1,0.0,-0.13082459343209948,3.5718917708942652,-0.7640456888325371,-1.5373430655109284
2025-05-21T00:39:02.709457,0.1,0.0,-0.1338248396729502,3.5721935664478224,-0.7740416906817726,-1.5505760694160944
2025-05-21T00:39:02.809226,0.1,0.0,-0.11450084587365515,3.5723621515215123,-0.7840289490838306,-1.5629798344537846
2025-05-21T00:39:02.909193,0.1,0.0,-0.13400308821527537,3.572411699153793,-0.7940326379548295,-1.575406805389388
2025-05-21T00:39:03.009346,0.1,0.0,0.02212623636828281,3.572331714936044,-0.8040658222425512,-1.5810207236497604
2025-05-21T00:39:03.109205,0.1,0.0,-0.046489842167110045,3.572235332893142,-0.8140292961398506,-1.5822383394607493
2025-05-21T00:39:03.209191,0.1,0.0,-0.046489842167110045,3.5721093032035154,-0.8240278179693086,-1.5868870088906644
2025-05-21T00:39:03.309182,0.1,0.0,0.039036253038262636,3.57193682367382,-0.834024096454389,-1.5872701780964793
2025-05-21T00:39:03.409216,0.1,0.0,0.039036253038262636,3.571781422701878,-0.8440523466205307,-1.5833550531030134
2025-05-21T00:39:03.509242,0.1,0.0,-0.1098409649847598,3.5716649134872744,-0.8541161500938376,-1.5869438332875745
2025-05-21T00:39:03.609215,0.1,0.0,-0.0019031288885851259,3.5714778829785687,-0.8640268401319674,-1.5924427969494834
2025-05-21T00:39:03.709200,0.1,0.0,0.034100815979234415,3.5712611250668194,-0.8740168737646372,-1.5908397052663634
2025-05-21T00:39:03.809333,0.1,0.0,0.034100815979234415,3.571068814694798,-0.8840375458790649,-1.5874219438172004
2025-05-21T00:39:03.909190,0.1,0.0,0.03877978140268912,3.57091127972128,-0.8940236063303436,-1.583782707911251
2025-05-21T00:39:04.009192,0.1,0.0,0.08742554631979037,3.5707910564940355,-0.9040280672799292,-1.5774688778149666
2025-05-21T00:39:04.109208,0.1,0.0,0.11150779358257255,3.5707461816709656,-0.9140305319354531,-1.5675197473654745
2025-05-21T00:39:04.209282,0.1,0.0,0.007187426780834726,3.5708069772294477,-0.9240476319156514,-1.5615768815600823
2025-05-21T00:39:04.309190,0.1,0.0,-0.025964197936522156,3.570901051770579,-0.9340560254272856,-1.5625219441110645
2025-05-21T00:39:04.409208,0.1,0.0,-0.025964197936522156,3.5709770340492892,-0.9440170763757032,-1.5651083268758
2025-05-21T00:39:04.509220,0.1,0.0,0.0793918400655802,3.5710274228319587,-0.954016937763421,-1.5624574945255438
2025-05-21T00:39:04.609163,0.1,0.0,0.0793918400655802,3.5711308534225283,-0.9640325625374191,-1.5545054656458746
2025-05-21T00:39:04.709340,0.1,0.0,-0.05682289090150116,3.5713136673739694,-0.9740342243499713,-1.5533756169155761
2025-05-21T00:39:04.809223,0.1,0.0,0.0684421740320784,3.5714740281329873,-0.9840580514078472,-1.5527675687746563
2025-05-21T00:39:04.909262,0.1,0.0,-0.05131119250081139,3.571670750788075,-0.9940252110451613,-1.5519260136202702
2025-05-21T00:39:05.009304,0.1,0.0,-0.058836310472157864,3.5718472767931595,-1.004064124809482,-1.5574571827641521
2025-05-21T00:39:05.109396,0.1,0.0,-0.14301464083540935,3.571967072228641,-1.0141703729688678,-1.567739061689281
2025-05-21T00:39:05.213605,0.1,0.0,-0.07557961802235669,3.5719615696864455,-1.0242509318750739,-1.578698322653669
2025-05-21T00:39:05.309263,0.1,0.0,-0.0038299695364840676,3.571861706187158,-1.0344173782517607,-1.582676475919432
2025-05-21T00:39:05.409313,0.1,0.0,0.0077238634953558085,3.571745656408008,-1.0441097100282535,-1.582463716637556
2025-05-21T00:39:05.509250,0.1,0.0,-0.11521919429558712,3.5716319025211503,-1.0540216194906613,-1.5877852000884105
2025-05-21T00:39:05.609996,0.1,0.0,0.14752078562738855,3.5714329390742234,-1.064032084168481,-1.5862027453988647
2025-05-21T00:39:05.709255,0.1,0.0,0.03897833127097017,3.571311206648405,-1.0746133702727618,-1.5763821149072772
2025-05-21T00:39:05.809277,0.1,0.0,-0.0039800980548077005,3.571267000894151,-1.0840844893773947,-1.5748673551420258
2025-05-21T00:39:05.909394,0.1,0.0,-0.015853220985176938,3.571225310422752,-1.094080983471718,-1.5758651121522222
2025-05-21T00:39:06.009408,0.1,0.0,-0.015853220985176938,3.5711711180086296,-1.104002576188147,-1.5774380277555116
2025-05-21T00:39:06.109257,0.1,0.0,-0.015853220985176938,3.571093705926553,-1.114947764753655,-1.5791732362213742
2025-05-21T00:39:06.211064,0.1,0.0,-0.013570665916105005,3.571013926077541,-1.124077464380239,-1.5805126213451206
2025-05-21T00:39:06.309395,0.1,0.0,-0.06067153949427139,3.5709132227276,-1.1340913483974076,-1.5842140376483265
2025-05-21T00:39:06.414782,0.1,0.0,0.1266733849920598,3.570764414194285,-1.1440692583448144,-1.5819578199008621
2025-05-21T00:39:06.509264,0.1,0.0,0.049276559026478754,3.57068327635467,-1.154319856378482,-1.5729197933425676
2025-05-21T00:39:06.609285,0.1,0.0,0.178190693219713,3.570674295960811,-1.164207636353506,-1.5613654657908276
2025-05-21T00:39:06.709202,0.1,0.0,-0.020585792122382873,3.57081077555337,-1.1740779172599825,-1.5537883036026212
2025-05-21T00:39:06.809215,0.1,0.0,0.044900599928909816,3.5709745586446235,-1.1840050298615852,-1.552569924861341
2025-05-21T00:39:06.909222,0.1,0.0,0.044900599928909816,3.57116803713039,-1.1940032374765521,-1.5480798263299562
2025-05-21T00:39:07.009255,0.1,0.0,0.011040522033649578,3.571406881897647,-1.2040195192501708,-1.5452686871213797
2025-05-21T00:39:07.109238,0.1,0.0,0.011040522033649578,3.5716665906621237,-1.2140813895123577,-1.5441574340923057
2025-05-21T00:39:07.209208,0.1,0.0,-0.020745470883503092,3.571933580289218,-1.223999561544118,-1.5446476647604344
2025-05-21T00:39:07.309179,0.1,0.0,-0.020745470883503092,3.572189819304277,-1.2339949554603127,-1.5467219378345292
2025-05-21T00:39:07.409422,0.1,0.0,-0.020745470883503092,3.5724255409663535,-1.2440002505856191,-1.5487981596742664
2025-05-21T00:39:07.509482,0.1,0.0,0.03961046355053899,3.572640408473774,-1.254002175859731,-1.547856194266612
2025-05-21T00:39:07.609222,0.1,0.0,0.03961046355053899,3.5728794664404644,-1.2639903603358575,-1.5438986931405203
2025-05-21T00:39:07.709313,0.1,0.0,0.1293424368157525,3.5731580428361247,-1.273977258325161,-1.5354825562004715
2025-05-21T00:39:07.809216,0.1,0.0,0.09816915289248661,3.5735436933805467,-1.2839763658808536,-1.5240920017418953
2025-05-21T00:39:07.909266,0.1,0.0,-0.025790908092909733,3.574035308940373,-1.2939686982738805,-1.520462746167656
2025-05-21T00:39:08.009246,0.1,0.0,0.10162406427188907,3.5745310055166795,-1.303936245990746,-1.516692634917059
2025-05-21T00:39:08.109243,0.1,0.0,0.10162406427188907,3.5750983320420624,-1.313940228903101,-1.506509813079696
2025-05-21T00:39:08.209309,0.1,0.0,0.04080727372922199,3.5757668368173654,-1.323928426498417,-1.4993835707047505
2025-05-21T00:39:08.309222,0.1,0.0,0.11545337423206624,3.5764901673603875,-1.3338972448465214,-1.4916035362438744
2025-05-21T00:39:08.409220,0.1,0.0,0.10247734538105456,3.577309774108991,-1.3438604871136344,-1.4807104473879948
2025-05-21T00:39:08.509274,0.1,0.0,0.13875808297379996,3.5782350616599436,-1.353819005401798,-1.4686443685399428
2025-05-21T00:39:08.609258,0.1,0.0,0.18698976833554812,3.579288703634049,-1.363757757981629,-1.4523678547938483
2025-05-21T00:39:08.709267,0.1,0.0,0.09102080976804981,3.5805197861996696,-1.373706651586879,-1.4384426010955893
2025-05-21T00:39:08.809233,0.1,0.0,0.12313336113474181,3.5818612947471657,-1.383610931950541,-1.4277425174544958
2025-05-21T00:39:08.909261,0.1,0.0,0.001255677128209065,3.5833147011444817,-1.3934862564326602,-1.4215429726970723
2025-05-21T00:39:09.009326,0.1,0.0,-0.030898746317998823,3.584805264369588,-1.4033966674011895,-1.4230321021517125
2025-05-21T00:39:09.109618,0.1,0.0,-0.030898746317998823,3.5862667835234685,-1.4132677057490186,-1.42611538051928
2025-05-21T00:39:09.209212,0.1,0.0,0.027095306127244975,3.587699350266034,-1.4231535393751122,-1.4263112699505167
2025-05-21T00:39:09.309205,0.1,0.0,0.027095306127244975,3.5891472626246586,-1.4330577637917714,-1.4235991643720716
2025-05-21T00:39:09.409214,0.1,0.0,0.027095306127244975,3.5906209058582403,-1.4429505270333634,-1.4208891130813814
2025-05-21T00:39:09.509367,0.1,0.0,0.027095306127244975,3.592121844380839,-1.4528424654805279,-1.4181781832273745
2025-05-21T00:39:09.609324,0.1,0.0,0.027095306127244975,3.5936484717456727,-1.462723065728718,-1.4154692366008543
2025-05-21T00:39:09.709394,0.1,0.0,0.027095306127244975,3.595203857401676,-1.4726121404136703,-1.4127568209412389
2025-05-21T00:39:09.809162,0.1,0.0,-0.621107206485938,3.5967985366832713,-1.4825745701104263,-1.4100231065812185
2025-05-21T00:39:09.909217,0.1,0.0,-0.5269111846568274,3.59823585140891,-1.4923924117526792,-1.466939477319557
2025-05-21T00:39:10.009278,0.1,0.0,-0.47570897002057183,3.599139041034767,-1.5023202940634692,-1.5169451911001142
2025-05-21T00:39:10.109199,0.1,0.0,-0.7193005790996686,3.5995586433193307,-1.5123164709953183,-1.576724867281698
2025-05-21T00:39:10.209274,0.1,0.0,-0.7849141231236744,3.599317123724989,-1.5223707790146341,-1.6523762056552693
2025-05-21T00:39:10.309295,0.1,0.0,-0.8279118405068296,3.5983137145590782,-1.532262493110935,-1.7325701722078715
2025-05-21T00:39:10.409251,0.1,0.0,-0.9128167692530375,3.596501446505728,-1.5420849008217359,-1.819517184206393
2025-05-21T00:39:10.509203,0.1,0.0,-0.8995111151157474,3.59381537533875,-1.5517311646114365,-1.91027643667751
2025-05-21T00:39:10.609399,0.1,0.0,-1.0299206362858835,3.59027850750359,-1.561072439666547,-2.006664817412625
2025-05-21T00:39:10.709251,0.1,0.0,-1.118206311914853,3.585818758788925,-1.5700366688425917,-2.1141656298646687
2025-05-21T00:39:10.809285,0.1,0.0,-1.2751982406113724,3.580414182155335,-1.5784441025177318,-2.2338352898440963
2025-05-21T00:39:10.909279,0.1,0.0,-1.3965197729226662,3.5740242829860795,-1.5861099214578787,-2.367226556572637
2025-05-21T00:39:11.009324,0.1,0.0,-1.3740486004428896,3.5666215030457002,-1.5928607478743915,-2.5061089291026337
2025-05-21T00:39:11.109205,0.1,0.0,-1.4745934048178342,3.5583641111050293,-1.5985229155549978,-2.6487994172716394
2025-05-21T00:39:11.209227,0.1,0.0,-1.4831309005723445,3.549447894605538,-1.6028978342218592,-2.795773831017679
2025-05-21T00:39:11.309188,0.1,0.0,-1.5102827421361906,3.539921286918894,-1.6059360044383622,-2.9455344557074414
2025-05-21T00:39:11.409307,0.1,0.0,-1.5899705529118366,3.53004182361282,-1.6075126859765723,-3.100730595014092
2025-05-21T00:39:11.509225,0.1,0.0,-1.4353408167056323,3.5200483267281206,-1.6075237761292003,3.031100020685612
2025-05-21T00:39:11.609244,0.1,0.0,-1.643807786283966,3.51017612624274,-1.6060688456675876,2.8773787773116783
2025-05-21T00:39:11.709230,0.1,0.0,-1.4306084811826245,3.5006490087283098,-1.6030663607040112,2.723673403458511
2025-05-21T00:39:11.809219,0.1,0.0,-1.4507715341529812,3.491653802699166,-1.5986796659127396,2.5794011974728672
2025-05-21T00:39:11.909236,0.1,0.0,-1.427267628778872,3.483384606959449,-1.5930404303203551,2.4352596655789807
2025-05-21T00:39:12.009289,0.1,0.0,-1.2795535078535878,3.476030879105443,-1.586299462177849,2.3001713122789473
2025-05-21T00:39:12.109246,0.1,0.0,-1.1470076184477704,3.4696160832792877,-1.578643349971572,2.178920702357132
2025-05-21T00:39:12.209325,0.1,0.0,-1.0276537508794024,3.46414095885897,-1.5702763065168834,2.070156509209502
2025-05-21T00:39:12.309315,0.1,0.0,-0.9691036142062736,3.459575844653813,-1.5613696713709257,1.9702053097030585
2025-05-21T00:39:12.409221,0.1,0.0,-0.8323267634445908,3.455904194029711,-1.552045290490172,1.8799419502554091
2025-05-21T00:39:12.509217,0.1,0.0,-0.6468699524653059,3.4530723162294006,-1.542500656043378,1.8063236384855887
2025-05-21T00:39:12.609205,0.1,0.0,-0.49535252435163646,3.450884966382628,-1.5326850886314172,1.7488857724379052
2025-05-21T00:39:12.709332,0.1,0.0,-0.7498600521678604,3.4492433333849055,-1.5228727945250786,1.6868954165089844
2025-05-21T00:39:12.809308,0.1,0.0,-0.39350871218880085,3.4482721263408576,-1.5129296495678672,1.6297673035910538
2025-05-21T00:39:12.909196,0.1,0.0,-0.3627574465950128,3.4477804985249216,-1.5029290598100034,1.5919063122689963
2025-05-21T00:39:13.009293,0.1,0.0,-0.4437905753979953,3.44766005382648,-1.492916161845116,1.5515125329662853
2025-05-21T00:39:13.109207,0.1,0.0,-0.262576469948898,3.4479631903518735,-1.4829354334596325,1.5162146265798384
2025-05-21T00:39:13.209268,0.1,0.0,-0.21954545088534225,3.4485742340993455,-1.472954679084554,1.4921111535492786
2025-05-21T00:39:13.309228,0.1,0.0,-0.2691585582715849,3.449413466274487,-1.4630069137880701,1.467722101830646
2025-05-21T00:39:13.409293,0.1,0.0,-0.32872560482958946,3.4505116176541533,-1.453047292465883,1.4377732625567239
2025-05-21T00:39:13.509372,0.1,0.0,-0.06418343463785224,3.451922431025883,-1.4431263327848056,1.418002066607224
2025-05-21T00:39:13.609229,0.1,0.0,-0.025827188858710267,3.4534561011158122,-1.4332719274028745,1.413492851080715
2025-05-21T00:39:13.709220,0.1,0.0,0.021685551599708305,3.455028082642232,-1.4234023521866217,1.4132843192522158
2025-05-21T00:39:13.809302,0.1,0.0,0.021685551599708305,3.4565989966234785,-1.4134767698985398,1.4154635282054322
2025-05-21T00:39:13.909363,0.1,0.0,0.021685551599708305,3.4581399913354764,-1.403601077815863,1.417631042079389
2025-05-21T00:39:14.009187,0.1,0.0,0.021685551599708305,3.459652735621664,-1.3937667040544923,1.4197887635218178
2025-05-21T00:39:14.109194,0.1,0.0,0.001866156002763297,3.4611496517465397,-1.3838933739227022,1.4209679892971554
2025-05-21T00:39:14.209200,0.1,0.0,0.001866156002763297,3.462652635319811,-1.3739340083680383,1.4211559510663323
2025-05-21T00:39:14.309231,0.1,0.0,0.001866156002763297,3.4641337550844256,-1.3641070448125072,1.4213414087905027
2025-05-21T00:39:14.409215,0.1,0.0,0.001866156002763297,3.4656225286163833,-1.354216834154697,1.421528054912721
2025-05-21T00:39:14.509282,0.1,0.0,0.001866156002763297,3.4671109691965247,-1.3443162783857459,1.4217148910184534
2025-05-21T00:39:14.614383,0.1,0.0,0.001866156002763297,3.4686497423924494,-1.3340677909488867,1.421908287561927
2025-05-21T00:39:14.709359,0.1,0.0,0.14560760843987605,3.470137822678698,-1.3241439640213353,1.4295757688927608
2025-05-21T00:39:14.809321,0.1,0.0,0.3275556087814091,3.4714594314330207,-1.3146085190157522,1.4527104244711735
2025-05-21T00:39:14.909376,0.1,0.0,0.229244677962912,3.472556695377005,-1.3046638744968362,1.4805603347686382
2025-05-21T00:39:15.009176,0.1,0.0,0.027418415640192425,3.4733989978561066,-1.2947216234297392,1.4934260962401043
2025-05-21T00:39:15.109180,0.1,0.0,0.2669731721780377,3.4741636669082228,-1.2847697568123913,1.5080735724252143
2025-05-21T00:39:15.209211,0.1,0.0,0.1105569561947367,3.474724007534216,-1.274782406861744,1.5269759620022683
2025-05-21T00:39:15.309261,0.1,0.0,0.15945533700685965,3.475134798526962,-1.2647819481056457,1.5404699052464803
2025-05-21T00:39:15.409926,0.1,0.0,0.04097356333192137,3.4753989421849543,-1.25475077773671,1.5505351781058476
2025-05-21T00:39:15.509252,0.1,0.0,0.30738084657698944,3.475591836023293,-1.244731288110768,1.56638388637091
2025-05-21T00:39:15.609254,0.1,0.0,0.42725109484526724,3.4755598835113815,-1.2348019219151758,1.6028780260217212
2025-05-21T00:39:15.709276,0.1,0.0,0.3222925797663672,3.475131982644174,-1.224803670458326,1.6403936027902493
2025-05-21T00:39:15.809230,0.1,0.0,0.24958910244326057,3.4743551713632517,-1.2148215105211677,1.6690712494284403
2025-05-21T00:39:15.909203,0.1,0.0,0.18557563872881763,3.473314048002863,-1.2048951657245672,1.6907917455448815
2025-05-21T00:39:16.009215,0.1,0.0,0.26652534484636664,3.4720712992359357,-1.1949755477722384,1.713331880239216
2025-05-21T00:39:16.109207,0.1,0.0,0.39535684721481995,3.4705852052009596,-1.1850889467279304,1.7463751526644573
2025-05-21T00:39:16.209265,0.1,0.0,0.2355325302191829,3.468734447518165,-1.1752263845458797,1.7780279108648225
2025-05-21T00:39:16.309640,0.1,0.0,0.2788110712227198,3.4666178920799338,-1.165446102958876,1.803764644221209
2025-05-21T00:39:16.409322,0.1,0.0,0.12272945845062776,3.464236600942153,-1.1557132839267825,1.823826782715902
2025-05-21T00:39:16.509214,0.1,0.0,0.15093998294673172,3.4617192883672288,-1.1460989167388267,1.837433190345278
2025-05-21T00:39:16.609426,0.1,0.0,0.22387676048483518,3.4590401615730886,-1.1364343583578491,1.8561972387704468
2025-05-21T00:39:16.709237,0.1,0.0,0.14696703321591506,3.456172506437525,-1.1268594508219723,1.8747251198975052
2025-05-21T00:39:16.809235,0.1,0.0,0.260121009147044,3.4531533601243045,-1.1173555714988568,1.895002612105029
2025-05-21T00:39:16.909203,0.1,0.0,0.11808451291459686,3.4499034773365795,-1.1078896272404417,1.9139543469098435
2025-05-21T00:39:17.009284,0.1,0.0,-0.005841940074378104,3.4465060278093875,-1.098468792450296,1.9195692408503062
2025-05-21T00:39:17.109505,0.1,0.0,0.29324051321220007,3.4430733386391053,-1.089024638505389,1.9338612982751018
2025-05-21T00:39:17.209369,0.1,0.0,0.2311070663024339,3.439477401315731,-1.0797630651553785,1.959897887530541
2025-05-21T00:39:17.309288,0.1,0.0,0.10975512965965382,3.435629190936466,-1.0705297024026663,1.9769477086338334
2025-05-21T00:39:17.409431,0.1,0.0,0.10184913213976131,3.431632101240855,-1.061305698017098,1.9875833901006636
2025-05-21T00:39:17.509584,0.1,0.0,0.22917257271841845,3.427582792376352,-1.052221570928172,2.004071524074652
2025-05-21T00:39:17.609212,0.1,0.0,0.1376831617339169,3.4233337553403955,-1.0431726220473416,2.0224764138263946
2025-05-21T00:39:17.709264,0.1,0.0,0.2726009879477858,3.41893787524178,-1.0341902257455817,2.0429847592353507
2025-05-21T00:39:17.809807,0.1,0.0,0.14652864330131019,3.414301193312398,-1.0252631660186642,2.0640412480381176
2025-05-21T00:39:17.909531,0.1,0.0,0.20821854503423387,3.4095475421628683,-1.016497138983041,2.08175078080305
2025-05-21T00:39:18.009192,0.1,0.0,0.03186116946425565,3.40462834637518,-1.007828214100834,2.0937021518173573
2025-05-21T00:39:18.109198,0.1,0.0,0.09925249452468975,3.399624685794198,-0.9991637012451622,2.1002573738117327
2025-05-21T00:39:18.209206,0.1,0.0,0.15294033690879671,3.3945545064222507,-0.9905486809857958,2.112850292111416
2025-05-21T00:39:18.309376,0.1,0.0,-0.03335869887302833,3.3893387896810796,-0.9819627351260435,2.118863475223945
2025-05-21T00:39:18.409197,0.1,0.0,0.046013162872601814,3.3841653017299556,-0.9734720221509052,2.1194733557794727
2025-05-21T00:39:18.509228,0.1,0.0,-0.11802721293975137,3.3789304612194293,-0.9649305110923516,2.1158899957705835
2025-05-21T00:39:18.609671,0.1,0.0,0.17987999339237723,3.373766965088373,-0.9563581650009565,2.118982857834137
2025-05-21T00:39:18.709357,0.1,0.0,0.15912562334803315,3.368521519602088,-0.9478538495339399,2.1359291071425
2025-05-21T00:39:18.809216,0.1,0.0,0.1826754509244571,3.363095476062891,-0.9393723863193966,2.153143581301717
2025-05-21T00:39:18.909227,0.1,0.0,0.09709714860971662,3.3575994572949877,-0.9311082673269457,2.1670045976614833
2025-05-21T00:39:19.009283,0.1,0.0,0.1289932493559359,3.3519638898459023,-0.9228466179947593,2.1782977334069216
2025-05-21T00:39:19.109234,0.1,0.0,0.15365225693758755,3.346230701084478,-0.9146563385417135,2.1924218080933056
2025-05-21T00:39:19.209199,0.1,0.0,0.054300603516296835,3.3403788556429257,-0.9065534390243939,2.202831059902981
2025-05-21T00:39:19.309230,0.1,0.0,-0.16361269018866365,3.334457540560238,-0.8984898127104269,2.197390768150033
2025-05-21T00:39:19.409253,0.1,0.0,0.10703652002069573,3.3285938879026,-0.8903193084785784,2.1946097782305714
2025-05-21T00:39:19.509453,0.1,0.0,0.0569945371278796,3.322720321419531,-0.8822039389236811,2.2027990520419305
2025-05-21T00:39:19.609199,0.1,0.0,0.12432428692796481,3.316845282937567,-0.8742037368463491,2.211816414223179
2025-05-21T00:39:19.709218,0.1,0.0,0.09902646306903183,3.3108367093209625,-0.8662027920578714,2.222997931712894
2025-05-21T00:39:19.809195,0.1,0.0,0.1547539940670839,3.304739563766974,-0.8582598252241921,2.2356666716779916
2025-05-21T00:39:19.909226,0.1,0.0,-0.07086388998877145,3.2985441146584544,-0.8504194648632687,2.239858835131015
2025-05-21T00:39:20.009221,0.1,0.0,0.13985152986375923,3.2923632405716887,-0.8425743020151208,2.2432022720493627
2025-05-21T00:39:20.109230,0.1,0.0,-0.06154646849697353,3.2861095628666566,-0.8347757666780338,2.247147856437919
2025-05-21T00:39:20.209312,0.1,0.0,0.13256793213176074,3.2798460083329126,-0.8269474142986905,2.250700757648998
2025-05-21T00:39:20.309277,0.1,0.0,-0.036018489802434044,3.27354887112767,-0.8192112307707122,2.2555260395373855
2025-05-21T00:39:20.409221,0.1,0.0,0.1326658168457284,3.2672269173143587,-0.8114543596618268,2.2603442419780215
2025-05-21T00:39:20.509302,0.1,0.0,0.029116035713555585,3.260848219894913,-0.8037706239256208,2.2684307101675776
2025-05-21T00:39:20.609368,0.1,0.0,0.11591550269417049,3.254418341940022,-0.7961113776622011,2.2756019513092767
2025-05-21T00:39:20.709200,0.1,0.0,0.008758034925514522,3.2479063046578465,-0.7884998737091851,2.281857509053843
2025-05-21T00:39:20.809192,0.1,0.0,-0.003722395187744087,3.241389977781461,-0.7809381920987034,2.282110029605313
2025-05-21T00:39:20.909204,0.1,0.0,-0.003722395187744087,3.234853306480026,-0.7733519938949074,2.281737272148442
2025-05-21T00:39:21.009290,0.1,0.0,-0.003722395187744087,3.228299304738557,-0.7657399421585322,2.2813633645069
2025-05-21T00:39:21.109224,0.1,0.0,-0.003722395187744087,3.2218061740984116,-0.7581928956494649,2.280992768971214
2025-05-21T00:39:21.209182,0.1,0.0,-0.003722395187744087,3.2152955596440393,-0.7506198481631051,2.280621015263465
2025-05-21T00:39:21.309196,0.1,0.0,0.0014618519482700874,3.2087774771633235,-0.7430324076920162,2.280506615518724
2025-05-21T00:39:21.409248,0.1,0.0,0.0014618519482700874,3.2022482322416694,-0.7354322086928375,2.2806530884621186
2025-05-21T00:39:21.509212,0.1,0.0,0.0014618519482700874,3.1957354650362744,-0.7278534348042109,2.2807991668665366
2025-05-21T00:39:21.609220,0.1,0.0,0.0014618519482700874,3.1892247925194557,-0.7202793367635122,2.280945173473226
2025-05-21T00:39:21.709217,0.1,0.0,0.0014618519482700874,3.182707620117148,-0.7126999165727199,2.2810913010207505
2025-05-21T00:39:21.809288,0.1,0.0,0.0014618519482700874,3.1761729219667316,-0.7051023615722541,2.2812377966187682
2025-05-21T00:39:21.909404,0.1,0.0,-0.09754112310363937,3.1696163979682144,-0.6974816910488641,2.2763921721712768
2025-05-21T00:39:22.009229,0.1,0.0,-0.04179848927721275,3.1631945107578945,-0.689906289478592,2.269480947561606
2025-05-21T00:39:22.109242,0.1,0.0,-0.09991878366850558,3.1567668653729677,-0.6822384520459219,2.2623971713231636
2025-05-21T00:39:22.209260,0.1,0.0,0.044209637531240624,3.150397105903909,-0.67450648649272,2.259600584929003
2025-05-21T00:39:22.309210,0.1,0.0,-0.18379712742584317,3.1440404649422424,-0.6668031630597051,2.2526387008444155
2025-05-21T00:39:22.409190,0.1,0.0,0.10139662733684161,3.1377724888810277,-0.6590083079141295,2.2485096347192055
2025-05-21T00:39:22.509196,0.1,0.0,-0.1477630835398269,3.131486190051629,-0.6512385209268734,2.2461935338050885
2025-05-21T00:39:22.609334,0.1,0.0,-0.08827699444049596,3.125250869276394,-0.6433955298241882,2.234369773568142
2025-05-21T00:39:22.709876,0.1,0.0,0.04992166824123622,3.119124891868178,-0.6355246199539897,2.232439527110407
2025-05-21T00:39:22.809240,0.1,0.0,-0.0829210812429082,3.112967774332283,-0.6276384532684023,2.2308085113050655
2025-05-21T00:39:22.909188,0.1,0.0,0.04828640181756882,3.106851216977064,-0.6197237265170884,2.2290511918714753
2025-05-21T00:39:23.009184,0.1,0.0,-0.02162769674241227,3.100722451636648,-0.611818129419243,2.230393205576469
2025-05-21T00:39:23.109228,0.1,0.0,-0.12261888420624699,3.0946066855104517,-0.6039226906218325,2.2232007599395516
2025-05-21T00:39:23.209214,0.1,0.0,-0.02341487925860197,3.088553399961511,-0.5959489913113343,2.2158835520654376
2025-05-21T00:39:23.309231,0.1,0.0,0.06066140743959169,3.082554764411836,-0.5879674790255508,2.217723809498537
2025-05-21T00:39:23.409422,0.1,0.0,0.06066140743959169,3.0764781981542013,-0.5799484328307698,2.2238271427958667
2025-05-21T00:39:23.509207,0.1,0.0,-0.06813242785091876,3.0704234551624547,-0.5720584016098659,2.223465669215246
2025-05-21T00:39:23.609252,0.1,0.0,-0.06813242785091876,3.0643672044516688,-0.5641077629317104,2.2166561365681225
2025-05-21T00:39:23.709215,0.1,0.0,-0.012907408600369983,3.0583592483841655,-0.556108070665613,2.2125894856620363
2025-05-21T00:39:23.809367,0.1,0.0,-0.16488906452727492,3.052372887763952,-0.5480923958736448,2.2037638928761183
2025-05-21T00:39:23.909258,0.1,0.0,-0.10557110402215962,3.0464873575402436,-0.540000585365466,2.190223952396739
2025-05-21T00:39:24.009238,0.1,0.0,-0.009105162354638983,3.040703777148124,-0.5318440372148975,2.184466661466802
2025-05-21T00:39:24.109243,0.1,0.0,0.03242343329697749,3.034949407571293,-0.52367086488147,2.1856214022355527
2025-05-21T00:39:24.209549,0.1,0.0,0.03242343329697749,3.0291546109260077,-0.515478544194963,2.188874974670057
2025-05-21T00:39:24.309425,0.1,0.0,-0.1566839455032043,3.023352216753157,-0.5073317878227904,2.182634431573879
2025-05-21T00:39:24.409214,0.1,0.0,0.05211784421081055,3.017653642974086,-0.4991423242731281,2.1774413962177555
2025-05-21T00:39:24.509224,0.1,0.0,-0.10014610450366333,3.0119503233843967,-0.4909463215393811,2.175056735979318
2025-05-21T00:39:24.609241,0.1,0.0,-0.06256755404810076,3.0062632094860007,-0.48266454037075135,2.1668833442133266
2025-05-21T00:39:24.709195,0.1,0.0,0.05754585047613613,3.000684616200724,-0.4744138337485845,2.166629878047626
2025-05-21T00:39:24.809258,0.1,0.0,-0.18684477011942754,2.995064983213225,-0.4661513460061161,2.1601897363431988
2025-05-21T00:39:24.909197,0.1,0.0,0.0550696993777322,2.9895399604794184,-0.4578045364714481,2.153536635706444
2025-05-21T00:39:25.009360,0.1,0.0,-0.06566601857062924,2.9840269347608297,-0.44946496343981246,2.1530085706997397
2025-05-21T00:39:25.109224,0.1,0.0,0.021849430453239057,2.9785275219505536,-0.44108143239192554,2.150800255716705
2025-05-21T00:39:25.209201,0.1,0.0,-0.08605586949860021,2.973060198926679,-0.4327464957488773,2.1476040626042394
2025-05-21T00:39:25.309224,0.1,0.0,-0.08605586949860021,2.967623629368037,-0.42435098830766216,2.13899669885463
2025-05-21T00:39:25.409235,0.1,0.0,0.06137871987392129,2.9622307119551863,-0.4158634373470035,2.137733614354448
2025-05-21T00:39:25.509248,0.1,0.0,0.01841774387338013,2.956878732307149,-0.4074852856381718,2.1416974562883446
2025-05-21T00:39:25.609213,0.1,0.0,0.03373414088686965,2.951472843237873,-0.39907656722726964,2.1443021720855118
2025-05-21T00:39:25.709251,0.1,0.0,-0.05244778260992677,2.946025555743011,-0.3906588916139713,2.1433883507903584
2025-05-21T00:39:25.809257,0.1,0.0,-0.05244778260992677,2.940623213424621,-0.3822542226947808,2.138148191701199
2025-05-21T00:39:25.909415,0.1,0.0,-0.03792547949258207,2.9352478248310523,-0.3737942718483012,2.1336211578881024
2025-05-21T00:39:26.009313,0.1,0.0,-0.08903176648593523,2.9299340055050727,-0.365353883041917,2.1272882134490434
2025-05-21T00:39:26.109217,0.1,0.0,1.234901325974924e-05,2.9246638276844914,-0.3568396747384869,2.1228280772076715
2025-05-21T00:39:26.209236,0.1,0.0,0.039324230488611,2.9194217104121036,-0.34832842611168097,2.124780994759794
2025-05-21T00:39:26.309214,0.1,0.0,0.039324230488611,2.9141267015311287,-0.33978764793908783,2.128732680972213
2025-05-21T00:39:26.409215,0.1,0.0,0.05759730660508166,2.9088565095426455,-0.33136123127833494,2.1335515143358714
2025-05-21T00:39:26.509206,0.1,0.0,0.08847820399312976,2.903507168551497,-0.3229079152850926,2.1408518442987727
2025-05-21T00:39:26.609331,0.1,0.0,-0.030625723338884022,2.8980931898257625,-0.31450335335387586,2.1437550793807745
2025-05-21T00:39:26.709527,0.1,0.0,-0.06623139164893209,2.8926710876693327,-0.30608479876106187,2.138924109379837
2025-05-21T00:39:26.809244,0.1,0.0,-0.03379996726206035,2.887313831443117,-0.2976615241917827,2.133930091373114
2025-05-21T00:39:26.909211,0.1,0.0,0.051037796752635416,2.8819772800500743,-0.28919270781310896,2.134783225142174
2025-05-21T00:39:27.009249,0.1,0.0,-0.12375558295095511,2.876620489939855,-0.28074758022139673,2.131209209989666
2025-05-21T00:39:27.109220,0.1,0.0,0.05600091776604698,2.871330626914978,-0.2722596307747464,2.12780210862908
2025-05-21T00:39:27.209255,0.1,0.0,0.08748551997493469,2.866033884074354,-0.263781184212762,2.13497318001016
2025-05-21T00:39:27.309258,0.1,0.0,-0.14587144508182434,2.860673068490735,-0.25535021162056487,2.1320982101721135
2025-05-21T00:39:27.409594,0.1,0.0,-0.002277015552512029,2.8553645219468575,-0.24683844808040353,2.1246519712274434
2025-05-21T00:39:27.509257,0.1,0.0,-0.05102538047955906,2.8501065236268865,-0.2383350949301924,2.1219860349384376
2025-05-21T00:39:27.609291,0.1,0.0,-0.05102538047955906,2.844890228509817,-0.22982550672486213,2.1168931245870226
2025-05-21T00:39:27.709262,0.1,0.0,-0.07733605489397499,2.839713110131808,-0.22128246373811686,2.1104831562241415
2025-05-21T00:39:27.809291,0.1,0.0,-0.07845803603576118,2.8345589973902436,-0.2126398945714015,2.1026444005326406
2025-05-21T00:39:27.909262,0.1,0.0,-0.05933133943777701,2.8295269116115485,-0.2040494394268164,2.095788163825409
2025-05-21T00:39:28.009238,0.1,0.0,0.05222014710332345,2.8245356447038557,-0.19540255719607658,2.0954366548939047
2025-05-21T00:39:28.109263,0.1,0.0,-0.0321484313827125,2.819509355327674,-0.18674379653903073,2.096442248356574
2025-05-21T00:39:28.209311,0.1,0.0,-0.03716462069252468,2.8144917492439676,-0.1780779286977018,2.0929711111553013
2025-05-21T00:39:28.309261,0.1,0.0,0.07933465707137377,2.8095176482758517,-0.16941554373175596,2.095086305475032
2025-05-21T00:39:28.409481,0.1,0.0,-0.018069666672113623,2.8044996857515456,-0.1607775732671446,2.098153750098728
2025-05-21T00:39:28.509225,0.1,0.0,0.04320230856300843,2.7994708342791945,-0.1521336119918646,2.0990502739982446
2025-05-21T00:39:28.609242,0.1,0.0,0.04320230856300843,2.794404780102452,-0.14347409664620456,2.10338457085276
2025-05-21T00:39:28.709222,0.1,0.0,-0.10946623490156625,2.78931938141115,-0.1348672467829699,2.1000476113723323
2025-05-21T00:39:28.809212,0.1,0.0,0.06460977750519346,2.78430882937238,-0.1262470224068689,2.0978387336801987
2025-05-21T00:39:28.909222,0.1,0.0,-0.2292759822329715,2.7792559896390916,-0.1175966644031152,2.0895696255273766
2025-05-21T00:39:29.009319,0.1,0.0,-0.04167676535350551,2.774329780533817,-0.10885187454356993,2.0760197989565654
2025-05-21T00:39:29.109406,0.1,0.0,0.06253479544283456,2.769524295752913,-0.10014236755559387,2.0770602455107774
2025-05-21T00:39:29.209230,0.1,0.0,-0.030944853196269714,2.7646620540513855,-0.0914053337173251,2.078641848570207
2025-05-21T00:39:29.309208,0.1,0.0,0.06793968262793325,2.7598033197534,-0.08265905554769958,2.0804893050301
2025-05-21T00:39:29.409226,0.1,0.0,-0.033751547225050464,2.7548791897056377,-0.07388477960260251,2.0822114314780613
2025-05-21T00:39:29.509267,0.1,0.0,0.0408314830684986,2.750017101164979,-0.0652042556614523,2.082574663492764
2025-05-21T00:39:29.609207,0.1,0.0,0.08586784051082817,2.745109332218563,-0.056487698448168464,2.088916520352841
2025-05-21T00:39:29.709188,0.1,0.0,-0.04781626998192955,2.740151352701772,-0.04783365118722567,2.090807225162628
2025-05-21T00:39:29.809296,0.1,0.0,-0.05575287967834907,2.735180219427151,-0.03912742551796627,2.0856149242818276
2025-05-21T00:39:29.909441,0.1,0.0,0.009594763488101066,2.730268151657356,-0.030415977570919458,2.0833032125779027
2025-05-21T00:39:30.009221,0.1,0.0,0.004650417878887535,2.725375430270771,-0.021725061791586814,2.0840130379286492
2025-05-21T00:39:30.109190,0.1,0.0,0.004650417878887535,2.7204645193871495,-0.01301379896180316,2.0844780870342614
2025-05-21T00:39:30.209303,0.1,0.0,0.004650417878887535,2.71554867887174,-0.004303263710971723,2.084943219295826
2025-05-21T00:39:30.309280,0.1,0.0,0.004650417878887535,2.710610629259515,0.004437115456441521,2.085410067896234
2025-05-21T00:39:30.409220,0.1,0.0,0.004650417878887535,2.7057099644511293,0.013101895046107969,2.085873000405689
2025-05-21T00:39:30.509197,0.1,0.0,0.02587825697423884,2.7007841401345276,0.02180174741732558,2.0873966523949097
2025-05-21T00:39:30.609356,0.1,0.0,0.02587825697423884,2.6958268824024723,0.030515283554816988,2.089990941634797
2025-05-21T00:39:30.709195,0.1,0.0,-0.1887246432581968,2.69081095578943,0.03927887293438174,2.0817169469397845
2025-05-21T00:39:30.809229,0.1,0.0,0.1128854362700926,2.6860196123651887,0.047920371232316634,2.0781050775204957
2025-05-21T00:39:30.909221,0.1,0.0,-0.044350805360763294,2.6811282623126353,0.05666215326714975,2.0815323706365376
2025-05-21T00:39:31.009255,0.1,0.0,0.0805230824671821,2.676253581469334,0.06538453131371413,2.0833295265335474
2025-05-21T00:39:31.109266,0.1,0.0,-0.1999330892656259,2.6713076098022914,0.0741329526191178,2.0772966790731253
2025-05-21T00:39:31.209195,0.1,0.0,0.004046561935131531,2.666518162898616,0.08286837130198337,2.0675923174365014
2025-05-21T00:39:31.309236,0.1,0.0,0.12351031804370692,2.6617613504594706,0.09164024421095485,2.073956701702655
2025-05-21T00:39:31.409299,0.1,0.0,0.07466944373472782,2.656907908552062,0.10039390748380797,2.083874374178313
2025-05-21T00:39:31.509228,0.1,0.0,-0.009952639777945915,2.6519417159449645,0.10916981737034948,2.0871657603642486
2025-05-21T00:39:31.609229,0.1,0.0,0.07500101023461547,2.647050514958598,0.11778981265859556,2.0904218867763706
2025-05-21T00:39:31.709350,0.1,0.0,0.07500101023461547,2.6420732862294685,0.12645258535063308,2.09791511409961
2025-05-21T00:39:31.809344,0.1,0.0,0.08832074395759947,2.6370182982537638,0.13509994280466747,2.1060907100075728
2025-05-21T00:39:31.909213,0.1,0.0,-0.03506528305423306,2.631888739221006,0.14370593162444678,2.1087516288848525
2025-05-21T00:39:32.009200,0.1,0.0,0.024531024556055932,2.6267911612451167,0.15226652899352877,2.10822646755184
2025-05-21T00:39:32.109255,0.1,0.0,0.1020915648692433,2.6216639081109885,0.16085815156163322,2.114555327248941
2025-05-21T00:39:32.209296,0.1,0.0,-0.08539200017400272,2.616465480471161,0.1694075867531808,2.115394593873284
2025-05-21T00:39:32.309241,0.1,0.0,-0.03425961987843728,2.611304164068901,0.17797005277610572,2.1094087430211452
2025-05-21T00:39:32.409272,0.1,0.0,0.09078390017272063,2.6061821324292347,0.18655854178835327,2.1122301953367817
2025-05-21T00:39:32.509200,0.1,0.0,-0.0009720411735447686,2.601007489002946,0.195119086454042,2.1167283894076725
2025-05-21T00:39:32.609305,0.1,0.0,0.0672488020748163,2.595797270273094,0.2036957383566381,2.1200310819563484
2025-05-21T00:39:32.709491,0.1,0.0,0.027452346344387642,2.5905678097911156,0.21220773029768294,2.1247554419793317
2025-05-21T00:39:32.809221,0.1,0.0,-0.06388815118155476,2.5853233943754135,0.22067313912382713,2.1229362022490648
2025-05-21T00:39:32.909206,0.1,0.0,-0.06388815118155476,2.5800832868600105,0.2292096222897359,2.1165368373630553
2025-05-21T00:39:33.009253,0.1,0.0,0.04912473278591677,2.5749062113106773,0.23776570214162368,2.115792638585857
2025-05-21T00:39:33.109458,0.1,0.0,0.01945783262440437,2.5697064730756276,0.2463189736455585,2.119237965076131
2025-05-21T00:39:33.209154,0.1,0.0,0.07180567047175955,2.5644990811558546,0.2548329311456018,2.123792056006754
2025-05-21T00:39:33.309188,0.1,0.0,0.04023067945823855,2.5592307843501225,0.2633340681947695,2.1293983266934227
2025-05-21T00:39:33.409223,0.1,0.0,0.035079731792944095,2.5539092094060423,0.2718294677264714,2.133174185150179
2025-05-21T00:39:33.509398,0.1,0.0,0.048767289137612295,2.5485792138512546,0.28026980443829225,2.1373565710474125
2025-05-21T00:39:33.609192,0.1,0.0,0.02025953855089302,2.5432072244155157,0.28869198475050245,2.1408064712019206
2025-05-21T00:39:33.709194,0.1,0.0,0.02521743000577614,2.537808584163415,0.29710504706842944,2.1430786796641748
2025-05-21T00:39:33.809199,0.1,0.0,-0.01596636180345556,2.532365001081817,0.3055435401487459,2.143543075394706
2025-05-21T00:39:33.909198,0.1,0.0,-0.01596636180345556,2.5269080668616857,0.31401333974248946,2.141934384990039
2025-05-21T00:39:34.009516,0.1,0.0,-0.01596636180345556,2.5215683513602514,0.32233041894665293,2.140356326917562
2025-05-21T00:39:34.109188,0.1,0.0,-0.01596636180345556,2.5161753664615714,0.3307597910861602,2.138758584516795
2025-05-21T00:39:34.209334,0.1,0.0,-0.11025970702721598,2.5107894262310144,0.33920786363357014,2.1324711560164182
2025-05-21T00:39:34.309319,0.1,0.0,-0.12478166898454045,2.505483446661153,0.3476914404936296,2.1207114299066845
2025-05-21T00:39:34.409199,0.1,0.0,-0.06172601709340863,2.500298082268191,0.3562099566881689,2.1113848493193395
2025-05-21T00:39:34.509237,0.1,0.0,0.10403684967269954,2.495161431572388,0.3647977857355725,2.113429587178821
2025-05-21T00:39:34.609280,0.1,0.0,0.01714248835221532,2.4899621947693706,0.37336923847127423,2.119503666399292
2025-05-21T00:39:34.709222,0.1,0.0,-0.10230628578161925,2.484730816385451,0.38191838406887496,2.115242658671976
2025-05-21T00:39:34.809231,0.1,0.0,-0.04789987287008523,2.4795877481482704,0.39046154891363055,2.1077646797986667
2025-05-21T00:39:34.909190,0.1,0.0,0.06376021112403095,2.4744791571501628,0.39906629914836594,2.1085809716693014
2025-05-21T00:39:35.009220,0.1,0.0,0.03853277200770666,2.4693395418171837,0.40765254797940437,2.11370331194054
2025-05-21T00:39:35.109206,0.1,0.0,0.07711237943569094,2.46418878120356,0.41617047042928024,2.119458064759412
2025-05-21T00:39:35.209242,0.1,0.0,-0.04941466625091206,2.458949328282641,0.42470488670863926,2.1208585064979744
2025-05-21T00:39:35.309197,0.1,0.0,-0.03389197073649374,2.4537409972234823,0.43322225861460895,2.1166935819571258
2025-05-21T00:39:35.409256,0.1,0.0,0.09466228993670443,2.4485485449264424,0.44178623392797545,2.1196883371845088
2025-05-21T00:39:35.509517,0.1,0.0,-0.00786582704409011,2.443292465442379,0.45033479590032544,2.1240764773906786
2025-05-21T00:39:35.609265,0.1,0.0,-0.1176107985568675,2.437886035526712,0.45909230276029694,2.117492081874497
2025-05-21T00:39:35.709277,0.1,0.0,0.09244972121973614,2.4328560540204194,0.46741098261765435,2.1165537945995556
2025-05-21T00:39:35.809273,0.1,0.0,0.02841267017769544,2.4276130793301496,0.4759993944647425,2.1226205550309913
2025-05-21T00:39:35.909279,0.1,0.0,-0.04285902928836904,2.4224130188699124,0.48443299348366337,2.1219727499299648
2025-05-21T00:39:36.011049,0.1,0.0,-0.04285902928836904,2.417198683303798,0.4929357313962782,2.117697876730068
2025-05-21T00:39:36.109290,0.1,0.0,-0.04285902928836904,2.411738985812636,0.5019257230321515,2.113189962953726
2025-05-21T00:39:36.209407,0.1,0.0,-0.024416691865140058,2.4068030586795817,0.5101345829583577,2.110008075474383
2025-05-21T00:39:36.309426,0.1,0.0,0.03107782143390136,2.4016813529722456,0.5187060254752598,2.110376821122726
2025-05-21T00:39:36.409878,0.1,0.0,-0.015139899796371424,2.396480554596192,0.5273750844738685,2.1111249245838426
2025-05-21T00:39:36.509329,0.1,0.0,0.10236366011919683,2.3913047615571,0.5360106298276072,2.1157531842389474
2025-05-21T00:39:36.609294,0.1,0.0,-0.05302519816729689,2.3861128142593384,0.5445264391468546,2.125962694550471
2025-05-21T00:39:36.710618,0.1,0.0,-0.005659241259985403,2.380673853247558,0.553322382303771,2.123099389365183
2025-05-21T00:39:36.809303,0.1,0.0,0.08711068868942905,2.3756409703810633,0.5614914361821227,2.126906879768912
2025-05-21T00:39:36.909286,0.1,0.0,0.008359817715811733,2.370294819487858,0.5700508294554476,2.135697941773439
2025-05-21T00:39:37.009281,0.1,0.0,-0.027929277969788165,2.364938910325416,0.5784974850875546,2.134969723746753
2025-05-21T00:39:37.109299,0.1,0.0,0.040589648272825185,2.3597007102806047,0.5867881144691856,2.1354520876732366
2025-05-21T00:39:37.209448,0.1,0.0,0.040589648272825185,2.3543294045753878,0.5952484594729363,2.139519738868577
2025-05-21T00:39:37.309505,0.1,0.0,-0.045560716475977474,2.3488887069654587,0.6037414371493315,2.139216182972593
2025-05-21T00:39:37.409381,0.1,0.0,0.029249270394107182,2.343547532645138,0.6121243101173041,2.1382044669993228
2025-05-21T00:39:37.509194,0.1,0.0,0.029249270394107182,2.3382346526272055,0.6204473561989496,2.1410925986966918
2025-05-21T00:39:37.609217,0.1,0.0,0.029249270394107182,2.3328285052910323,0.6288626517416658,2.1440181645150673
2025-05-21T00:39:37.709217,0.1,0.0,-0.03730469409184644,2.327395596226449,0.637265436599523,2.143622261665615
2025-05-21T00:39:37.809230,0.1,0.0,-0.03730469409184644,2.3219642187702068,0.6457039919435733,2.139878588027827
2025-05-21T00:39:37.909223,0.1,0.0,-0.03730469409184644,2.3165987879631107,0.6541089513018873,2.1361587417700942
2025-05-21T00:39:38.009228,0.1,0.0,0.06299891794618427,2.311216979683327,0.6626092742723706,2.137478787658157
2025-05-21T00:39:38.109386,0.1,0.0,-0.10104033342140938,2.3058720587464214,0.6709803630736139,2.135564005111303
2025-05-21T00:39:38.209207,0.1,0.0,0.004489163420536845,2.300530541347829,0.6794580206634281,2.1306749331805825
2025-05-21T00:39:38.309233,0.1,0.0,-0.03204117134198214,2.2952311626866786,0.6879108376783719,2.129310029882209
2025-05-21T00:39:38.409310,0.1,0.0,-0.03204117134198214,2.289940262095088,0.6963929951424018,2.126106863065802
2025-05-21T00:39:38.509202,0.1,0.0,-0.03322973984645538,2.2846714570984243,0.7049003113366525,2.1228412655552145
2025-05-21T00:39:38.609296,0.1,0.0,-0.10102570064864479,2.2793546890000234,0.7135488412808131,2.115995631506749
2025-05-21T00:39:38.709302,0.1,0.0,-0.023925475121816527,2.2742263286262663,0.7220522422976315,2.109867463358767
2025-05-21T00:39:38.809406,0.1,0.0,0.08242849804249053,2.2691460564795576,0.7305567332258651,2.112789559928075
2025-05-21T00:39:38.909526,0.1,0.0,0.08242849804249053,2.2639668017072117,0.7391181166035022,2.1210374525600724
2025-05-21T00:39:39.009315,0.1,0.0,0.007029569035201798,2.258721227507434,0.7476298425579289,2.125531588742251
2025-05-21T00:39:39.109227,0.1,0.0,0.06124759092349329,2.2534394758006178,0.7561504005238249,2.1289482481593787
2025-05-21T00:39:39.209192,0.1,0.0,0.04248969967807659,2.24813675623016,0.7646143626233689,2.134129483004709
2025-05-21T00:39:39.309196,0.1,0.0,-0.034746587614384865,2.2427891188301943,0.7730612570283949,2.1345257439860115
2025-05-21T00:39:39.409267,0.1,0.0,-0.04077356356751549,2.2374498208034406,0.7815236906583481,2.130748371547895
2025-05-21T00:39:39.509296,0.1,0.0,0.0063541089488394755,2.2321447782132497,0.7900054738432888,2.1290242977683533
2025-05-21T00:39:39.609219,0.1,0.0,0.06416332853526495,2.2268575126844206,0.7984691058887876,2.1325367560825454
2025-05-21T00:39:39.709187,0.1,0.0,0.10173755724454779,2.2215113975093534,0.8069332303711052,2.1408162717631223
2025-05-21T00:39:39.809236,0.1,0.0,0.06888196814143542,2.2160960930920073,0.8153344038149206,2.149358034205397
2025-05-21T00:39:39.909200,0.1,0.0,0.023377547875010892,2.2106004141226903,0.823717331170222,2.1539846615294262
2025-05-21T00:39:40.009221,0.1,0.0,0.08851592242667293,2.2050982504876386,0.8320467164365196,2.1595745676652385
2025-05-21T00:39:40.109194,0.1,0.0,0.07367088082426364,2.199527905797768,0.8403483822745577,2.1676837059433973
2025-05-21T00:39:40.209346,0.1,0.0,0.07127665423143802,2.193885050733891,0.8486190155547215,2.1749403127329234
2025-05-21T00:39:40.309253,0.1,0.0,-0.12536930489305595,2.1881856248051825,0.8568447940289985,2.1722367611454114
2025-05-21T00:39:40.409348,0.1,0.0,0.024138143454629498,2.182568312065015,0.8650853648900765,2.1671779426725735
2025-05-21T00:39:40.509204,0.1,0.0,-0.06409467545029023,2.17694834544608,0.8733534311114615,2.165201712606377
2025-05-21T00:39:40.609222,0.1,0.0,-0.06409467545029023,2.1713510201208526,0.8816627704704998,2.158780224742433
2025-05-21T00:39:40.709208,0.1,0.0,0.10567007673182081,2.165805654663908,0.8900101678214694,2.1608816365999095
2025-05-21T00:39:40.809208,0.1,0.0,-0.00650879683067429,2.1602315702572357,0.8982864111110618,2.1658223830480683
2025-05-21T00:39:40.909342,0.1,0.0,0.011003611126586542,2.154632375286931,0.9065616235244948,2.166047237591016
2025-05-21T00:39:41.009432,0.1,0.0,0.011003611126586542,2.1490097057940973,0.9148596676867866,2.1671501922614986
2025-05-21T00:39:41.109196,0.1,0.0,0.011003611126586542,2.143406404979659,0.9231095429691729,2.1682475641977614
2025-05-21T00:39:41.209226,0.1,0.0,0.011003611126586542,2.1377779873300886,0.931376850563343,2.1693480764220237
2025-05-21T00:39:41.309212,0.1,0.0,0.07091137373055,2.1321459198462764,0.9396299847330143,2.1734272428297707
2025-05-21T00:39:41.409330,0.1,0.0,-0.04931142363492124,2.126448130709618,0.9478801452931954,2.174591145652774
2025-05-21T00:39:41.509201,0.1,0.0,0.08014822480617356,2.1207875353096246,0.9561088692439614,2.176136322800577
2025-05-21T00:39:41.609205,0.1,0.0,-0.18593335632282823,2.1150855281731036,0.964313553208373,2.170901042890174
2025-05-21T00:39:41.709235,0.1,0.0,-0.08694513751927978,2.109473473890209,0.9725972320394433,2.157232700005583
2025-05-21T00:39:41.809290,0.1,0.0,-0.012048772972076403,2.103937552789243,0.9809689245643712,2.152271873456746
2025-05-21T00:39:41.909233,0.1,0.0,0.009724312914414224,2.098446950278824,0.9893279384126746,2.1521622939273293
2025-05-21T00:39:42.009192,0.1,0.0,0.009724312914414224,2.092980806191473,0.9976418588553823,2.153129850895052
2025-05-21T00:39:42.109221,0.1,0.0,0.009724312914414224,2.0874761247958173,1.0059967479514935,2.154102795956536
2025-05-21T00:39:42.209270,0.1,0.0,0.009724312914414224,2.0819457732828646,1.0143728346376335,2.155078836157938
2025-05-21T00:39:42.309284,0.1,0.0,0.009724312914414224,2.0764442442012085,1.0226876360073611,2.156048359177084
2025-05-21T00:39:42.409205,0.1,0.0,0.026966159240006112,2.070914899321702,1.031026881035276,2.15788236792298
2025-05-21T00:39:42.509214,0.1,0.0,0.026966159240006112,2.065371892874826,1.0393457636034205,2.1605780233195153
2025-05-21T00:39:42.609282,0.1,0.0,0.035129440023857754,2.059785434982956,1.0476810310122544,2.1636941301979533
2025-05-21T00:39:42.709204,0.1,0.0,0.06127553803887186,2.0542136558121524,1.0559351139322992,2.1684968217820133
2025-05-21T00:39:42.809223,0.1,0.0,0.023245557192616003,2.048574658574418,1.0641912110617524,2.1727294470392833
2025-05-21T00:39:42.909254,0.1,0.0,0.057029544815881954,2.0429019625863587,1.072438385978931,2.1767452370155276
2025-05-21T00:39:43.009254,0.1,0.0,-0.03999742770864234,2.03720421845091,1.080636405440682,2.1776123322668024
2025-05-21T00:39:43.109248,0.1,0.0,-0.03999742770864234,2.03150845828613,1.0888588488122954,2.173611582480623
2025-05-21T00:39:43.209220,0.1,0.0,0.08457718684170668,2.025845316223663,1.0971044857438268,2.1758068358272267
2025-05-21T00:39:43.309225,0.1,0.0,0.08457718684170668,2.0201354195633843,1.1053242976832718,2.1842716847750285
2025-05-21T00:39:43.409313,0.1,0.0,0.05749584460908674,2.0143633292991643,1.1134853756215906,2.1913793880500485
2025-05-21T00:39:43.509427,0.1,0.0,-0.021582086346431103,2.0085330075559376,1.1216173237330669,2.193183396344333
2025-05-21T00:39:43.609221,0.1,0.0,-0.0681235393947388,2.002717586477932,1.1297314508093612,2.1887112849891484
2025-05-21T00:39:43.709199,0.1,0.0,-0.09255259269994486,1.9969329800024782,1.1378994530537,2.180674265495604
2025-05-21T00:39:43.809226,0.1,0.0,0.023843540120266345,1.9911944249889086,1.1461530268919295,2.1772325522042495
2025-05-21T00:39:43.909233,0.1,0.0,-0.027288120532963363,1.985513995314002,1.1543321096967762,2.1770567101891505
2025-05-21T00:39:44.009210,0.1,0.0,-0.027288120532963363,1.979825965345298,1.1625475554068603,2.1743299826566282
2025-05-21T00:39:44.109188,0.1,0.0,-0.027288120532963363,1.9741517417398804,1.1707910158738863,2.171599104299344
2025-05-21T00:39:44.209249,0.1,0.0,-0.04575927077716368,1.9684976568762527,1.179053445156794,2.167942947548756
2025-05-21T00:39:44.309891,0.1,0.0,0.13290821949778595,1.9627911401590186,1.1874669457568185,2.1725120427153612
2025-05-21T00:39:44.409216,0.1,0.0,-0.009503987978143336,1.9572124334421714,1.1955349061271683,2.1784684697133887
2025-05-21T00:39:44.509201,0.1,0.0,0.06889604002175197,1.9514918061354376,1.2037647665239364,2.181432295696535
2025-05-21T00:39:44.609186,0.1,0.0,0.06889604002175197,1.9457320578146913,1.2119643930857256,2.188335970292516
2025-05-21T00:39:44.709222,0.1,0.0,0.0273828427153544,1.939929045940093,1.2201056014480969,2.193142153513354
2025-05-21T00:39:44.809232,0.1,0.0,0.0635056890233998,1.9341151882983223,1.2281973731505458,2.197670824122005
2025-05-21T00:39:44.909201,0.1,0.0,-0.0029733433279643946,1.9282157341406907,1.2363147294481043,2.2007102432687518
2025-05-21T00:39:45.012801,0.1,0.0,-0.06225642532222574,1.9221798898735931,1.2445958675717628,2.19751334541502
2025-05-21T00:39:45.109721,0.1,0.0,-0.03527639569957607,1.916206487918563,1.252872944235096,2.1925142941716427
2025-05-21T00:39:45.209324,0.1,0.0,0.11850967696307778,1.9106454655906668,1.2606480878227704,2.1965666956259877
2025-05-21T00:39:45.309217,0.1,0.0,-0.007353882434428804,1.9047934054172564,1.2686959866632583,2.202087354730523
2025-05-21T00:39:45.409267,0.1,0.0,-0.06676751849807648,1.8988907282783938,1.2767728640237879,2.1984073782459745
2025-05-21T00:39:45.509327,0.1,0.0,0.014829850048307945,1.8930151043945036,1.2849006013298756,2.1957961806929944
2025-05-21T00:39:45.609250,0.1,0.0,0.10778052179751695,1.887175236382431,1.2929885375340775,2.201912019625163
2025-05-21T00:39:45.709236,0.1,0.0,-0.07385985284495965,1.8812445969056621,1.3010577348365049,2.203616662384242
2025-05-21T00:39:45.809277,0.1,0.0,0.06760672916194975,1.8749710309786416,1.3096462861564013,2.202538798746632
2025-05-21T00:39:45.909473,0.1,0.0,-0.03149855625502073,1.8693410857250392,1.3173139097989155,2.2039632356267047
2025-05-21T00:39:46.009432,0.1,0.0,-0.10801686517895369,1.8635270460222462,1.3252480725606697,2.197043626823363
2025-05-21T00:39:46.109226,0.1,0.0,-0.09225236064934304,1.8576931609026863,1.3333587906377031,2.187037349115199
2025-05-21T00:39:46.209243,0.1,0.0,0.11236614231732055,1.851914367068999,1.3415582079423727,2.188046666140031
2025-05-21T00:39:46.309251,0.1,0.0,0.04400018830407192,1.846112002334758,1.3496848526730827,2.1958605471702306
2025-05-21T00:39:46.409279,0.1,0.0,-0.09187269480328107,1.8402538962189972,1.3577844881891037,2.193461316337812
2025-05-21T00:39:46.509159,0.1,0.0,0.020844451667781927,1.8344388700676366,1.3659234937913205,2.1899126418766777
2025-05-21T00:39:46.609247,0.1,0.0,0.06804038969451474,1.8286225528240563,1.374076870663272,2.1943708149747767
2025-05-21T00:39:46.709317,0.1,0.0,0.0898224542672421,1.8227684509752375,1.3821861251765324,2.202266463384362
2025-05-21T00:39:46.809261,0.1,0.0,-0.18935206062528961,1.8168593182149109,1.3902277960218263,2.197287328644446
2025-05-21T00:39:46.909212,0.1,0.0,0.10636280308381373,1.8110346207867614,1.398356434146751,2.193131541090085
2025-05-21T00:39:47.009211,0.1,0.0,0.04748056102527042,1.8051807666525284,1.406470134141696,2.200833390614674
2025-05-21T00:39:47.109233,0.1,0.0,-0.03701859400176199,1.7992836985763698,1.4145373705272763,2.2013731554820914
2025-05-21T00:39:47.209204,0.1,0.0,0.13906477771451817,1.7933938706932522,1.4226213462304134,2.2064741550125024
2025-05-21T00:39:47.309205,0.1,0.0,0.00765888454139274,1.7874302139772624,1.4306453286609677,2.213803501172327
2025-05-21T00:39:47.409265,0.1,0.0,0.04830078779590296,1.7814168063622093,1.438668251398488,2.2166140750806207
2025-05-21T00:39:47.509518,0.1,0.0,0.02633970071703184,1.7753605326148056,1.4466841805678223,2.220355439935436
2025-05-21T00:39:47.609214,0.1,0.0,-0.05838004930596163,1.769354396352665,1.4545813838954766,2.2187449341038565
2025-05-21T00:39:47.709191,0.1,0.0,-0.05838004930596163,1.7633310617026756,1.462562699201934,2.212907449739687
2025-05-21T00:39:47.809309,0.1,0.0,0.01092762968196048,1.7573546473758779,1.4705787327992044,2.210512566982503
2025-05-21T00:39:47.909252,0.1,0.0,-0.14214243769733678,1.7513637262126318,1.4786253277549508,2.203974223076213
2025-05-21T00:39:48.009234,0.1,0.0,0.05570889103191478,1.7454838370829329,1.4866960298360847,2.19967812090088
2025-05-21T00:39:48.109201,0.1,0.0,0.07845494836635214,1.7395939277758388,1.4947695536409975,2.2063844817231892
2025-05-21T00:39:48.209380,0.1,0.0,-0.03134041797549502,1.733634093764318,1.5028152754734148,2.2087387176580098
2025-05-21T00:39:48.309241,0.1,0.0,-0.08061780096450089,1.727697229545562,1.5108365519809455,2.2031631788358714
2025-05-21T00:39:48.409232,0.1,0.0,0.04995654721334341,1.7217975089472597,1.5189222351857523,2.2016204926631424
2025-05-21T00:39:48.509216,0.1,0.0,-0.09916511395495652,1.7158907725010712,1.5269883052461777,2.1991689133994736
2025-05-21T00:39:48.609396,0.1,0.0,-0.08845657583229748,1.7100355857188594,1.535088490693265,2.1897886605765766
2025-05-21T00:39:48.709264,0.1,0.0,0.13135760865069954,1.7042531323072945,1.5432435709938597,2.191861035762514
2025-05-21T00:39:48.809194,0.1,0.0,-0.07966948294338749,1.6984053952910063,1.5513598355376308,2.194506204728217
2025-05-21T00:39:48.909193,0.1,0.0,-0.009040435896010555,1.6925747159143476,1.5594975289292021,2.190064703424083
2025-05-21T00:39:49.009311,0.1,0.0,-0.19146171229656225,1.686761642013816,1.5676566451737755,2.1800018664338854
2025-05-21T00:39:49.109337,0.1,0.0,0.0441885436942857,1.6810919492762266,1.575865734910128,2.172600669514847
2025-05-21T00:39:49.209259,0.1,0.0,0.16956242432974777,1.675414872148796,1.584112291807986,2.183302727797214
2025-05-21T00:39:49.309228,0.1,0.0,0.09566666757137575,1.6696477288756368,1.5922466128437915,2.1965288587098923
2025-05-21T00:39:49.409278,0.1,0.0,0.106579558203016,1.663756420231859,1.6003585203634032,2.2066601740637255
2025-05-21T00:39:49.509238,0.1,0.0,0.1263972424817594,1.6577777781990697,1.6084130407267379,2.218343905975649
2025-05-21T00:39:49.609208,0.1,0.0,0.033658116131634046,1.6517423184907736,1.6163408396782355,2.226322110764496
2025-05-21T00:39:49.709216,0.1,0.0,-0.09329110387494842,1.645634099942437,1.6242704850271772,2.223339783876762
2025-05-21T00:39:49.809268,0.1,0.0,-0.11441471967687965,1.6395867353352136,1.6322218789439777,2.212966696577004
2025-05-21T00:39:49.909589,0.1,0.0,0.06584155515113153,1.6336261696610368,1.6402390326685177,2.2104661787013384
2025-05-21T00:39:50.009212,0.1,0.0,0.0977790713636739,1.6276408349900218,1.6482559035282889,2.2186472117678253
2025-05-21T00:39:50.109207,0.1,0.0,0.06468159922895621,1.6215902353296772,1.6562102251207833,2.226771463343031
2025-05-21T00:39:50.209361,0.1,0.0,-0.014570148606359854,1.6154483298431783,1.6641633159460205,2.2292776561409964
2025-05-21T00:39:50.309205,0.1,0.0,0.03520445387072634,1.609369206282532,1.6720266669798904,2.230288094326122
2025-05-21T00:39:50.409270,0.1,0.0,0.03520445387072634,1.603229969556611,1.679930902754371,2.233811482437787
2025-05-21T00:39:50.509298,0.1,0.0,0.011641357638096926,1.59707292251678,1.6878006985232774,2.236156554199689
2025-05-21T00:39:50.609432,0.1,0.0,0.011641357638096926,1.5908802895458807,1.695687379283303,2.2373238779211153
2025-05-21T00:39:50.709271,0.1,0.0,0.06509545493492473,1.5847082375354407,1.7035290090342066,2.24115097213309
2025-05-21T00:39:50.809290,0.1,0.0,-0.032006792473183714,1.578465273879686,1.711376928470436,2.242810799249294
2025-05-21T00:39:50.909265,0.1,0.0,0.0710344157024123,1.5722639214288454,1.71918487191114,2.244753597698529
2025-05-21T00:39:51.009200,0.1,0.0,0.053684018150461636,1.5659815035920372,1.7270218151551628,2.2510198503057914
2025-05-21T00:39:51.109268,0.1,0.0,0.12052121498023481,1.5596942827337397,1.7347718606860423,2.2597224907449736
2025-05-21T00:39:51.209206,0.1,0.0,-0.07403032187548785,1.5533214676425546,1.7424629655271753,2.2620581689070356
2025-05-21T00:39:51.309227,0.1,0.0,-0.1261895311013572,1.546965906419281,1.750172758935232,2.252059739695854
2025-05-21T00:39:51.409312,0.1,0.0,0.11064338824716023,1.540688932102994,1.757965064749582,2.251249521363075
2025-05-21T00:39:51.509396,0.1,0.0,-0.0270751057388785,1.534376712536127,1.765719641868326,2.2554537016745915
2025-05-21T00:39:51.609507,0.1,0.0,-0.07069601680305791,1.5280545165827577,1.7734744108309777,2.2505615306354914
2025-05-21T00:39:51.709195,0.1,0.0,-0.058031741331561186,1.5217901066103823,1.7812528184814387,2.2441327040393393
2025-05-21T00:39:51.809229,0.1,0.0,-0.00786843724570385,1.5155342784464483,1.7891186575586109,2.240805950836352
2025-05-21T00:39:51.909219,0.1,0.0,-0.17455068967669682,1.5093441670397094,1.7969349418328797,2.2317317892490998
2025-05-21T00:39:52.009194,0.1,0.0,-0.11525388108619693,1.503252959300729,1.80483902280963,2.217264551683554
2025-05-21T00:39:52.109252,0.1,0.0,0.0423058425229883,1.4972508501124924,1.81284041663077,2.213598648170689
2025-05-21T00:39:52.209263,0.1,0.0,0.04386330385060421,1.491245179666854,1.8208419852965971,2.2179089721345537
2025-05-21T00:39:52.309695,0.1,0.0,-0.11985162357634359,1.4852135451815336,1.8288057931867852,2.214188809657977
2025-05-21T00:39:52.409219,0.1,0.0,0.07638226319039876,1.4792374809310789,1.8368256427825946,2.211976907693927
2025-05-21T00:39:52.509185,0.1,0.0,-0.17780033430638717,1.473245716852212,1.8448215318639989,2.2069500439456853
2025-05-21T00:39:52.609265,0.1,0.0,-0.11143881703545742,1.4673376082487435,1.85289567133862,2.192449273947318
2025-05-21T00:39:52.709200,0.1,0.0,-0.05773072082488339,1.461534773856702,1.8610434459043603,2.1839791597711233
2025-05-21T00:39:52.809196,0.1,0.0,-0.07275137991508472,1.4557946484388642,1.8692259460833967,2.1774606621668617
2025-05-21T00:39:52.909377,0.1,0.0,-0.09718026797773337,1.450105986797843,1.877455200942134,2.1689677208926126
2025-05-21T00:39:53.009307,0.1,0.0,0.038569078059698114,1.444470651480941,1.8857682715485264,2.1660335799711046
2025-05-21T00:39:53.109535,0.1,0.0,0.11722327251181607,1.4388774787053025,1.8940108682791608,2.173758394305594
2025-05-21T00:39:53.209226,0.1,0.0,-0.05332544617557943,1.4331773940555994,1.9022381585929025,2.176965636124674
2025-05-21T00:39:53.309208,0.1,0.0,0.13167921323215423,1.4274979509283396,1.9104542024415525,2.180870056072548
2025-05-21T00:39:53.409215,0.1,0.0,0.13539301890485464,1.4217129687998205,1.918671914975209,2.194290167928769
2025-05-21T00:39:53.509227,0.1,0.0,-0.015050968461696177,1.4158758999136027,1.9267306165557327,2.2003621469767083
2025-05-21T00:39:53.609213,0.1,0.0,0.07886903422222757,1.4099933368477855,1.9348124546874441,2.2035368486959257
2025-05-21T00:39:53.709187,0.1,0.0,0.07886903422222757,1.4040600262192418,1.9428700884138115,2.211428878045771
2025-05-21T00:39:53.809225,0.1,0.0,0.026977042150717608,1.3980530525989552,1.950894291333198,2.216732820745646
2025-05-21T00:39:53.909212,0.1,0.0,-0.03891663375921395,1.392045176425092,1.9588531424485602,2.2161839451079217
2025-05-21T00:39:54.009195,0.1,0.0,-0.03891663375921395,1.386036033466483,1.9668501066324005,2.2122910885235196
2025-05-21T00:39:54.109208,0.1,0.0,0.14887721039844146,1.3800653525510627,1.9748606084030071,2.2177508024966457
2025-05-21T00:39:54.209303,0.1,0.0,-0.15258411544125217,1.373959482424279,1.9828807332982443,2.2177266261159083
2025-05-21T00:39:54.309210,0.1,0.0,0.048358643061939814,1.3680060150044628,1.9908246025921983,2.2124653769378835
2025-05-21T00:39:54.409211,0.1,0.0,0.14523415637549106,1.3620098373847294,1.998829889587043,2.2221219554034457
2025-05-21T00:39:54.509217,0.1,0.0,0.028447020125657026,1.3559227808066137,2.0067552191963594,2.230825770423854
2025-05-21T00:39:54.609642,0.1,0.0,-0.09372138486433589,1.3497619284548918,2.014681217693108,2.2275941849862706
2025-05-21T00:39:54.709255,0.1,0.0,-0.09372138486433589,1.3436871694844377,2.0225986341008193,2.2182413391032556
2025-05-21T00:39:54.809191,0.1,0.0,-0.044872549200776206,1.3376614734608945,2.030606241102411,2.2113011507110283
2025-05-21T00:39:54.909214,0.1,0.0,0.030921923051340224,1.3316820770933049,2.038647585198381,2.2106285064372866
2025-05-21T00:39:55.009246,0.1,0.0,-0.0015785448535055033,1.3257133794413416,2.046654066159261,2.212106433718918
2025-05-21T00:39:55.109260,0.1,0.0,0.13439137700441914,1.319755032438124,2.054635552736953,2.2186941750381823
2025-05-21T00:39:55.209190,0.1,0.0,0.004049285148663983,1.313696526457227,2.0625843898776455,2.2256428301057447
2025-05-21T00:39:55.309234,0.1,0.0,0.14851663025400416,1.3076066471253216,2.0705134972661066,2.2331906755280517
2025-05-21T00:39:55.409247,0.1,0.0,0.0057560725682948,1.3014085373515991,2.078399577080307,2.2409452960877063
2025-05-21T00:39:55.509219,0.1,0.0,0.07768942105287446,1.2951891146721901,2.0862451396838986,2.245111363366963
2025-05-21T00:39:55.609314,0.1,0.0,0.09882227975896661,1.2889286585862851,2.094046422568181,2.253944363741958
2025-05-21T00:39:55.709374,0.1,0.0,0.04393619845321716,1.2826139557910754,2.1017662427983654,2.2610560600203975
2025-05-21T00:39:55.809343,0.1,0.0,0.09192190397835696,1.2762451908260561,2.1094615262722107,2.267797751958386
2025-05-21T00:39:55.909231,0.1,0.0,0.0717063069233481,1.2698089510371435,2.1171137762009455,2.275982636048738
2025-05-21T00:39:56.009177,0.1,0.0,0.1062007866930703,1.2633159164292935,2.124714301933667,2.2848501855660004
2025-05-21T00:39:56.109238,0.1,0.0,-0.02557454596095909,1.2567375307140374,2.132264656726427,2.288902622914943
2025-05-21T00:39:56.209287,0.1,0.0,-0.008508746039318503,1.2501387122684946,2.1398269742529137,2.2871897961245855
2025-05-21T00:39:56.309424,0.1,0.0,-0.008508746039318503,1.2436004706110757,2.1473393039715742,2.286342401455098
2025-05-21T00:39:56.409233,0.1,0.0,-0.12360551725280831,1.237006986339341,2.15492811316488,2.2796803423874152
2025-05-21T00:39:56.509398,0.1,0.0,0.06228425738767473,1.230565233752758,2.162486387096109,2.2766622509863303
2025-05-21T00:39:56.609500,0.1,0.0,-0.04486883774637795,1.2240586516090555,2.170095882605287,2.2775630636548447
2025-05-21T00:39:56.709194,0.1,0.0,0.0442675626860578,1.2175772397994182,2.177703297412921,2.277460357891446
2025-05-21T00:39:56.809178,0.1,0.0,0.14785508524674082,1.211076920996656,2.1853001497795943,2.287050726440821
2025-05-21T00:39:56.909183,0.1,0.0,0.03195044137686786,1.2044773401153788,2.1928254411656694,2.2960755505107855
2025-05-21T00:39:57.009671,0.1,0.0,-0.08520362573878448,1.197832415631449,2.2003094729565804,2.2934115784471514
2025-05-21T00:39:57.109406,0.1,0.0,-0.03622273789770091,1.1912448760425576,2.2078129433079856,2.2873406061316732
2025-05-21T00:39:57.209195,0.1,0.0,0.14041128380502418,1.1846813890197234,2.2153625574107,2.2925218629096964
2025-05-21T00:39:57.309384,0.1,0.0,-0.05352953013521899,1.1780491593828009,2.222844991846046,2.296912260844447
2025-05-21T00:39:57.409195,0.1,0.0,-0.15339219781038804,1.1713968164676223,2.2303571065119367,2.286591071002329
2025-05-21T00:39:57.509193,0.1,0.0,0.12071608992334946,1.1648863532547473,2.2379013954549953,2.284906758930978
2025-05-21T00:39:57.609186,0.1,0.0,0.16316172392824901,1.1583173045195125,2.2454347311869336,2.2990855898936085
2025-05-21T00:39:57.709226,0.1,0.0,-0.019000364271645198,1.1516174297755388,2.252885605327786,2.306326586378236
2025-05-21T00:39:57.809631,0.1,0.0,0.05388438993642163,1.1448523307366947,2.2603686634883227,2.3081244185851837
2025-05-21T00:39:57.909361,0.1,0.0,0.05388438993642163,1.1381551525263829,2.2677229476878793,2.3134841650003946
2025-05-21T00:39:58.009200,0.1,0.0,0.10783927812012871,1.1314112471538238,2.275049254936014,2.321543240671039
2025-05-21T00:39:58.109193,0.1,0.0,-0.011463088437326794,1.1245764476463307,2.282335487610721,2.326385665220508
2025-05-21T00:39:58.209246,0.1,0.0,-0.012836849331157028,1.1176937830142406,2.289645429356287,2.325166516016706
2025-05-21T00:39:58.309210,0.1,0.0,-0.012836849331157028,1.1108781462189357,2.2969023497697787,2.3238885187974034
2025-05-21T00:39:58.409184,0.1,0.0,-0.09616639633882039,1.1040441705053954,2.304197475919375,2.3184628602932857
2025-05-21T00:39:58.509193,0.1,0.0,0.04215553355755852,1.0972518901694788,2.3115581543252706,2.315720649688668
2025-05-21T00:39:58.609348,0.1,0.0,-0.07195643414487861,1.0904645250683385,2.3189028940550895,2.31423549543336
2025-05-21T00:39:58.709294,0.1,0.0,-0.07203867975369536,1.0837022461678747,2.3262845026177597,2.3070279472481943
2025-05-21T00:39:58.809189,0.1,0.0,0.0144300837875444,1.0770105031000852,2.333695618617018,2.304145469611872
2025-05-21T00:39:58.909185,0.1,0.0,-0.16216783089448406,1.070320619008217,2.341115465442152,2.29680525062024
2025-05-21T00:39:59.009252,0.1,0.0,0.1296686746292741,1.0637016866524744,2.3486325230976948,2.295015138358485
2025-05-21T00:39:59.109195,0.1,0.0,0.08250196452698089,1.0570522950737238,2.356100776525854,2.3056281585568925
2025-05-21T00:39:59.209207,0.1,0.0,-0.028143728890069882,1.0503360171949476,2.3635023797697423,2.308384746898515
2025-05-21T00:39:59.309229,0.1,0.0,0.027669648610283423,1.0436149026832724,2.370909439233584,2.3083577249563554
2025-05-21T00:39:59.409248,0.1,0.0,0.027669648610283423,1.036874408045673,2.3783174445463002,2.3111290147832495
2025-05-21T00:39:59.509299,0.1,0.0,0.027669648610283423,1.0301197877652237,2.3856997803749245,2.3138976922146544
2025-05-21T00:39:59.609190,0.1,0.0,-0.19501215966746474,1.023370472921414,2.393035472098445,2.3055732331372756
2025-05-21T00:39:59.709213,0.1,0.0,0.1202851675533667,1.0166972516418582,2.400493807320842,2.3017876449040156
2025-05-21T00:39:59.809355,0.1,0.0,-0.03304097703137442,1.0099987244733697,2.407918929264218,2.306224324528648
2025-05-21T00:39:59.909248,0.1,0.0,-0.0255268974154621,1.0032947449810588,2.4153410819187453,2.3032939779785337
2025-05-21T00:40:00.009215,0.1,0.0,-0.1426638786847145,0.9965793345573741,2.4228170515897407,2.2948270835018896
2025-05-21T00:40:00.109202,0.1,0.0,-0.05519642173644201,0.9900140668756722,2.4302952565156324,2.2849930290472145
2025-05-21T00:40:00.209603,0.1,0.0,-0.10090558201062526,0.9834589948643868,2.4378783477386032,2.277175093313989
2025-05-21T00:40:00.309222,0.1,0.0,-0.05757113033347249,0.9770031369302675,2.445483205843928,2.26926793124081
2025-05-21T00:40:00.409227,0.1,0.0,-0.16237456189366894,0.9705873202429185,2.4531463592222242,2.2582863287670643
2025-05-21T00:40:00.509225,0.1,0.0,0.07440694566670845,0.9642703977321115,2.4609033836908476,2.253865686655846
2025-05-21T00:40:00.609243,0.1,0.0,-0.1316779050495209,0.9579454881940148,2.4686464709053677,2.2511473844871865
2025-05-21T00:40:00.709262,0.1,0.0,-0.0924146164763817,0.9516784248246072,2.476443196203957,2.2399329290246293
2025-05-21T00:40:00.809226,0.1,0.0,0.05508119050033788,0.9454954947894568,2.484298500865089,2.2380546622607937
2025-05-21T00:40:00.909236,0.1,0.0,0.060813649091203674,0.9392935802035997,2.49214866407205,2.2438514225839956
2025-05-21T00:40:01.009562,0.1,0.0,-0.022413530897142927,0.9330448472066951,2.4999622191025352,2.2457808173928573
2025-05-21T00:40:01.109217,0.1,0.0,-0.159217962947652,0.9268070573845434,2.5077645117460947,2.2367699175200766
2025-05-21T00:40:01.209189,0.1,0.0,-0.0012421417669672419,0.9206591600870657,2.5156534854634955,2.228716917773732
2025-05-21T00:40:01.309207,0.1,0.0,-0.10907628205667373,0.9145487943773839,2.5235610019709687,2.223227797696495
2025-05-21T00:40:01.409193,0.1,0.0,-0.09544346392198032,0.9084687135106857,2.5315640898104643,2.2129435967469337
2025-05-21T00:40:01.509195,0.1,0.0,-0.04139479160489401,0.9025239237054616,2.5395523749782813,2.2061184520298713
2025-05-21T00:40:01.609226,0.1,0.0,0.1334301482036737,0.8965929728959822,2.5476140130695155,2.2106898448320447
2025-05-21T00:40:01.709230,0.1,0.0,-0.06607369304911569,0.8905986343002656,2.5556110245226575,2.2140720997996173
2025-05-21T00:40:01.809491,0.1,0.0,0.13063959703802583,0.8846115689770547,2.563625085227176,2.2172989046491667
2025-05-21T00:40:01.909487,0.1,0.0,0.13296478542091147,0.8785612236915384,2.571587746867318,2.230479616017308
2025-05-21T00:40:02.009190,0.1,0.0,0.014234451732830776,0.8724063207501568,2.5794691996590116,2.243776176982715
2025-05-21T00:40:02.109199,0.1,0.0,0.04368641428360797,0.8661760229226889,2.5872795513361004,2.2466673012020983
2025-05-21T00:40:02.209222,0.1,0.0,0.04368641428360797,0.8599031459665529,2.5950850027653054,2.25104192746457
2025-05-21T00:40:02.309196,0.1,0.0,-0.24354762702486374,0.8536155652475308,2.602839088603799,2.2411073192001023
2025-05-21T00:40:02.409192,0.1,0.0,0.03457082084507678,0.8474453539970399,2.6107204804788324,2.2306048431791137
2025-05-21T00:40:02.509213,0.1,0.0,-0.081469522279084,0.8413096856626145,2.618615230892176,2.2282722664542236
2025-05-21T00:40:02.609430,0.1,0.0,0.018925727034535544,0.835168149796199,2.6266037216768883,2.2251486355855983
2025-05-21T00:40:02.709227,0.1,0.0,-0.05122054910297379,0.8291064252359518,2.634498204974048,2.2235318253130867
2025-05-21T00:40:02.809211,0.1,0.0,-0.05122054910297379,0.8230611654851788,2.6424263223662927,2.218425150108108
2025-05-21T00:40:02.909277,0.1,0.0,0.15776467041069497,0.8170412468280785,2.650405439436319,2.223718682849009
2025-05-21T00:40:03.009193,0.1,0.0,0.03327568308707617,0.810927190679769,2.6583344042049974,2.2333010288335364
2025-05-21T00:40:03.109198,0.1,0.0,0.10840542651114114,0.8047752607710067,2.666206718679042,2.240365742637108
2025-05-21T00:40:03.209221,0.1,0.0,0.14658420341943643,0.7985473712015675,2.674030984208969,2.2531014193831833
2025-05-21T00:40:03.309214,0.1,0.0,0.13874648919565022,0.7922122894702428,2.6817700620383302,2.267372097127909
2025-05-21T00:40:03.409305,0.1,0.0,-0.027154307446466405,0.7857670725812802,2.6894213804953653,2.2729683081766296
2025-05-21T00:40:03.509490,0.1,0.0,0.23558017694986774,0.7793161501665173,2.697057013224884,2.283337028580532
2025-05-21T00:40:03.609222,0.0,0.0,0.0,0.7760405029025766,2.7008484643246824,2.29514073953875
2025-05-21T00:40:03.709221,0.0,0.0,0.0,0.7760405029025766,2.7008484643246824,2.29514073953875
2025-05-21T00:40:03.809201,0.0,0.0,0.0,0.7760405029025766,2.7008484643246824,2.29514073953875
2025-05-21T00:40:03.909252,0.0,0.0,0.0,0.7760405029025766,2.7008484643246824,2.29514073953875
2025-05-21T00:40:04.009228,0.0,0.0,0.0,0.7760405029025766,2.7008484643246824,2.29514073953875
2025-05-21T00:40:04.109292,0.0,0.0,0.0,0.7760405029025766,2.7008484643246824,2.29514073953875
2025-05-21T00:40:04.209216,0.0,0.0,0.0,0.7760405029025766,2.7008484643246824,2.29514073953875
2025-05-21T00:40:04.309291,0.0,0.0,0.0,0.7760405029025766,2.7008484643246824,2.29514073953875
2025-05-21T00:40:04.409237,0.0,0.0,0.0,0.7760405029025766,2.7008484643246824,2.29514073953875
2025-05-21T00:40:04.509219,0.0,0.0,0.0,0.7760405029025766,2.7008484643246824,2.29514073953875
2025-05-21T00:40:04.609278,0.0,0.0,0.0,0.7760405029025766,2.7008484643246824,2.29514073953875
2025-05-21T00:40:04.709220,0.0,0.0,0.0,0.7760405029025766,2.7008484643246824,2.29514073953875
2025-05-21T00:40:04.809180,0.0,0.0,0.0,0.7760405029025766,2.7008484643246824,2.29514073953875
2025-05-21T00:40:04.909261,0.0,0.0,0.0,0.7760405029025766,2.7008484643246824,2.29514073953875
2025-05-21T00:40:05.009204,0.0,0.0,0.0,0.7760405029025766,2.7008484643246824,2.29514073953875
2025-05-21T00:40:05.109246,0.0,0.0,0.0,0.7760405029025766,2.7008484643246824,2.29514073953875
2025-05-21T00:40:05.209237,0.0,0.0,0.0,0.7760405029025766,2.7008484643246824,2.29514073953875
2025-05-21T00:40:05.309211,0.0,0.0,0.0,0.7760405029025766,2.7008484643246824,2.29514073953875
2025-05-21T00:40:05.409222,0.0,0.0,0.0,0.7760405029025766,2.7008484643246824,2.29514073953875
2025-05-21T00:40:05.509220,0.0,0.0,0.0,0.7760405029025766,2.7008484643246824,2.29514073953875
2025-05-21T00:40:05.609242,0.0,0.0,0.0,0.7760405029025766,2.7008484643246824,2.29514073953875
2025-05-21T00:40:05.709227,0.0,0.0,0.0,0.7760405029025766,2.7008484643246824,2.29514073953875
2025-05-21T00:40:05.809334,0.0,0.0,0.0,0.7760405029025766,2.7008484643246824,2.29514073953875
2025-05-21T00:40:05.911042,0.0,0.0,0.0,0.7760405029025766,2.7008484643246824,2.29514073953875
2025-05-21T00:40:06.009307,0.0,0.0,0.0,0.7760405029025766,2.7008484643246824,2.29514073953875
2025-05-21T00:40:06.109275,0.0,0.0,0.0,0.7760405029025766,2.7008484643246824,2.29514073953875
2025-05-21T00:40:06.209506,0.0,0.0,0.0,0.7760405029025766,2.7008484643246824,2.29514073953875
2025-05-21T00:40:06.309318,0.0,0.0,0.0,0.7760405029025766,2.7008484643246824,2.29514073953875
2025-05-21T00:40:06.409747,0.0,0.0,0.0,0.7760405029025766,2.7008484643246824,2.29514073953875
2025-05-21T00:40:06.509337,0.0,0.0,0.0,0.7760405029025766,2.7008484643246824,2.29514073953875
2025-05-21T00:40:06.609337,0.0,0.0,0.0,0.7760405029025766,2.7008484643246824,2.29514073953875
2025-05-21T00:40:06.709262,0.0,0.0,0.0,0.7760405029025766,2.7008484643246824,2.29514073953875
2025-05-21T00:40:06.809304,0.0,0.0,0.0,0.7760405029025766,2.7008484643246824,2.29514073953875
2025-05-21T00:40:06.909970,0.0,0.0,0.0,0.7760405029025766,2.7008484643246824,2.29514073953875
2025-05-21T00:40:07.015595,0.0,0.0,0.0,0.7760405029025766,2.7008484643246824,2.29514073953875
2025-05-21T00:40:07.109865,0.0,0.0,0.0,0.7760405029025766,2.7008484643246824,2.29514073953875
2025-05-21T00:40:07.213418,0.0,0.0,0.0,0.7760405029025766,2.7008484643246824,2.29514073953875
2025-05-21T00:40:07.313070,0.0,0.0,0.0,0.7760405029025766,2.7008484643246824,2.29514073953875
2025-05-21T00:40:07.409721,0.0,0.0,0.0,0.7760405029025766,2.7008484643246824,2.29514073953875
2025-05-21T00:40:07.509267,0.0,0.0,0.0,0.7760405029025766,2.7008484643246824,2.29514073953875
2025-05-21T00:40:07.609239,0.0,0.0,0.0,0.7760405029025766,2.7008484643246824,2.29514073953875
2025-05-21T00:40:07.709219,0.0,0.0,0.0,0.7760405029025766,2.7008484643246824,2.29514073953875
2025-05-21T00:40:07.809211,0.0,0.0,0.0,0.7760405029025766,2.7008484643246824,2.29514073953875
2025-05-21T00:40:07.909225,0.0,0.0,0.0,0.7760405029025766,2.7008484643246824,2.29514073953875
2025-05-21T00:40:08.009292,0.0,0.0,0.0,0.7760405029025766,2.7008484643246824,2.29514073953875
2025-05-21T00:40:08.109299,0.0,0.0,0.0,0.7760405029025766,2.7008484643246824,2.29514073953875
2025-05-21T00:40:08.209561,0.0,0.0,0.0,0.7760405029025766,2.7008484643246824,2.29514073953875
2025-05-21T00:40:08.309198,0.0,0.0,0.0,0.7760405029025766,2.7008484643246824,2.29514073953875
2025-05-21T00:40:08.409219,0.0,0.0,0.0,0.7760405029025766,2.7008484643246824,2.29514073953875
2025-05-21T00:40:08.509191,0.0,0.0,0.0,0.7760405029025766,2.7008484643246824,2.29514073953875
2025-05-21T00:40:08.609245,0.0,0.0,0.0,0.7760405029025766,2.7008484643246824,2.29514073953875
2025-05-21T00:40:08.709307,0.0,0.0,0.0,0.7760405029025766,2.7008484643246824,2.29514073953875
2025-05-21T00:40:08.809258,0.0,0.0,0.0,0.7760405029025766,2.7008484643246824,2.29514073953875
2025-05-21T00:40:08.909229,0.0,0.0,0.0,0.7760405029025766,2.7008484643246824,2.29514073953875
2025-05-21T00:40:09.009230,0.0,0.0,0.0,0.7760405029025766,2.7008484643246824,2.29514073953875
2025-05-21T00:40:09.109245,0.0,0.0,0.0,0.7760405029025766,2.7008484643246824,2.29514073953875
2025-05-21T00:40:09.209255,0.0,0.0,0.0,0.7760405029025766,2.7008484643246824,2.29514073953875
2025-05-21T00:40:09.309382,0.0,0.0,0.0,0.7760405029025766,2.7008484643246824,2.29514073953875
2025-05-21T00:40:09.409249,0.0,0.0,0.0,0.7760405029025766,2.7008484643246824,2.29514073953875
2025-05-21T00:40:09.509297,0.0,0.0,0.0,0.7760405029025766,2.7008484643246824,2.29514073953875
2025-05-21T00:40:09.609213,0.0,0.0,0.0,0.7760405029025766,2.7008484643246824,2.29514073953875
2025-05-21T00:40:09.709185,0.0,0.0,0.0,0.7760405029025766,2.7008484643246824,2.29514073953875
2025-05-21T00:40:09.809202,0.0,0.0,0.0,0.7760405029025766,2.7008484643246824,2.29514073953875
2025-05-21T00:40:09.909216,0.0,0.0,0.0,0.7760405029025766,2.7008484643246824,2.29514073953875
2025-05-21T00:40:10.009224,0.0,0.0,0.0,0.7760405029025766,2.7008484643246824,2.29514073953875
2025-05-21T00:40:10.109289,0.0,0.0,0.0,0.7760405029025766,2.7008484643246824,2.29514073953875
2025-05-21T00:40:10.209218,0.0,0.0,0.0,0.7760405029025766,2.7008484643246824,2.29514073953875
2025-05-21T00:40:10.309203,0.0,0.0,0.0,0.7760405029025766,2.7008484643246824,2.29514073953875
2025-05-21T00:40:10.409264,0.0,0.0,0.0,0.7760405029025766,2.7008484643246824,2.29514073953875
2025-05-21T00:40:10.509199,0.0,0.0,0.0,0.7760405029025766,2.7008484643246824,2.29514073953875
2025-05-21T00:40:10.609212,0.0,0.0,0.0,0.7760405029025766,2.7008484643246824,2.29514073953875
2025-05-21T00:40:10.709235,0.0,0.0,0.0,0.7760405029025766,2.7008484643246824,2.29514073953875
2025-05-21T00:40:10.809184,0.0,0.0,0.0,0.7760405029025766,2.7008484643246824,2.29514073953875
2025-05-21T00:40:10.909221,0.0,0.0,0.0,0.7760405029025766,2.7008484643246824,2.29514073953875
2025-05-21T00:40:11.009226,0.0,0.0,0.0,0.7760405029025766,2.7008484643246824,2.29514073953875
2025-05-21T00:40:11.109202,0.0,0.0,0.0,0.7760405029025766,2.7008484643246824,2.29514073953875
2025-05-21T00:40:11.209274,0.0,0.0,0.0,0.7760405029025766,2.7008484643246824,2.29514073953875
2025-05-21T00:40:11.309216,0.0,0.0,0.0,0.7760405029025766,2.7008484643246824,2.29514073953875
2025-05-21T00:40:11.409361,0.0,0.0,0.0,0.7760405029025766,2.7008484643246824,2.29514073953875
2025-05-21T00:40:11.509248,0.0,0.0,0.0,0.7760405029025766,2.7008484643246824,2.29514073953875
2025-05-21T00:40:11.609212,0.0,0.0,0.0,0.7760405029025766,2.7008484643246824,2.29514073953875
2025-05-21T00:40:11.709221,0.0,0.0,0.0,0.7760405029025766,2.7008484643246824,2.29514073953875
2025-05-21T00:40:11.809230,0.0,0.0,0.0,0.7760405029025766,2.7008484643246824,2.29514073953875
2025-05-21T00:40:11.909192,0.0,0.0,0.0,0.7760405029025766,2.7008484643246824,2.29514073953875
2025-05-21T00:40:12.009199,0.0,0.0,0.0,0.7760405029025766,2.7008484643246824,2.29514073953875
2025-05-21T00:40:12.109307,0.0,0.0,0.0,0.7760405029025766,2.7008484643246824,2.29514073953875
2025-05-21T00:40:12.209222,0.0,0.0,0.0,0.7760405029025766,2.7008484643246824,2.29514073953875
2025-05-21T00:40:12.309205,0.0,0.0,0.0,0.7760405029025766,2.7008484643246824,2.29514073953875
2025-05-21T00:40:12.409352,0.0,0.0,0.0,0.7760405029025766,2.7008484643246824,2.29514073953875
2025-05-21T00:40:12.509219,0.0,0.0,0.0,0.7760405029025766,2.7008484643246824,2.29514073953875
2025-05-21T00:40:12.609224,0.0,0.0,0.0,0.7760405029025766,2.7008484643246824,2.29514073953875
2025-05-21T00:40:12.709220,0.0,0.0,0.0,0.7760405029025766,2.7008484643246824,2.29514073953875
2025-05-21T00:40:12.809215,0.0,0.0,0.0,0.7760405029025766,2.7008484643246824,2.29514073953875
2025-05-21T00:40:12.909193,0.0,0.0,0.0,0.7760405029025766,2.7008484643246824,2.29514073953875
2025-05-21T00:40:13.009243,0.0,0.0,0.0,0.7760405029025766,2.7008484643246824,2.29514073953875
2025-05-21T00:40:13.109242,0.0,0.0,0.0,0.7760405029025766,2.7008484643246824,2.29514073953875
2025-05-21T00:40:13.209197,0.0,0.0,0.0,0.7760405029025766,2.7008484643246824,2.29514073953875
2025-05-21T00:40:13.309245,0.0,0.0,0.0,0.7760405029025766,2.7008484643246824,2.29514073953875
2025-05-21T00:40:13.409267,0.0,0.0,0.0,0.7760405029025766,2.7008484643246824,2.29514073953875
2025-05-21T00:40:13.509203,0.0,0.0,0.0,0.7760405029025766,2.7008484643246824,2.29514073953875
2025-05-21T00:40:13.609243,0.0,0.0,0.0,0.7760405029025766,2.7008484643246824,2.29514073953875
2025-05-21T00:40:13.709248,0.0,0.0,0.0,0.7760405029025766,2.7008484643246824,2.29514073953875
2025-05-21T00:40:13.809254,0.0,0.0,0.0,0.7760405029025766,2.7008484643246824,2.29514073953875
2025-05-21T00:40:13.909442,0.0,0.0,0.0,0.7760405029025766,2.7008484643246824,2.29514073953875
2025-05-21T00:40:14.009185,0.0,0.0,0.0,0.7760405029025766,2.7008484643246824,2.29514073953875
2025-05-21T00:40:14.109204,0.0,0.0,0.0,0.7760405029025766,2.7008484643246824,2.29514073953875
2025-05-21T00:40:14.209241,0.0,0.0,0.0,0.7760405029025766,2.7008484643246824,2.29514073953875
2025-05-21T00:40:14.309194,0.0,0.0,0.0,0.7760405029025766,2.7008484643246824,2.29514073953875
2025-05-21T00:40:14.409238,0.0,0.0,0.0,0.7760405029025766,2.7008484643246824,2.29514073953875
2025-05-21T00:40:14.509202,0.0,0.0,0.0,0.7760405029025766,2.7008484643246824,2.29514073953875
2025-05-21T00:40:14.609237,0.0,0.0,0.0,0.7760405029025766,2.7008484643246824,2.29514073953875
2025-05-21T00:40:14.709200,0.0,0.0,0.0,0.7760405029025766,2.7008484643246824,2.29514073953875
2025-05-21T00:40:14.809223,0.0,0.0,0.0,0.7760405029025766,2.7008484643246824,2.29514073953875
2025-05-21T00:40:14.909221,0.0,0.0,0.0,0.7760405029025766,2.7008484643246824,2.29514073953875
2025-05-21T00:40:15.009219,0.0,0.0,0.0,0.7760405029025766,2.7008484643246824,2.29514073953875
2025-05-21T00:40:15.109221,0.0,0.0,0.0,0.7760405029025766,2.7008484643246824,2.29514073953875
2025-05-21T00:40:15.209225,0.0,0.0,0.0,0.7760405029025766,2.7008484643246824,2.29514073953875
2025-05-21T00:40:15.309182,0.0,0.0,0.0,0.7760405029025766,2.7008484643246824,2.29514073953875
2025-05-21T00:40:15.409305,0.0,0.0,0.0,0.7760405029025766,2.7008484643246824,2.29514073953875
2025-05-21T00:40:15.509334,0.0,0.0,0.0,0.7760405029025766,2.7008484643246824,2.29514073953875
2025-05-21T00:40:15.609245,0.0,0.0,0.0,0.7760405029025766,2.7008484643246824,2.29514073953875
2025-05-21T00:40:15.709205,0.0,0.0,0.0,0.7760405029025766,2.7008484643246824,2.29514073953875
2025-05-21T00:40:15.809200,0.0,0.0,0.0,0.7760405029025766,2.7008484643246824,2.29514073953875
2025-05-21T00:40:15.909258,0.0,0.0,0.0,0.7760405029025766,2.7008484643246824,2.29514073953875
2025-05-21T00:40:16.009237,0.0,0.0,0.0,0.7760405029025766,2.7008484643246824,2.29514073953875
2025-05-21T00:40:16.109223,0.0,0.0,0.0,0.7760405029025766,2.7008484643246824,2.29514073953875
2025-05-21T00:40:16.209251,0.0,0.0,0.0,0.7760405029025766,2.7008484643246824,2.29514073953875
2025-05-21T00:40:16.309416,0.0,0.0,0.0,0.7760405029025766,2.7008484643246824,2.29514073953875
2025-05-21T00:40:16.409242,0.0,0.0,0.0,0.7760405029025766,2.7008484643246824,2.29514073953875
2025-05-21T00:40:16.509201,0.0,0.0,0.0,0.7760405029025766,2.7008484643246824,2.29514073953875
2025-05-21T00:40:16.609250,0.0,0.0,0.0,0.7760405029025766,2.7008484643246824,2.29514073953875
2025-05-21T00:40:16.709287,0.0,0.0,0.0,0.7760405029025766,2.7008484643246824,2.29514073953875
2025-05-21T00:40:16.809205,0.0,0.0,0.0,0.7760405029025766,2.7008484643246824,2.29514073953875
2025-05-21T00:40:16.909360,0.0,0.0,0.0,0.7760405029025766,2.7008484643246824,2.29514073953875
2025-05-21T00:40:17.009392,0.0,0.0,0.0,0.7760405029025766,2.7008484643246824,2.29514073953875
2025-05-21T00:40:17.109210,0.0,0.0,0.0,0.7760405029025766,2.7008484643246824,2.29514073953875
2025-05-21T00:40:17.209258,0.0,0.0,0.0,0.7760405029025766,2.7008484643246824,2.29514073953875
2025-05-21T00:40:17.309396,0.0,0.0,0.0,0.7760405029025766,2.7008484643246824,2.29514073953875
2025-05-21T00:40:17.409322,0.0,0.0,0.0,0.7760405029025766,2.7008484643246824,2.29514073953875
2025-05-21T00:40:17.509190,0.0,0.0,0.0,0.7760405029025766,2.7008484643246824,2.29514073953875
2025-05-21T00:40:17.609271,0.0,0.0,0.0,0.7760405029025766,2.7008484643246824,2.29514073953875
2025-05-21T00:40:17.709204,0.0,0.0,0.0,0.7760405029025766,2.7008484643246824,2.29514073953875
2025-05-21T00:40:17.809234,0.0,0.0,0.0,0.7760405029025766,2.7008484643246824,2.29514073953875
2025-05-21T00:40:17.909195,0.0,0.0,0.0,0.7760405029025766,2.7008484643246824,2.29514073953875
2025-05-21T00:40:18.009325,0.0,0.0,0.0,0.7760405029025766,2.7008484643246824,2.29514073953875
2025-05-21T00:40:18.109183,0.0,0.0,0.0,0.7760405029025766,2.7008484643246824,2.29514073953875
2025-05-21T00:40:18.209216,0.0,0.0,0.0,0.7760405029025766,2.7008484643246824,2.29514073953875
2025-05-21T00:40:18.309259,0.0,0.0,0.0,0.7760405029025766,2.7008484643246824,2.29514073953875
2025-05-21T00:40:18.409240,0.0,0.0,0.0,0.7760405029025766,2.7008484643246824,2.29514073953875
2025-05-21T00:40:18.509190,0.0,0.0,0.0,0.7760405029025766,2.7008484643246824,2.29514073953875
2025-05-21T00:40:18.609186,0.0,0.0,0.0,0.7760405029025766,2.7008484643246824,2.29514073953875
2025-05-21T00:40:18.709207,0.0,0.0,0.0,0.7760405029025766,2.7008484643246824,2.29514073953875
2025-05-21T00:40:18.809213,0.0,0.0,0.0,0.7760405029025766,2.7008484643246824,2.29514073953875
2025-05-21T00:40:18.909247,0.0,0.0,0.0,0.7760405029025766,2.7008484643246824,2.29514073953875
2025-05-21T00:40:19.009232,0.0,0.0,0.0,0.7760405029025766,2.7008484643246824,2.29514073953875
2025-05-21T00:40:19.109224,0.0,0.0,0.0,0.7760405029025766,2.7008484643246824,2.29514073953875
2025-05-21T00:40:19.209220,0.0,0.0,0.0,0.7760405029025766,2.7008484643246824,2.29514073953875
2025-05-21T00:40:19.309200,0.0,0.0,0.0,0.7760405029025766,2.7008484643246824,2.29514073953875
2025-05-21T00:40:19.409231,0.0,0.0,0.0,0.7760405029025766,2.7008484643246824,2.29514073953875
2025-05-21T00:40:19.509417,0.0,0.0,0.0,0.7760405029025766,2.7008484643246824,2.29514073953875
2025-05-21T00:40:19.609297,0.0,0.0,0.0,0.7760405029025766,2.7008484643246824,2.29514073953875
2025-05-21T00:40:19.709198,0.0,0.0,0.0,0.7760405029025766,2.7008484643246824,2.29514073953875
2025-05-21T00:40:19.809218,0.0,0.0,0.0,0.7760405029025766,2.7008484643246824,2.29514073953875
2025-05-21T00:40:19.909201,0.0,0.0,0.0,0.7760405029025766,2.7008484643246824,2.29514073953875
2025-05-21T00:40:20.009224,0.0,0.0,0.0,0.7760405029025766,2.7008484643246824,2.29514073953875
2025-05-21T00:40:20.109190,0.0,0.0,0.0,0.7760405029025766,2.7008484643246824,2.29514073953875
2025-05-21T00:40:20.209182,0.0,0.0,0.0,0.7760405029025766,2.7008484643246824,2.29514073953875
2025-05-21T00:40:20.309416,0.0,0.0,0.0,0.7760405029025766,2.7008484643246824,2.29514073953875
2025-05-21T00:40:20.409185,0.0,0.0,0.0,0.7760405029025766,2.7008484643246824,2.29514073953875
2025-05-21T00:40:20.509211,0.0,0.0,0.0,0.7760405029025766,2.7008484643246824,2.29514073953875
2025-05-21T00:40:20.609266,0.0,0.0,0.0,0.7760405029025766,2.7008484643246824,2.29514073953875
2025-05-21T00:40:20.709257,0.0,0.0,0.0,0.7760405029025766,2.7008484643246824,2.29514073953875
2025-05-21T00:40:20.809246,0.0,0.0,0.0,0.7760405029025766,2.7008484643246824,2.29514073953875
2025-05-21T00:40:20.909201,0.0,0.0,0.0,0.7760405029025766,2.7008484643246824,2.29514073953875
2025-05-21T00:40:21.009193,0.0,0.0,0.0,0.7760405029025766,2.7008484643246824,2.29514073953875
2025-05-21T00:40:21.109226,0.0,0.0,0.0,0.7760405029025766,2.7008484643246824,2.29514073953875
2025-05-21T00:40:21.209220,0.0,0.0,0.0,0.7760405029025766,2.7008484643246824,2.29514073953875
2025-05-21T00:40:21.309184,0.0,0.0,0.0,0.7760405029025766,2.7008484643246824,2.29514073953875
2025-05-21T00:40:21.409194,0.0,0.0,0.0,0.7760405029025766,2.7008484643246824,2.29514073953875
2025-05-21T00:40:21.509223,0.0,0.0,0.0,0.7760405029025766,2.7008484643246824,2.29514073953875
2025-05-21T00:40:21.609191,0.0,0.0,0.0,0.7760405029025766,2.7008484643246824,2.29514073953875
2025-05-21T00:40:21.709184,0.0,0.0,0.0,0.7760405029025766,2.7008484643246824,2.29514073953875
2025-05-21T00:40:21.809201,0.0,0.0,0.0,0.7760405029025766,2.7008484643246824,2.29514073953875
2025-05-21T00:40:21.909199,0.0,0.0,0.0,0.7760405029025766,2.7008484643246824,2.29514073953875
2025-05-21T00:40:22.009269,0.0,0.0,0.0,0.7760405029025766,2.7008484643246824,2.29514073953875
2025-05-21T00:40:22.109202,0.0,0.0,0.0,0.7760405029025766,2.7008484643246824,2.29514073953875
2025-05-21T00:40:22.209244,0.0,0.0,0.0,0.7760405029025766,2.7008484643246824,2.29514073953875
2025-05-21T00:40:22.309231,0.0,0.0,0.0,0.7760405029025766,2.7008484643246824,2.29514073953875
2025-05-21T00:40:22.409193,0.0,0.0,0.0,0.7760405029025766,2.7008484643246824,2.29514073953875
2025-05-21T00:40:22.509219,0.0,0.0,0.0,0.7760405029025766,2.7008484643246824,2.29514073953875
2025-05-21T00:40:22.609216,0.0,0.0,0.0,0.7760405029025766,2.7008484643246824,2.29514073953875
2025-05-21T00:40:22.709278,0.0,0.0,0.0,0.7760405029025766,2.7008484643246824,2.29514073953875
2025-05-21T00:40:22.809192,0.0,0.0,0.0,0.7760405029025766,2.7008484643246824,2.29514073953875
2025-05-21T00:40:22.909244,0.0,0.0,0.0,0.7760405029025766,2.7008484643246824,2.29514073953875
2025-05-21T00:40:23.009219,0.0,0.0,0.0,0.7760405029025766,2.7008484643246824,2.29514073953875
2025-05-21T00:40:23.109205,0.0,0.0,0.0,0.7760405029025766,2.7008484643246824,2.29514073953875
2025-05-21T00:40:23.209324,0.0,0.0,0.0,0.7760405029025766,2.7008484643246824,2.29514073953875
2025-05-21T00:40:23.309225,0.0,0.0,0.0,0.7760405029025766,2.7008484643246824,2.29514073953875
2025-05-21T00:40:23.409229,0.0,0.0,0.0,0.7760405029025766,2.7008484643246824,2.29514073953875
2025-05-21T00:40:23.509250,0.0,0.0,0.0,0.7760405029025766,2.7008484643246824,2.29514073953875
2025-05-21T00:40:23.609256,0.0,0.0,0.0,0.7760405029025766,2.7008484643246824,2.29514073953875
2025-05-21T00:40:23.709213,0.0,0.0,0.0,0.7760405029025766,2.7008484643246824,2.29514073953875
2025-05-21T00:40:23.809250,0.0,0.0,0.0,0.7760405029025766,2.7008484643246824,2.29514073953875
2025-05-21T00:40:23.909254,0.0,0.0,0.0,0.7760405029025766,2.7008484643246824,2.29514073953875
2025-05-21T00:40:24.009247,0.0,0.0,0.0,0.7760405029025766,2.7008484643246824,2.29514073953875
2025-05-21T00:40:24.109253,0.0,0.0,0.0,0.7760405029025766,2.7008484643246824,2.29514073953875
2025-05-21T00:40:24.209316,0.0,0.0,0.0,0.7760405029025766,2.7008484643246824,2.29514073953875
2025-05-21T00:40:24.309298,0.0,0.0,0.0,0.7760405029025766,2.7008484643246824,2.29514073953875
2025-05-21T00:40:24.409297,0.0,0.0,0.0,0.7760405029025766,2.7008484643246824,2.29514073953875
2025-05-21T00:40:24.509259,0.0,0.0,0.0,0.7760405029025766,2.7008484643246824,2.29514073953875
2025-05-21T00:40:24.609324,0.0,0.0,0.0,0.7760405029025766,2.7008484643246824,2.29514073953875
2025-05-21T00:40:24.709314,0.0,0.0,0.0,0.7760405029025766,2.7008484643246824,2.29514073953875
2025-05-21T00:40:24.809337,0.0,0.0,0.0,0.7760405029025766,2.7008484643246824,2.29514073953875
2025-05-21T00:40:24.909226,0.0,0.0,0.0,0.7760405029025766,2.7008484643246824,2.29514073953875
2025-05-21T00:40:25.009216,0.0,0.0,0.0,0.7760405029025766,2.7008484643246824,2.29514073953875
2025-05-21T00:40:25.109232,0.0,0.0,0.0,0.7760405029025766,2.7008484643246824,2.29514073953875
2025-05-21T00:40:25.209259,0.0,0.0,0.0,0.7760405029025766,2.7008484643246824,2.29514073953875
2025-05-21T00:40:25.309213,0.0,0.0,0.0,0.7760405029025766,2.7008484643246824,2.29514073953875
2025-05-21T00:40:25.409241,0.0,0.0,0.0,0.7760405029025766,2.7008484643246824,2.29514073953875
2025-05-21T00:40:25.509222,0.0,0.0,0.0,0.7760405029025766,2.7008484643246824,2.29514073953875
2025-05-21T00:40:25.609197,0.0,0.0,0.0,0.7760405029025766,2.7008484643246824,2.29514073953875
2025-05-21T00:40:25.709197,0.0,0.0,0.0,0.7760405029025766,2.7008484643246824,2.29514073953875
2025-05-21T00:40:25.809270,0.0,0.0,0.0,0.7760405029025766,2.7008484643246824,2.29514073953875
2025-05-21T00:40:25.909297,0.0,0.0,0.0,0.7760405029025766,2.7008484643246824,2.29514073953875
2025-05-21T00:40:26.009231,0.0,0.0,0.0,0.7760405029025766,2.7008484643246824,2.29514073953875
2025-05-21T00:40:26.109188,0.0,0.0,0.0,0.7760405029025766,2.7008484643246824,2.29514073953875
2025-05-21T00:40:26.209217,0.0,0.0,0.0,0.7760405029025766,2.7008484643246824,2.29514073953875
2025-05-21T00:40:26.309195,0.0,0.0,0.0,0.7760405029025766,2.7008484643246824,2.29514073953875
2025-05-21T00:40:26.409206,0.0,0.0,0.0,0.7760405029025766,2.7008484643246824,2.29514073953875
2025-05-21T00:40:26.509215,0.0,0.0,0.0,0.7760405029025766,2.7008484643246824,2.29514073953875
2025-05-21T00:40:26.609259,0.0,0.0,0.0,0.7760405029025766,2.7008484643246824,2.29514073953875
2025-05-21T00:40:26.709195,0.0,0.0,0.0,0.7760405029025766,2.7008484643246824,2.29514073953875
2025-05-21T00:40:26.809231,0.0,0.0,0.0,0.7760405029025766,2.7008484643246824,2.29514073953875
2025-05-21T00:40:26.909199,0.0,0.0,0.0,0.7760405029025766,2.7008484643246824,2.29514073953875
2025-05-21T00:40:27.009221,0.0,0.0,0.0,0.7760405029025766,2.7008484643246824,2.29514073953875
2025-05-21T00:40:27.109207,0.0,0.0,0.0,0.7760405029025766,2.7008484643246824,2.29514073953875
2025-05-21T00:40:27.209208,0.0,0.0,0.0,0.7760405029025766,2.7008484643246824,2.29514073953875
2025-05-21T00:40:27.309222,0.0,0.0,0.0,0.7760405029025766,2.7008484643246824,2.29514073953875
2025-05-21T00:40:27.409237,0.0,0.0,0.0,0.7760405029025766,2.7008484643246824,2.29514073953875
2025-05-21T00:40:27.509242,0.0,0.0,0.0,0.7760405029025766,2.7008484643246824,2.29514073953875
2025-05-21T00:40:27.609267,0.0,0.0,0.0,0.7760405029025766,2.7008484643246824,2.29514073953875
2025-05-21T00:40:27.709266,0.0,0.0,0.0,0.7760405029025766,2.7008484643246824,2.29514073953875
2025-05-21T00:40:27.809327,0.0,0.0,0.0,0.7760405029025766,2.7008484643246824,2.29514073953875
2025-05-21T00:40:27.909209,0.0,0.0,0.0,0.7760405029025766,2.7008484643246824,2.29514073953875
2025-05-21T00:40:28.009284,0.0,0.0,0.0,0.7760405029025766,2.7008484643246824,2.29514073953875
2025-05-21T00:40:28.109207,0.0,0.0,0.0,0.7760405029025766,2.7008484643246824,2.29514073953875
2025-05-21T00:40:28.209237,0.0,0.0,0.0,0.7760405029025766,2.7008484643246824,2.29514073953875
2025-05-21T00:40:28.309451,0.0,0.0,0.0,0.7760405029025766,2.7008484643246824,2.29514073953875
2025-05-21T00:40:28.409241,0.0,0.0,0.0,0.7760405029025766,2.7008484643246824,2.29514073953875
2025-05-21T00:40:28.509274,0.0,0.0,0.0,0.7760405029025766,2.7008484643246824,2.29514073953875
2025-05-21T00:40:28.609277,0.0,0.0,0.0,0.7760405029025766,2.7008484643246824,2.29514073953875
2025-05-21T00:40:28.709242,0.0,0.0,0.0,0.7760405029025766,2.7008484643246824,2.29514073953875
2025-05-21T00:40:28.809202,0.0,0.0,0.0,0.7760405029025766,2.7008484643246824,2.29514073953875
2025-05-21T00:40:28.909228,0.0,0.0,0.0,0.7760405029025766,2.7008484643246824,2.29514073953875
2025-05-21T00:40:29.009194,0.0,0.0,0.0,0.7760405029025766,2.7008484643246824,2.29514073953875
2025-05-21T00:40:29.109199,0.0,0.0,0.0,0.7760405029025766,2.7008484643246824,2.29514073953875
2025-05-21T00:40:29.209252,0.0,0.0,0.0,0.7760405029025766,2.7008484643246824,2.29514073953875
2025-05-21T00:40:29.309209,0.0,0.0,0.0,0.7760405029025766,2.7008484643246824,2.29514073953875
2025-05-21T00:40:29.409158,0.0,0.0,0.0,0.7760405029025766,2.7008484643246824,2.29514073953875
2025-05-21T00:40:29.509231,0.0,0.0,0.0,0.7760405029025766,2.7008484643246824,2.29514073953875
2025-05-21T00:40:29.609232,0.0,0.0,0.0,0.7760405029025766,2.7008484643246824,2.29514073953875
2025-05-21T00:40:29.709254,0.0,0.0,0.0,0.7760405029025766,2.7008484643246824,2.29514073953875
2025-05-21T00:40:29.809233,0.0,0.0,0.0,0.7760405029025766,2.7008484643246824,2.29514073953875
2025-05-21T00:40:29.909204,0.0,0.0,0.0,0.7760405029025766,2.7008484643246824,2.29514073953875
2025-05-21T00:40:30.009228,0.0,0.0,0.0,0.7760405029025766,2.7008484643246824,2.29514073953875
2025-05-21T00:40:30.109232,0.0,0.0,0.0,0.7760405029025766,2.7008484643246824,2.29514073953875
2025-05-21T00:40:30.209263,0.0,0.0,0.0,0.7760405029025766,2.7008484643246824,2.29514073953875
2025-05-21T00:40:30.309207,0.0,0.0,0.0,0.7760405029025766,2.7008484643246824,2.29514073953875
2025-05-21T00:40:30.409186,0.0,0.0,0.0,0.7760405029025766,2.7008484643246824,2.29514073953875
2025-05-21T00:40:30.509206,0.0,0.0,0.0,0.7760405029025766,2.7008484643246824,2.29514073953875
2025-05-21T00:40:30.609269,0.0,0.0,0.0,0.7760405029025766,2.7008484643246824,2.29514073953875
2025-05-21T00:40:30.709234,0.0,0.0,0.0,0.7760405029025766,2.7008484643246824,2.29514073953875
2025-05-21T00:40:30.809198,0.0,0.0,0.0,0.7760405029025766,2.7008484643246824,2.29514073953875
2025-05-21T00:40:30.909306,0.0,0.0,0.0,0.7760405029025766,2.7008484643246824,2.29514073953875
2025-05-21T00:40:31.009196,0.0,0.0,0.0,0.7760405029025766,2.7008484643246824,2.29514073953875
2025-05-21T00:40:31.109242,0.0,0.0,0.0,0.7760405029025766,2.7008484643246824,2.29514073953875
2025-05-21T00:40:31.209273,0.0,0.0,0.0,0.7760405029025766,2.7008484643246824,2.29514073953875
2025-05-21T00:40:31.309253,0.0,0.0,0.0,0.7760405029025766,2.7008484643246824,2.29514073953875
2025-05-21T00:40:31.409306,0.0,0.0,0.0,0.7760405029025766,2.7008484643246824,2.29514073953875
2025-05-21T00:40:31.509451,0.0,0.0,0.0,0.7760405029025766,2.7008484643246824,2.29514073953875
2025-05-21T00:40:31.609474,0.0,0.0,0.0,0.7760405029025766,2.7008484643246824,2.29514073953875
2025-05-21T00:40:31.709244,0.0,0.0,0.0,0.7760405029025766,2.7008484643246824,2.29514073953875
2025-05-21T00:40:31.809207,0.0,0.0,0.0,0.7760405029025766,2.7008484643246824,2.29514073953875
2025-05-21T00:40:31.909253,0.0,0.0,0.0,0.7760405029025766,2.7008484643246824,2.29514073953875
2025-05-21T00:40:32.009200,0.0,0.0,0.0,0.7760405029025766,2.7008484643246824,2.29514073953875
2025-05-21T00:40:32.109197,0.0,0.0,0.0,0.7760405029025766,2.7008484643246824,2.29514073953875
2025-05-21T00:40:32.209243,0.0,0.0,0.0,0.7760405029025766,2.7008484643246824,2.29514073953875
2025-05-21T00:40:32.309240,0.0,0.0,0.0,0.7760405029025766,2.7008484643246824,2.29514073953875
2025-05-21T00:40:32.409205,0.0,0.0,0.0,0.7760405029025766,2.7008484643246824,2.29514073953875
2025-05-21T00:40:32.509405,0.0,0.0,0.0,0.7760405029025766,2.7008484643246824,2.29514073953875
2025-05-21T00:40:32.609201,0.0,0.0,0.0,0.7760405029025766,2.7008484643246824,2.29514073953875
2025-05-21T00:40:32.709232,0.0,0.0,0.0,0.7760405029025766,2.7008484643246824,2.29514073953875
2025-05-21T00:40:32.809202,0.0,0.0,0.0,0.7760405029025766,2.7008484643246824,2.29514073953875
2025-05-21T00:40:32.909179,0.0,0.0,0.0,0.7760405029025766,2.7008484643246824,2.29514073953875
2025-05-21T00:40:33.009224,0.0,0.0,0.0,0.7760405029025766,2.7008484643246824,2.29514073953875
2025-05-21T00:40:33.109206,0.0,0.0,0.0,0.7760405029025766,2.7008484643246824,2.29514073953875
2025-05-21T00:40:33.209192,0.0,0.0,0.0,0.7760405029025766,2.7008484643246824,2.29514073953875
2025-05-21T00:40:33.309227,0.0,0.0,0.0,0.7760405029025766,2.7008484643246824,2.29514073953875
2025-05-21T00:40:33.409214,0.0,0.0,0.0,0.7760405029025766,2.7008484643246824,2.29514073953875
2025-05-21T00:40:33.509210,0.0,0.0,0.0,0.7760405029025766,2.7008484643246824,2.29514073953875
2025-05-21T00:40:33.609197,0.0,0.0,0.0,0.7760405029025766,2.7008484643246824,2.29514073953875
2025-05-21T00:40:33.709214,0.0,0.0,0.0,0.7760405029025766,2.7008484643246824,2.29514073953875
2025-05-21T00:40:33.809231,0.0,0.0,0.0,0.7760405029025766,2.7008484643246824,2.29514073953875
2025-05-21T00:40:33.909202,0.0,0.0,0.0,0.7760405029025766,2.7008484643246824,2.29514073953875
2025-05-21T00:40:34.009213,0.0,0.0,0.0,0.7760405029025766,2.7008484643246824,2.29514073953875
2025-05-21T00:40:34.109192,0.0,0.0,0.0,0.7760405029025766,2.7008484643246824,2.29514073953875
2025-05-21T00:40:34.209221,0.0,0.0,0.0,0.7760405029025766,2.7008484643246824,2.29514073953875
2025-05-21T00:40:34.309219,0.0,0.0,0.0,0.7760405029025766,2.7008484643246824,2.29514073953875
2025-05-21T00:40:34.409249,0.0,0.0,0.0,0.7760405029025766,2.7008484643246824,2.29514073953875
2025-05-21T00:40:34.509194,0.0,0.0,0.0,0.7760405029025766,2.7008484643246824,2.29514073953875
2025-05-21T00:40:34.609218,0.0,0.0,0.0,0.7760405029025766,2.7008484643246824,2.29514073953875
2025-05-21T00:40:34.709260,0.0,0.0,0.0,0.7760405029025766,2.7008484643246824,2.29514073953875
2025-05-21T00:40:34.809257,0.0,0.0,0.0,0.7760405029025766,2.7008484643246824,2.29514073953875
2025-05-21T00:40:34.909190,0.0,0.0,0.0,0.7760405029025766,2.7008484643246824,2.29514073953875
2025-05-21T00:40:35.009242,0.0,0.0,0.0,0.7760405029025766,2.7008484643246824,2.29514073953875
2025-05-21T00:40:35.109197,0.0,0.0,0.0,0.7760405029025766,2.7008484643246824,2.29514073953875
2025-05-21T00:40:35.209232,0.0,0.0,0.0,0.7760405029025766,2.7008484643246824,2.29514073953875
2025-05-21T00:40:35.309211,0.0,0.0,0.0,0.7760405029025766,2.7008484643246824,2.29514073953875
2025-05-21T00:40:35.409278,0.0,0.0,0.0,0.7760405029025766,2.7008484643246824,2.29514073953875
2025-05-21T00:40:35.509236,0.0,0.0,0.0,0.7760405029025766,2.7008484643246824,2.29514073953875
2025-05-21T00:40:35.609225,0.0,0.0,0.0,0.7760405029025766,2.7008484643246824,2.29514073953875
2025-05-21T00:40:35.709192,0.0,0.0,0.0,0.7760405029025766,2.7008484643246824,2.29514073953875
2025-05-21T00:40:35.809265,0.0,0.0,0.0,0.7760405029025766,2.7008484643246824,2.29514073953875
2025-05-21T00:40:35.909656,0.0,0.0,0.0,0.7760405029025766,2.7008484643246824,2.29514073953875
2025-05-21T00:40:36.009601,0.0,0.0,0.0,0.7760405029025766,2.7008484643246824,2.29514073953875
2025-05-21T00:40:36.109198,0.0,0.0,0.0,0.7760405029025766,2.7008484643246824,2.29514073953875
2025-05-21T00:40:36.209216,0.0,0.0,0.0,0.7760405029025766,2.7008484643246824,2.29514073953875
2025-05-21T00:40:36.309309,0.0,0.0,0.0,0.7760405029025766,2.7008484643246824,2.29514073953875
2025-05-21T00:40:36.411275,0.0,0.0,0.0,0.7760405029025766,2.7008484643246824,2.29514073953875
2025-05-21T00:40:36.509203,0.0,0.0,0.0,0.7760405029025766,2.7008484643246824,2.29514073953875
2025-05-21T00:40:36.609303,0.0,0.0,0.0,0.7760405029025766,2.7008484643246824,2.29514073953875
2025-05-21T00:40:36.709255,0.0,0.0,0.0,0.7760405029025766,2.7008484643246824,2.29514073953875
2025-05-21T00:40:36.810012,0.0,0.0,0.0,0.7760405029025766,2.7008484643246824,2.29514073953875
2025-05-21T00:40:36.909510,0.0,0.0,0.0,0.7760405029025766,2.7008484643246824,2.29514073953875
2025-05-21T00:40:37.009219,0.0,0.0,0.0,0.7760405029025766,2.7008484643246824,2.29514073953875
2025-05-21T00:40:37.109313,0.0,0.0,0.0,0.7760405029025766,2.7008484643246824,2.29514073953875
2025-05-21T00:40:37.209279,0.0,0.0,0.0,0.7760405029025766,2.7008484643246824,2.29514073953875
2025-05-21T00:40:37.309293,0.0,0.0,0.0,0.7760405029025766,2.7008484643246824,2.29514073953875
2025-05-21T00:40:37.409275,0.0,0.0,0.0,0.7760405029025766,2.7008484643246824,2.29514073953875
2025-05-21T00:40:37.509969,0.0,0.0,0.0,0.7760405029025766,2.7008484643246824,2.29514073953875
2025-05-21T00:40:37.613159,0.0,0.0,0.0,0.7760405029025766,2.7008484643246824,2.29514073953875
2025-05-21T00:40:37.709358,0.0,0.0,0.0,0.7760405029025766,2.7008484643246824,2.29514073953875
2025-05-21T00:40:37.809373,0.0,0.0,0.0,0.7760405029025766,2.7008484643246824,2.29514073953875
2025-05-21T00:40:37.909240,0.0,0.0,0.0,0.7760405029025766,2.7008484643246824,2.29514073953875
2025-05-21T00:40:38.009333,0.0,0.0,0.0,0.7760405029025766,2.7008484643246824,2.29514073953875
2025-05-21T00:40:38.109201,0.0,0.0,0.0,0.7760405029025766,2.7008484643246824,2.29514073953875
2025-05-21T00:40:38.209332,0.0,0.0,0.0,0.7760405029025766,2.7008484643246824,2.29514073953875
2025-05-21T00:40:38.309199,0.0,0.0,0.0,0.7760405029025766,2.7008484643246824,2.29514073953875
2025-05-21T00:40:38.409355,0.0,0.0,0.0,0.7760405029025766,2.7008484643246824,2.29514073953875
2025-05-21T00:40:38.509184,0.0,0.0,0.0,0.7760405029025766,2.7008484643246824,2.29514073953875
2025-05-21T00:40:38.609187,0.0,0.0,0.0,0.7760405029025766,2.7008484643246824,2.29514073953875
2025-05-21T00:40:38.709202,0.0,0.0,0.0,0.7760405029025766,2.7008484643246824,2.29514073953875
2025-05-21T00:40:38.809215,0.0,0.0,0.0,0.7760405029025766,2.7008484643246824,2.29514073953875
2025-05-21T00:40:38.909262,0.0,0.0,0.0,0.7760405029025766,2.7008484643246824,2.29514073953875
2025-05-21T00:40:39.009201,0.0,0.0,0.0,0.7760405029025766,2.7008484643246824,2.29514073953875
2025-05-21T00:40:39.109229,0.0,0.0,0.0,0.7760405029025766,2.7008484643246824,2.29514073953875
2025-05-21T00:40:39.209249,0.0,0.0,0.0,0.7760405029025766,2.7008484643246824,2.29514073953875
2025-05-21T00:40:39.309233,0.0,0.0,0.0,0.7760405029025766,2.7008484643246824,2.29514073953875
2025-05-21T00:40:39.409207,0.0,0.0,0.0,0.7760405029025766,2.7008484643246824,2.29514073953875
2025-05-21T00:40:39.509206,0.0,0.0,0.0,0.7760405029025766,2.7008484643246824,2.29514073953875
2025-05-21T00:40:39.609201,0.0,0.0,0.0,0.7760405029025766,2.7008484643246824,2.29514073953875
2025-05-21T00:40:39.709186,0.0,0.0,0.0,0.7760405029025766,2.7008484643246824,2.29514073953875
2025-05-21T00:40:39.809188,0.0,0.0,0.0,0.7760405029025766,2.7008484643246824,2.29514073953875
2025-05-21T00:40:39.909209,0.0,0.0,0.0,0.7760405029025766,2.7008484643246824,2.29514073953875
2025-05-21T00:40:40.009183,0.0,0.0,0.0,0.7760405029025766,2.7008484643246824,2.29514073953875
2025-05-21T00:40:40.109207,0.0,0.0,0.0,0.7760405029025766,2.7008484643246824,2.29514073953875
2025-05-21T00:40:40.209248,0.0,0.0,0.0,0.7760405029025766,2.7008484643246824,2.29514073953875
2025-05-21T00:40:40.309217,0.0,0.0,0.0,0.7760405029025766,2.7008484643246824,2.29514073953875
2025-05-21T00:40:40.409208,0.0,0.0,0.0,0.7760405029025766,2.7008484643246824,2.29514073953875
2025-05-21T00:40:40.509186,0.0,0.0,0.0,0.7760405029025766,2.7008484643246824,2.29514073953875
2025-05-21T00:40:40.609248,0.0,0.0,0.0,0.7760405029025766,2.7008484643246824,2.29514073953875
2025-05-21T00:40:40.709222,0.0,0.0,0.0,0.7760405029025766,2.7008484643246824,2.29514073953875
2025-05-21T00:40:40.809205,0.0,0.0,0.0,0.7760405029025766,2.7008484643246824,2.29514073953875
2025-05-21T00:40:40.909230,0.0,0.0,0.0,0.7760405029025766,2.7008484643246824,2.29514073953875
2025-05-21T00:40:41.009227,0.0,0.0,0.0,0.7760405029025766,2.7008484643246824,2.29514073953875
2025-05-21T00:40:41.109201,0.0,0.0,0.0,0.7760405029025766,2.7008484643246824,2.29514073953875
2025-05-21T00:40:41.209274,0.0,0.0,0.0,0.7760405029025766,2.7008484643246824,2.29514073953875
2025-05-21T00:40:41.309204,0.0,0.0,0.0,0.7760405029025766,2.7008484643246824,2.29514073953875
2025-05-21T00:40:41.409257,0.0,0.0,0.0,0.7760405029025766,2.7008484643246824,2.29514073953875
2025-05-21T00:40:41.509191,0.0,0.0,0.0,0.7760405029025766,2.7008484643246824,2.29514073953875
2025-05-21T00:40:41.609206,0.0,0.0,0.0,0.7760405029025766,2.7008484643246824,2.29514073953875
2025-05-21T00:40:41.709180,0.0,0.0,0.0,0.7760405029025766,2.7008484643246824,2.29514073953875
2025-05-21T00:40:41.809195,0.0,0.0,0.0,0.7760405029025766,2.7008484643246824,2.29514073953875
2025-05-21T00:40:41.909194,0.0,0.0,0.0,0.7760405029025766,2.7008484643246824,2.29514073953875
2025-05-21T00:40:42.009272,0.0,0.0,0.0,0.7760405029025766,2.7008484643246824,2.29514073953875
2025-05-21T00:40:42.109198,0.0,0.0,0.0,0.7760405029025766,2.7008484643246824,2.29514073953875
2025-05-21T00:40:42.209200,0.0,0.0,0.0,0.7760405029025766,2.7008484643246824,2.29514073953875
2025-05-21T00:40:42.309200,0.0,0.0,0.0,0.7760405029025766,2.7008484643246824,2.29514073953875
2025-05-21T00:40:42.409188,0.0,0.0,0.0,0.7760405029025766,2.7008484643246824,2.29514073953875
2025-05-21T00:40:42.509328,0.0,0.0,0.0,0.7760405029025766,2.7008484643246824,2.29514073953875
2025-05-21T00:40:42.609224,0.0,0.0,0.0,0.7760405029025766,2.7008484643246824,2.29514073953875
2025-05-21T00:40:42.709230,0.0,0.0,0.0,0.7760405029025766,2.7008484643246824,2.29514073953875
2025-05-21T00:40:42.809504,0.0,0.0,0.0,0.7760405029025766,2.7008484643246824,2.29514073953875
2025-05-21T00:40:42.909260,0.0,0.0,0.0,0.7760405029025766,2.7008484643246824,2.29514073953875
2025-05-21T00:40:43.009283,0.0,0.0,0.0,0.7760405029025766,2.7008484643246824,2.29514073953875
2025-05-21T00:40:43.109233,0.0,0.0,0.0,0.7760405029025766,2.7008484643246824,2.29514073953875
2025-05-21T00:40:43.209276,0.0,0.0,0.0,0.7760405029025766,2.7008484643246824,2.29514073953875
2025-05-21T00:40:43.309232,0.0,0.0,0.0,0.7760405029025766,2.7008484643246824,2.29514073953875
2025-05-21T00:40:43.409301,0.0,0.0,0.0,0.7760405029025766,2.7008484643246824,2.29514073953875
2025-05-21T00:40:43.509252,0.0,0.0,0.0,0.7760405029025766,2.7008484643246824,2.29514073953875
2025-05-21T00:40:43.609270,0.0,0.0,0.0,0.7760405029025766,2.7008484643246824,2.29514073953875
2025-05-21T00:40:43.709199,0.0,0.0,0.0,0.7760405029025766,2.7008484643246824,2.29514073953875
2025-05-21T00:40:43.809254,0.0,0.0,0.0,0.7760405029025766,2.7008484643246824,2.29514073953875
2025-05-21T00:40:43.909227,0.0,0.0,0.0,0.7760405029025766,2.7008484643246824,2.29514073953875
2025-05-21T00:40:44.009206,0.0,0.0,0.0,0.7760405029025766,2.7008484643246824,2.29514073953875
2025-05-21T00:40:44.109219,0.0,0.0,0.0,0.7760405029025766,2.7008484643246824,2.29514073953875
2025-05-21T00:40:44.209209,0.0,0.0,0.0,0.7760405029025766,2.7008484643246824,2.29514073953875
2025-05-21T00:40:44.309255,0.0,0.0,0.0,0.7760405029025766,2.7008484643246824,2.29514073953875
2025-05-21T00:40:44.409495,0.0,0.0,0.0,0.7760405029025766,2.7008484643246824,2.29514073953875
2025-05-21T00:40:44.509261,0.0,0.0,0.0,0.7760405029025766,2.7008484643246824,2.29514073953875
2025-05-21T00:40:44.609301,0.0,0.0,0.0,0.7760405029025766,2.7008484643246824,2.29514073953875
2025-05-21T00:40:44.709253,0.0,0.0,0.0,0.7760405029025766,2.7008484643246824,2.29514073953875
2025-05-21T00:40:44.809305,0.0,0.0,0.0,0.7760405029025766,2.7008484643246824,2.29514073953875
2025-05-21T00:40:44.909208,0.0,0.0,0.0,0.7760405029025766,2.7008484643246824,2.29514073953875
2025-05-21T00:40:45.009194,0.0,0.0,0.0,0.7760405029025766,2.7008484643246824,2.29514073953875
2025-05-21T00:40:45.109211,0.0,0.0,0.0,0.7760405029025766,2.7008484643246824,2.29514073953875
2025-05-21T00:40:45.209394,0.0,0.0,0.0,0.7760405029025766,2.7008484643246824,2.29514073953875
2025-05-21T00:40:45.309203,0.0,0.0,0.0,0.7760405029025766,2.7008484643246824,2.29514073953875
2025-05-21T00:40:45.409300,0.0,0.0,0.0,0.7760405029025766,2.7008484643246824,2.29514073953875
2025-05-21T00:40:45.509214,0.0,0.0,0.0,0.7760405029025766,2.7008484643246824,2.29514073953875
2025-05-21T00:40:45.609400,0.0,0.0,0.0,0.7760405029025766,2.7008484643246824,2.29514073953875
2025-05-21T00:40:45.713001,0.0,0.0,0.0,0.7760405029025766,2.7008484643246824,2.29514073953875
2025-05-21T00:40:45.809243,0.0,0.0,0.0,0.7760405029025766,2.7008484643246824,2.29514073953875
2025-05-21T00:40:45.909195,0.0,0.0,0.0,0.7760405029025766,2.7008484643246824,2.29514073953875
2025-05-21T00:40:46.009221,0.0,0.0,0.0,0.7760405029025766,2.7008484643246824,2.29514073953875
2025-05-21T00:40:46.109234,0.0,0.0,0.0,0.7760405029025766,2.7008484643246824,2.29514073953875
2025-05-21T00:40:46.209229,0.0,0.0,0.0,0.7760405029025766,2.7008484643246824,2.29514073953875
2025-05-21T00:40:46.309208,0.0,0.0,0.0,0.7760405029025766,2.7008484643246824,2.29514073953875
2025-05-21T00:40:46.409374,0.0,0.0,0.0,0.7760405029025766,2.7008484643246824,2.29514073953875
2025-05-21T00:40:46.510104,0.0,0.0,0.0,0.7760405029025766,2.7008484643246824,2.29514073953875
2025-05-21T00:40:46.609217,0.0,0.0,0.0,0.7760405029025766,2.7008484643246824,2.29514073953875
2025-05-21T00:40:46.709246,0.0,0.0,0.0,0.7760405029025766,2.7008484643246824,2.29514073953875
2025-05-21T00:40:46.809206,0.0,0.0,0.0,0.7760405029025766,2.7008484643246824,2.29514073953875
2025-05-21T00:40:46.909193,0.0,0.0,0.0,0.7760405029025766,2.7008484643246824,2.29514073953875
2025-05-21T00:40:47.009254,0.0,0.0,0.0,0.7760405029025766,2.7008484643246824,2.29514073953875
2025-05-21T00:40:47.109201,0.0,0.0,0.0,0.7760405029025766,2.7008484643246824,2.29514073953875
2025-05-21T00:40:47.209199,0.0,0.0,0.0,0.7760405029025766,2.7008484643246824,2.29514073953875
2025-05-21T00:40:47.309192,0.0,0.0,0.0,0.7760405029025766,2.7008484643246824,2.29514073953875
2025-05-21T00:40:47.409267,0.0,0.0,0.0,0.7760405029025766,2.7008484643246824,2.29514073953875
2025-05-21T00:40:47.509223,0.0,0.0,0.0,0.7760405029025766,2.7008484643246824,2.29514073953875
2025-05-21T00:40:47.609245,0.0,0.0,0.0,0.7760405029025766,2.7008484643246824,2.29514073953875
2025-05-21T00:40:47.709253,0.0,0.0,0.0,0.7760405029025766,2.7008484643246824,2.29514073953875
2025-05-21T00:40:47.809237,0.0,0.0,0.0,0.7760405029025766,2.7008484643246824,2.29514073953875
2025-05-21T00:40:47.909198,0.0,0.0,0.0,0.7760405029025766,2.7008484643246824,2.29514073953875
2025-05-21T00:40:48.009187,0.0,0.0,0.0,0.7760405029025766,2.7008484643246824,2.29514073953875
2025-05-21T00:40:48.109198,0.0,0.0,0.0,0.7760405029025766,2.7008484643246824,2.29514073953875
2025-05-21T00:40:48.209185,0.0,0.0,0.0,0.7760405029025766,2.7008484643246824,2.29514073953875
2025-05-21T00:40:48.309225,0.0,0.0,0.0,0.7760405029025766,2.7008484643246824,2.29514073953875
2025-05-21T00:40:48.409236,0.0,0.0,0.0,0.7760405029025766,2.7008484643246824,2.29514073953875
2025-05-21T00:40:48.509190,0.0,0.0,0.0,0.7760405029025766,2.7008484643246824,2.29514073953875
2025-05-21T00:40:48.609259,0.0,0.0,0.0,0.7760405029025766,2.7008484643246824,2.29514073953875
2025-05-21T00:40:48.709219,0.0,0.0,0.0,0.7760405029025766,2.7008484643246824,2.29514073953875
2025-05-21T00:40:48.809190,0.0,0.0,0.0,0.7760405029025766,2.7008484643246824,2.29514073953875
2025-05-21T00:40:48.909187,0.0,0.0,0.0,0.7760405029025766,2.7008484643246824,2.29514073953875
2025-05-21T00:40:49.009212,0.0,0.0,0.0,0.7760405029025766,2.7008484643246824,2.29514073953875
2025-05-21T00:40:49.109199,0.0,0.0,0.0,0.7760405029025766,2.7008484643246824,2.29514073953875
2025-05-21T00:40:49.209221,0.0,0.0,0.0,0.7760405029025766,2.7008484643246824,2.29514073953875
2025-05-21T00:40:49.309210,0.0,0.0,0.0,0.7760405029025766,2.7008484643246824,2.29514073953875
2025-05-21T00:40:49.409260,0.0,0.0,0.0,0.7760405029025766,2.7008484643246824,2.29514073953875
2025-05-21T00:40:49.509257,0.0,0.0,0.0,0.7760405029025766,2.7008484643246824,2.29514073953875
2025-05-21T00:40:49.609280,0.0,0.0,0.0,0.7760405029025766,2.7008484643246824,2.29514073953875
2025-05-21T00:40:49.709229,0.0,0.0,0.0,0.7760405029025766,2.7008484643246824,2.29514073953875
2025-05-21T00:40:49.809247,0.0,0.0,0.0,0.7760405029025766,2.7008484643246824,2.29514073953875
2025-05-21T00:40:49.909210,0.0,0.0,0.0,0.7760405029025766,2.7008484643246824,2.29514073953875
2025-05-21T00:40:50.009202,0.0,0.0,0.0,0.7760405029025766,2.7008484643246824,2.29514073953875
2025-05-21T00:40:50.109166,0.0,0.0,0.0,0.7760405029025766,2.7008484643246824,2.29514073953875
2025-05-21T00:40:50.209195,0.0,0.0,0.0,0.7760405029025766,2.7008484643246824,2.29514073953875
2025-05-21T00:40:50.309204,0.0,0.0,0.0,0.7760405029025766,2.7008484643246824,2.29514073953875
2025-05-21T00:40:50.409215,0.0,0.0,0.0,0.7760405029025766,2.7008484643246824,2.29514073953875
2025-05-21T00:40:50.509193,0.0,0.0,0.0,0.7760405029025766,2.7008484643246824,2.29514073953875
2025-05-21T00:40:50.609212,0.0,0.0,0.0,0.7760405029025766,2.7008484643246824,2.29514073953875
2025-05-21T00:40:50.709217,0.0,0.0,0.0,0.7760405029025766,2.7008484643246824,2.29514073953875
2025-05-21T00:40:50.809187,0.0,0.0,0.0,0.7760405029025766,2.7008484643246824,2.29514073953875
2025-05-21T00:40:50.909193,0.0,0.0,0.0,0.7760405029025766,2.7008484643246824,2.29514073953875
2025-05-21T00:40:51.009290,0.0,0.0,0.0,0.7760405029025766,2.7008484643246824,2.29514073953875
2025-05-21T00:40:51.109228,0.0,0.0,0.0,0.7760405029025766,2.7008484643246824,2.29514073953875
2025-05-21T00:40:51.209238,0.0,0.0,0.0,0.7760405029025766,2.7008484643246824,2.29514073953875
2025-05-21T00:40:51.309210,0.0,0.0,0.0,0.7760405029025766,2.7008484643246824,2.29514073953875
2025-05-21T00:40:51.409194,0.0,0.0,0.0,0.7760405029025766,2.7008484643246824,2.29514073953875
2025-05-21T00:40:51.509478,0.0,0.0,0.0,0.7760405029025766,2.7008484643246824,2.29514073953875
2025-05-21T00:40:51.609229,0.0,0.0,0.0,0.7760405029025766,2.7008484643246824,2.29514073953875
2025-05-21T00:40:51.709191,0.0,0.0,0.0,0.7760405029025766,2.7008484643246824,2.29514073953875
2025-05-21T00:40:51.809208,0.0,0.0,0.0,0.7760405029025766,2.7008484643246824,2.29514073953875
2025-05-21T00:40:51.909209,0.0,0.0,0.0,0.7760405029025766,2.7008484643246824,2.29514073953875
2025-05-21T00:40:52.009232,0.0,0.0,0.0,0.7760405029025766,2.7008484643246824,2.29514073953875
2025-05-21T00:40:52.109189,0.0,0.0,0.0,0.7760405029025766,2.7008484643246824,2.29514073953875
2025-05-21T00:40:52.209227,0.0,0.0,0.0,0.7760405029025766,2.7008484643246824,2.29514073953875
2025-05-21T00:40:52.309238,0.0,0.0,0.0,0.7760405029025766,2.7008484643246824,2.29514073953875
2025-05-21T00:40:52.409223,0.0,0.0,0.0,0.7760405029025766,2.7008484643246824,2.29514073953875
2025-05-21T00:40:52.509204,0.0,0.0,0.0,0.7760405029025766,2.7008484643246824,2.29514073953875
2025-05-21T00:40:52.609254,0.0,0.0,0.0,0.7760405029025766,2.7008484643246824,2.29514073953875
2025-05-21T00:40:52.709196,0.0,0.0,0.0,0.7760405029025766,2.7008484643246824,2.29514073953875
2025-05-21T00:40:52.809188,0.0,0.0,0.0,0.7760405029025766,2.7008484643246824,2.29514073953875
2025-05-21T00:40:52.909193,0.0,0.0,0.0,0.7760405029025766,2.7008484643246824,2.29514073953875
2025-05-21T00:40:53.009239,0.0,0.0,0.0,0.7760405029025766,2.7008484643246824,2.29514073953875
2025-05-21T00:40:53.109218,0.0,0.0,0.0,0.7760405029025766,2.7008484643246824,2.29514073953875
2025-05-21T00:40:53.209189,0.0,0.0,0.0,0.7760405029025766,2.7008484643246824,2.29514073953875
2025-05-21T00:40:53.309224,0.0,0.0,0.0,0.7760405029025766,2.7008484643246824,2.29514073953875
2025-05-21T00:40:53.409235,0.0,0.0,0.0,0.7760405029025766,2.7008484643246824,2.29514073953875
2025-05-21T00:40:53.509238,0.0,0.0,0.0,0.7760405029025766,2.7008484643246824,2.29514073953875
2025-05-21T00:40:53.609219,0.0,0.0,0.0,0.7760405029025766,2.7008484643246824,2.29514073953875
2025-05-21T00:40:53.709254,0.0,0.0,0.0,0.7760405029025766,2.7008484643246824,2.29514073953875
2025-05-21T00:40:53.809243,0.0,0.0,0.0,0.7760405029025766,2.7008484643246824,2.29514073953875
2025-05-21T00:40:53.909225,0.0,0.0,0.0,0.7760405029025766,2.7008484643246824,2.29514073953875
2025-05-21T00:40:54.009191,0.0,0.0,0.0,0.7760405029025766,2.7008484643246824,2.29514073953875
2025-05-21T00:40:54.109199,0.0,0.0,0.0,0.7760405029025766,2.7008484643246824,2.29514073953875
2025-05-21T00:40:54.209243,0.0,0.0,0.0,0.7760405029025766,2.7008484643246824,2.29514073953875
2025-05-21T00:40:54.309240,0.0,0.0,0.0,0.7760405029025766,2.7008484643246824,2.29514073953875
2025-05-21T00:40:54.409204,0.0,0.0,0.0,0.7760405029025766,2.7008484643246824,2.29514073953875
2025-05-21T00:40:54.509180,0.0,0.0,0.0,0.7760405029025766,2.7008484643246824,2.29514073953875
2025-05-21T00:40:54.609348,0.0,0.0,0.0,0.7760405029025766,2.7008484643246824,2.29514073953875
2025-05-21T00:40:54.709210,0.0,0.0,0.0,0.7760405029025766,2.7008484643246824,2.29514073953875
2025-05-21T00:40:54.809222,0.0,0.0,0.0,0.7760405029025766,2.7008484643246824,2.29514073953875
2025-05-21T00:40:54.909220,0.0,0.0,0.0,0.7760405029025766,2.7008484643246824,2.29514073953875
2025-05-21T00:40:55.009229,0.0,0.0,0.0,0.7760405029025766,2.7008484643246824,2.29514073953875
2025-05-21T00:40:55.109256,0.0,0.0,0.0,0.7760405029025766,2.7008484643246824,2.29514073953875
2025-05-21T00:40:55.209192,0.0,0.0,0.0,0.7760405029025766,2.7008484643246824,2.29514073953875
2025-05-21T00:40:55.309203,0.0,0.0,0.0,0.7760405029025766,2.7008484643246824,2.29514073953875
2025-05-21T00:40:55.409196,0.0,0.0,0.0,0.7760405029025766,2.7008484643246824,2.29514073953875
2025-05-21T00:40:55.509217,0.0,0.0,0.0,0.7760405029025766,2.7008484643246824,2.29514073953875
2025-05-21T00:40:55.609208,0.0,0.0,0.0,0.7760405029025766,2.7008484643246824,2.29514073953875
2025-05-21T00:40:55.709198,0.0,0.0,0.0,0.7760405029025766,2.7008484643246824,2.29514073953875
2025-05-21T00:40:55.809358,0.0,0.0,0.0,0.7760405029025766,2.7008484643246824,2.29514073953875
2025-05-21T00:40:55.909216,0.0,0.0,0.0,0.7760405029025766,2.7008484643246824,2.29514073953875
2025-05-21T00:40:56.009230,0.0,0.0,0.0,0.7760405029025766,2.7008484643246824,2.29514073953875
2025-05-21T00:40:56.109195,0.0,0.0,0.0,0.7760405029025766,2.7008484643246824,2.29514073953875
2025-05-21T00:40:56.209195,0.0,0.0,0.0,0.7760405029025766,2.7008484643246824,2.29514073953875
2025-05-21T00:40:56.309210,0.0,0.0,0.0,0.7760405029025766,2.7008484643246824,2.29514073953875
2025-05-21T00:40:56.409204,0.0,0.0,0.0,0.7760405029025766,2.7008484643246824,2.29514073953875
2025-05-21T00:40:56.509309,0.0,0.0,0.0,0.7760405029025766,2.7008484643246824,2.29514073953875
2025-05-21T00:40:56.609279,0.0,0.0,0.0,0.7760405029025766,2.7008484643246824,2.29514073953875
2025-05-21T00:40:56.709246,0.0,0.0,0.0,0.7760405029025766,2.7008484643246824,2.29514073953875
2025-05-21T00:40:56.809363,0.0,0.0,0.0,0.7760405029025766,2.7008484643246824,2.29514073953875
2025-05-21T00:40:56.909343,0.0,0.0,0.0,0.7760405029025766,2.7008484643246824,2.29514073953875
2025-05-21T00:40:57.009324,0.0,0.0,0.0,0.7760405029025766,2.7008484643246824,2.29514073953875
2025-05-21T00:40:57.109389,0.0,0.0,0.0,0.7760405029025766,2.7008484643246824,2.29514073953875
2025-05-21T00:40:57.209268,0.0,0.0,0.0,0.7760405029025766,2.7008484643246824,2.29514073953875
2025-05-21T00:40:57.309355,0.0,0.0,0.0,0.7760405029025766,2.7008484643246824,2.29514073953875
2025-05-21T00:40:57.409232,0.0,0.0,0.0,0.7760405029025766,2.7008484643246824,2.29514073953875
2025-05-21T00:40:57.509233,0.0,0.0,0.0,0.7760405029025766,2.7008484643246824,2.29514073953875
2025-05-21T00:40:57.609208,0.0,0.0,0.0,0.7760405029025766,2.7008484643246824,2.29514073953875
2025-05-21T00:40:57.709242,0.0,0.0,0.0,0.7760405029025766,2.7008484643246824,2.29514073953875
2025-05-21T00:40:57.809251,0.0,0.0,0.0,0.7760405029025766,2.7008484643246824,2.29514073953875
2025-05-21T00:40:57.909226,0.0,0.0,0.0,0.7760405029025766,2.7008484643246824,2.29514073953875
2025-05-21T00:40:58.009195,0.0,0.0,0.0,0.7760405029025766,2.7008484643246824,2.29514073953875
2025-05-21T00:40:58.109357,0.0,0.0,0.0,0.7760405029025766,2.7008484643246824,2.29514073953875
2025-05-21T00:40:58.209244,0.0,0.0,0.0,0.7760405029025766,2.7008484643246824,2.29514073953875
2025-05-21T00:40:58.309225,0.0,0.0,0.0,0.7760405029025766,2.7008484643246824,2.29514073953875
2025-05-21T00:40:58.409353,0.0,0.0,0.0,0.7760405029025766,2.7008484643246824,2.29514073953875
2025-05-21T00:40:58.509183,0.0,0.0,0.0,0.7760405029025766,2.7008484643246824,2.29514073953875
2025-05-21T00:40:58.609196,0.0,0.0,0.0,0.7760405029025766,2.7008484643246824,2.29514073953875
2025-05-21T00:40:58.709321,0.0,0.0,0.0,0.7760405029025766,2.7008484643246824,2.29514073953875
2025-05-21T00:40:58.809306,0.0,0.0,0.0,0.7760405029025766,2.7008484643246824,2.29514073953875
2025-05-21T00:40:58.909185,0.0,0.0,0.0,0.7760405029025766,2.7008484643246824,2.29514073953875
2025-05-21T00:40:59.009223,0.0,0.0,0.0,0.7760405029025766,2.7008484643246824,2.29514073953875
2025-05-21T00:40:59.109216,0.0,0.0,0.0,0.7760405029025766,2.7008484643246824,2.29514073953875
2025-05-21T00:40:59.209186,0.0,0.0,0.0,0.7760405029025766,2.7008484643246824,2.29514073953875
2025-05-21T00:40:59.309186,0.0,0.0,0.0,0.7760405029025766,2.7008484643246824,2.29514073953875
2025-05-21T00:40:59.409238,0.0,0.0,0.0,0.7760405029025766,2.7008484643246824,2.29514073953875
2025-05-21T00:40:59.509222,0.0,0.0,0.0,0.7760405029025766,2.7008484643246824,2.29514073953875
2025-05-21T00:40:59.609201,0.0,0.0,0.0,0.7760405029025766,2.7008484643246824,2.29514073953875
2025-05-21T00:40:59.709211,0.0,0.0,0.0,0.7760405029025766,2.7008484643246824,2.29514073953875
2025-05-21T00:40:59.809262,0.0,0.0,0.0,0.7760405029025766,2.7008484643246824,2.29514073953875
2025-05-21T00:40:59.909217,0.0,0.0,0.0,0.7760405029025766,2.7008484643246824,2.29514073953875
2025-05-21T00:41:00.009314,0.0,0.0,0.0,0.7760405029025766,2.7008484643246824,2.29514073953875
2025-05-21T00:41:00.109197,0.0,0.0,0.0,0.7760405029025766,2.7008484643246824,2.29514073953875
2025-05-21T00:41:00.209233,0.0,0.0,0.0,0.7760405029025766,2.7008484643246824,2.29514073953875
2025-05-21T00:41:00.309231,0.0,0.0,0.0,0.7760405029025766,2.7008484643246824,2.29514073953875
2025-05-21T00:41:00.409183,0.0,0.0,0.0,0.7760405029025766,2.7008484643246824,2.29514073953875
2025-05-21T00:41:00.509200,0.0,0.0,0.0,0.7760405029025766,2.7008484643246824,2.29514073953875
2025-05-21T00:41:00.609207,0.0,0.0,0.0,0.7760405029025766,2.7008484643246824,2.29514073953875
2025-05-21T00:41:00.709631,0.0,0.0,0.0,0.7760405029025766,2.7008484643246824,2.29514073953875
2025-05-21T00:41:00.809301,0.0,0.0,0.0,0.7760405029025766,2.7008484643246824,2.29514073953875
2025-05-21T00:41:00.909200,0.0,0.0,0.0,0.7760405029025766,2.7008484643246824,2.29514073953875
2025-05-21T00:41:01.009202,0.0,0.0,0.0,0.7760405029025766,2.7008484643246824,2.29514073953875
2025-05-21T00:41:01.109200,0.0,0.0,0.0,0.7760405029025766,2.7008484643246824,2.29514073953875
2025-05-21T00:41:01.209226,0.0,0.0,0.0,0.7760405029025766,2.7008484643246824,2.29514073953875
2025-05-21T00:41:01.309188,0.0,0.0,0.0,0.7760405029025766,2.7008484643246824,2.29514073953875
2025-05-21T00:41:01.409215,0.0,0.0,0.0,0.7760405029025766,2.7008484643246824,2.29514073953875
2025-05-21T00:41:01.509279,0.0,0.0,0.0,0.7760405029025766,2.7008484643246824,2.29514073953875
2025-05-21T00:41:01.609283,0.0,0.0,0.0,0.7760405029025766,2.7008484643246824,2.29514073953875
2025-05-21T00:41:01.709190,0.0,0.0,0.4012235698512017,0.7760405029025766,2.7008484643246824,2.29514073953875
2025-05-21T00:41:01.809228,0.0,0.0,0.4012235698512017,0.7760405029025766,2.7008484643246824,2.3352863034344917
2025-05-21T00:41:01.909514,0.0,0.0,0.4012235698512017,0.7760405029025766,2.7008484643246824,2.3754522427299136
2025-05-21T00:41:02.009270,0.0,0.0,0.4012235698512017,0.7760405029025766,2.7008484643246824,2.4155468202968784
2025-05-21T00:41:02.109402,0.0,0.0,0.4012235698512017,0.7760405029025766,2.7008484643246824,2.4556486679595046
2025-05-21T00:41:02.209292,0.0,0.0,0.4012235698512017,0.7760405029025766,2.7008484643246824,2.4958377567700545
2025-05-21T00:41:02.309269,0.0,0.0,0.4012235698512017,0.7760405029025766,2.7008484643246824,2.535926307810354
2025-05-21T00:41:02.409309,0.0,0.0,0.4012235698512017,0.7760405029025766,2.7008484643246824,2.5760405911629256
2025-05-21T00:41:02.509151,0.0,0.0,0.4012235698512017,0.7760405029025766,2.7008484643246824,2.6161230200174064
2025-05-21T00:41:02.609252,0.0,0.0,0.4012235698512017,0.7760405029025766,2.7008484643246824,2.6563432937119735
2025-05-21T00:41:02.709560,0.0,0.0,0.4012235698512017,0.7760405029025766,2.7008484643246824,2.6964425585774556
2025-05-21T00:41:02.809197,0.0,0.0,0.4012235698512017,0.7760405029025766,2.7008484643246824,2.7367205147415383
2025-05-21T00:41:02.909296,0.0,0.0,0.4012235698512017,0.7760405029025766,2.7008484643246824,2.7766306614606986
2025-05-21T00:41:03.009263,0.0,0.0,0.4012235698512017,0.7760405029025766,2.7008484643246824,2.8169616127957795
2025-05-21T00:41:03.109273,0.0,0.0,0.4012235698512017,0.7760405029025766,2.7008484643246824,2.8569412080603263
2025-05-21T00:41:03.209236,0.10089694928298282,0.0,0.0,0.7711683231915588,2.7021689271448786,2.876929475146145
2025-05-21T00:41:03.309227,0.10089694928298282,0.0,0.0,0.7614323687229905,2.704807574866717,2.876929475146145
2025-05-21T00:41:03.409235,0.10089694928298282,0.0,0.0,0.7516210018542516,2.707466660929609,2.876929475146145
2025-05-21T00:41:03.509264,0.10089694928298282,0.0,0.0,0.7419534247004931,2.710086776965979,2.876929475146145
2025-05-21T00:41:03.609193,0.10089694928298282,0.0,0.0,0.7321630005611118,2.7127401871102657,2.876929475146145
2025-05-21T00:41:03.709230,0.10089694928298282,0.0,0.0,0.7224771507598982,2.715365255417082,2.876929475146145
2025-05-21T00:41:03.809170,0.10089694928298282,0.0,0.0,0.7127447022249583,2.718002952957425,2.876929475146145
2025-05-21T00:41:03.909266,0.10089694928298282,0.0,0.0,0.7029653299028434,2.7206533678275915,2.876929475146145
2025-05-21T00:41:04.009208,0.10089694928298282,0.0,0.0,0.6932677317412584,2.723281620186308,2.876929475146145
2025-05-21T00:41:04.109141,0.10089694928298282,0.0,0.0,0.6835288982278559,2.7259210481896403,2.876929475146145
2025-05-21T00:41:04.209215,0.10089694928298282,0.0,0.0,0.6737875339411719,2.7285611620855756,2.876929475146145
2025-05-21T00:41:04.309245,0.10089694928298282,0.0,0.0,0.6640513472915685,2.7311998727333413,2.876929475146145
2025-05-21T00:41:04.409215,0.10089694928298282,0.0,0.0,0.6543119797617855,2.7338394454663053,2.876929475146145
2025-05-21T00:41:04.509215,0.10089694928298282,0.0,0.0,0.6445722639604499,2.7364791125881593,2.876929475146145
2025-05-21T00:41:04.609220,0.10089694928298282,0.0,0.0,0.6347911270624689,2.7391300056953707,2.876929475146145
2025-05-21T00:41:04.709199,0.10089694928298282,0.0,0.0,0.6250697767810025,2.7417646953764083,2.876929475146145
2025-05-21T00:41:04.809186,0.10089694928298282,0.0,0.0,0.6153669545461297,2.7443943635684804,2.876929475146145
2025-05-21T00:41:04.909163,0.10089694928298282,0.0,0.0,0.6056237328111655,2.747034980871831,2.876929475146145
2025-05-21T00:41:05.009226,0.10089694928298282,0.0,0.0,0.5958446623243963,2.7496853139382926,2.876929475146145
2025-05-21T00:41:05.109216,0.10089694928298282,0.0,0.0,0.5861436046653895,2.75231450389332,2.876929475146145
2025-05-21T00:41:05.209209,-0.10089694928298282,0.0,0.0,0.5763789061846872,2.754960941844908,2.876929475146145
2025-05-21T00:41:05.309219,-0.10089694928298282,0.0,0.0,0.5861023460954687,2.7523256858305283,2.876929475146145
2025-05-21T00:41:05.409442,-0.10089694928298282,0.0,0.0,0.5958305224993643,2.7496891461272406,2.876929475146145
2025-05-21T00:41:05.509218,-0.10089694928298282,0.0,0.0,0.6055683576343163,2.747049988705394,2.876929475146145
2025-05-21T00:41:05.609187,-0.10089694928298282,0.0,0.0,0.6153050318640931,2.744411145913182,2.876929475146145
2025-05-21T00:41:05.709199,-0.10089694928298282,0.0,0.0,0.625041102423179,2.7417724667283796,2.876929475146145
2025-05-21T00:41:05.809191,-0.10089694928298282,0.0,0.0,0.6347941454159239,2.739129187658322,2.876929475146145
2025-05-21T00:41:05.909225,-0.10089694928298282,0.0,0.0,0.6445242489224101,2.736492125669841,2.876929475146145
2025-05-21T00:41:06.009217,-0.10089694928298282,0.0,0.0,0.6542556758607959,2.7338547050035764,2.876929475146145
2025-05-21T00:41:06.109134,-0.10089694928298282,0.0,0.0,0.6639857793672821,2.7312176430150954,2.876929475146145
2025-05-21T00:41:06.209196,-0.10089694928298282,0.0,0.0,0.6737471344410804,2.728572111196855,2.876929475146145
2025-05-21T00:41:06.309259,-0.10089694928298282,0.0,0.0,0.6834725014544524,2.7259363328972825,2.876929475146145
2025-05-21T00:41:06.409175,-0.10089694928298282,0.0,0.0,0.6931917621066037,2.723302209549587,2.876929475146145
2025-05-21T00:41:06.509184,-0.10089694928298282,0.0,0.0,0.7029414152562375,2.7206598491980616,2.876929475146145
2025-05-21T00:41:06.609269,-0.10089694928298282,0.0,0.0,0.7127497173353143,2.7180015937574042,2.876929475146145
2025-05-21T00:41:06.709266,-0.10089694928298282,0.0,0.0,0.7228178996468754,2.7152729053267812,2.876929475146145
2025-05-21T00:41:06.809292,-0.10089694928298282,0.0,0.0,0.7322449836845729,2.712717967965482,2.876929475146145
2025-05-21T00:41:06.909214,-0.10089694928298282,0.0,0.0,0.7419497098039328,2.7100877837808097,2.876929475146145
2025-05-21T00:41:07.009346,-0.10089694928298282,0.0,0.0,0.7516953462216611,2.7074465120478197,2.876929475146145
2025-05-21T00:41:07.110030,0.0,0.0,0.4012235698512017,0.7565768131740793,2.706123532190548,2.8968174914391733
2025-05-21T00:41:07.209253,0.0,0.0,0.4012235698512017,0.7565768131740793,2.706123532190548,2.9368629002012767
2025-05-21T00:41:07.309283,0.0,0.0,0.4012235698512017,0.7565768131740793,2.706123532190548,2.9770256827446353
2025-05-21T00:41:07.409343,0.0,0.0,0.4012235698512017,0.7565768131740793,2.706123532190548,3.017339032795486
2025-05-21T00:41:07.509200,0.0,0.0,0.4012235698512017,0.7565768131740793,2.706123532190548,3.057216272765867
2025-05-21T00:41:07.609811,0.0,0.0,0.4012235698512017,0.7565768131740793,2.706123532190548,3.097375611579702
2025-05-21T00:41:07.709234,0.0,0.0,0.4012235698512017,0.7565768131740793,2.706123532190548,3.1376303225695032
2025-05-21T00:41:07.811665,0.0,0.0,0.4012235698512017,0.7565768131740793,2.706123532190548,-3.1030404217797467
2025-05-21T00:41:07.909274,0.0,0.0,0.4012235698512017,0.7565768131740793,2.706123532190548,-3.0640053649961274
2025-05-21T00:41:08.010981,0.0,0.0,0.4012235698512017,0.7565768131740793,2.706123532190548,-3.0235865985582016
2025-05-21T00:41:08.109301,0.0,0.0,0.4012235698512017,0.7565768131740793,2.706123532190548,-2.9834466785525127
2025-05-21T00:41:08.209219,0.0,0.0,0.4012235698512017,0.7565768131740793,2.706123532190548,-2.9446014095292905
2025-05-21T00:41:08.309211,0.0,0.0,0.4012235698512017,0.7565768131740793,2.706123532190548,-2.9049827362506195
2025-05-21T00:41:08.409284,0.0,0.0,0.4012235698512017,0.7565768131740793,2.706123532190548,-2.8648837583625966
2025-05-21T00:41:08.509239,0.0,0.0,0.4012235698512017,0.7565768131740793,2.706123532190548,-2.8247641180974337
2025-05-21T00:41:08.609251,0.0,0.0,0.4012235698512017,0.7565768131740793,2.706123532190548,-2.78460592719344
2025-05-21T00:41:08.709199,0.0,0.0,0.4012235698512017,0.7565768131740793,2.706123532190548,-2.7444675377342054
2025-05-21T00:41:08.809226,0.0,0.0,0.4012235698512017,0.7565768131740793,2.706123532190548,-2.7043892222233223
2025-05-21T00:41:08.909210,0.0,0.0,0.4012235698512017,0.7565768131740793,2.706123532190548,-2.664255998358373
2025-05-21T00:41:09.009277,0.0,0.0,0.4012235698512017,0.7565768131740793,2.706123532190548,-2.6240483516720583
2025-05-21T00:41:09.109223,0.0,0.0,0.0,0.7565768131740793,2.706123532190548,-2.604017994558732
2025-05-21T00:41:09.209191,0.0,0.0,0.0,0.7565768131740793,2.706123532190548,-2.604017994558732
2025-05-21T00:41:09.309197,0.0,0.0,0.0,0.7565768131740793,2.706123532190548,-2.604017994558732
2025-05-21T00:41:09.409342,0.0,0.0,0.0,0.7565768131740793,2.706123532190548,-2.604017994558732
2025-05-21T00:41:09.509193,0.0,0.0,0.0,0.7565768131740793,2.706123532190548,-2.604017994558732
2025-05-21T00:41:09.609346,0.0,0.0,0.0,0.7565768131740793,2.706123532190548,-2.604017994558732
2025-05-21T00:41:09.709190,0.0,0.0,0.0,0.7565768131740793,2.706123532190548,-2.604017994558732
2025-05-21T00:41:09.809378,0.0,0.0,0.0,0.7565768131740793,2.706123532190548,-2.604017994558732
2025-05-21T00:41:09.909194,0.0,0.0,0.0,0.7565768131740793,2.706123532190548,-2.604017994558732
2025-05-21T00:41:10.009208,0.0,0.0,0.0,0.7565768131740793,2.706123532190548,-2.604017994558732
2025-05-21T00:41:10.109223,0.0,0.0,0.0,0.7565768131740793,2.706123532190548,-2.604017994558732
2025-05-21T00:41:10.209229,0.0,0.0,0.0,0.7565768131740793,2.706123532190548,-2.604017994558732
2025-05-21T00:41:10.309252,0.10089694928298282,0.0,0.0,0.7522584690246917,2.70354920488093,-2.604017994558732
2025-05-21T00:41:10.409252,0.10089694928298282,0.0,0.0,0.7435921710414977,2.6983828988155407,-2.604017994558732
2025-05-21T00:41:10.509209,0.10089694928298282,0.0,0.0,0.7349228976259545,2.6932148189830567,-2.604017994558732
2025-05-21T00:41:10.609341,0.10089694928298282,0.0,0.0,0.7262647200935467,2.6880533538236953,-2.604017994558732
2025-05-21T00:41:10.709199,0.10089694928298282,0.0,0.0,0.7175978228913379,2.6828866905413213,-2.604017994558732
2025-05-21T00:41:10.809202,0.10089694928298282,0.0,0.0,0.7089325580443762,2.677721000367284,-2.604017994558732
2025-05-21T00:41:10.909204,0.10089694928298282,0.0,0.0,0.7002524780238427,2.6725464783112556,-2.604017994558732
2025-05-21T00:41:11.009156,0.10089694928298282,0.0,0.0,0.6916147565888353,2.667397207800668,-2.604017994558732
2025-05-21T00:41:11.109215,0.10089694928298282,0.0,0.0,0.6829231674306736,2.6622158247149765,-2.604017994558732
2025-05-21T00:41:11.209225,0.10089694928298282,0.0,0.0,0.674265506466382,2.657054667501291,-2.604017994558732
2025-05-21T00:41:11.309240,0.10089694928298282,0.0,0.0,0.6655961710626649,2.651886550715326,-2.604017994558732
2025-05-21T00:41:11.409186,0.10089694928298282,0.0,0.0,0.6569399358263739,2.646726243431707,-2.604017994558732
2025-05-21T00:41:11.509213,0.10089694928298282,0.0,0.0,0.6482664678777275,2.6415556630803327,-2.604017994558732
2025-05-21T00:41:11.609217,0.10089694928298282,0.0,0.0,0.6395893839522678,2.636382927109226,-2.604017994558732
2025-05-21T00:41:11.709199,0.10089694928298282,0.0,0.0,0.6309266812831624,2.631218764345742,-2.604017994558732
2025-05-21T00:41:11.809206,0.10089694928298282,0.0,0.0,0.6222330051898113,2.626036137159519,-2.604017994558732
2025-05-21T00:41:11.909200,0.10089694928298282,0.0,0.0,0.6135967921337031,2.6208877658503056,-2.604017994558732
2025-05-21T00:41:12.009166,0.10089694928298282,0.0,0.0,0.6049448134186893,2.615729996039058,-2.604017994558732
2025-05-21T00:41:12.109187,0.10089694928298282,0.0,0.0,0.5962609314568209,2.610553207502854,-2.604017994558732
2025-05-21T00:41:12.209373,0.10089694928298282,0.0,0.0,0.5875766362404595,2.605376172610109,-2.604017994558732
2025-05-21T00:41:12.309216,0.10089694928298282,0.0,0.0,0.5789251947562866,2.600218723062364,-2.604017994558732
2025-05-21T00:41:12.409260,0.10089694928298282,0.0,0.0,0.5702589174358171,2.5950524293148014,-2.604017994558732
2025-05-21T00:41:12.509195,0.0,0.0,0.0,0.5615570382407813,2.5898649119512416,-2.604017994558732
2025-05-21T00:41:12.609209,0.0,0.0,0.0,0.5615570382407813,2.5898649119512416,-2.604017994558732
2025-05-21T00:41:12.709202,0.0,0.0,0.0,0.5615570382407813,2.5898649119512416,-2.604017994558732
2025-05-21T00:41:12.809223,0.0,0.0,0.0,0.5615570382407813,2.5898649119512416,-2.604017994558732
2025-05-21T00:41:12.909208,0.0,0.0,0.0,0.5615570382407813,2.5898649119512416,-2.604017994558732
2025-05-21T00:41:13.009186,0.0,0.0,0.0,0.5615570382407813,2.5898649119512416,-2.604017994558732
2025-05-21T00:41:13.109208,0.0,0.0,0.0,0.5615570382407813,2.5898649119512416,-2.604017994558732
2025-05-21T00:41:13.209224,0.0,0.0,0.0,0.5615570382407813,2.5898649119512416,-2.604017994558732
2025-05-21T00:41:13.309189,0.0,0.0,0.0,0.5615570382407813,2.5898649119512416,-2.604017994558732
2025-05-21T00:41:13.409313,0.0,0.0,0.0,0.5615570382407813,2.5898649119512416,-2.604017994558732
2025-05-21T00:41:13.509240,0.0,0.0,0.4012235698512017,0.5615570382407813,2.5898649119512416,-2.604017994558732
2025-05-21T00:41:13.609190,0.0,0.0,0.4012235698512017,0.5615570382407813,2.5898649119512416,-2.5639027546146265
2025-05-21T00:41:13.709209,0.0,0.0,0.4012235698512017,0.5615570382407813,2.5898649119512416,-2.5237372936149725
2025-05-21T00:41:13.809203,0.0,0.0,0.4012235698512017,0.5615570382407813,2.5898649119512416,-2.483617079394889
2025-05-21T00:41:13.909253,0.0,0.0,0.4012235698512017,0.5615570382407813,2.5898649119512416,-2.443526615171521
2025-05-21T00:41:14.009198,0.0,0.0,0.4012235698512017,0.5615570382407813,2.5898649119512416,-2.403400852720539
2025-05-21T00:41:14.109133,0.0,0.0,0.4012235698512017,0.5615570382407813,2.5898649119512416,-2.3632742293371765
2025-05-21T00:41:14.209283,0.0,0.0,0.4012235698512017,0.5615570382407813,2.5898649119512416,-2.3230346324936173
2025-05-21T00:41:14.309228,0.0,0.0,0.4012235698512017,0.5615570382407813,2.5898649119512416,-2.2830286353027245
2025-05-21T00:41:14.409236,0.0,0.0,0.4012235698512017,0.5615570382407813,2.5898649119512416,-2.2428677659424348
2025-05-21T00:41:14.509184,0.0,0.0,0.4012235698512017,0.5615570382407813,2.5898649119512416,-2.2026514142731584
2025-05-21T00:41:14.609219,0.0,0.0,0.4012235698512017,0.5615570382407813,2.5898649119512416,-2.162492171118477
2025-05-21T00:41:14.709238,0.0,0.0,0.4012235698512017,0.5615570382407813,2.5898649119512416,-2.1225526570392153
2025-05-21T00:41:14.809092,0.0,0.0,0.4012235698512017,0.5615570382407813,2.5898649119512416,-2.082436938799343
2025-05-21T00:41:14.909229,0.0,0.0,0.4012235698512017,0.5615570382407813,2.5898649119512416,-2.042205090347212
2025-05-21T00:41:15.009491,0.0,0.0,0.4012235698512017,0.5615570382407813,2.5898649119512416,-2.0020673705020515
2025-05-21T00:41:15.109243,0.0,0.0,0.4012235698512017,0.5615570382407813,2.5898649119512416,-1.961975184413922
2025-05-21T00:41:15.209225,0.0,0.0,0.4012235698512017,0.5615570382407813,2.5898649119512416,-1.9219088262972173
2025-05-21T00:41:15.309226,0.0,0.0,0.4012235698512017,0.5615570382407813,2.5898649119512416,-1.881847920752258
2025-05-21T00:41:15.409245,0.0,0.0,0.4012235698512017,0.5615570382407813,2.5898649119512416,-1.8415849830752629
2025-05-21T00:41:15.509245,0.0,0.0,0.4012235698512017,0.5615570382407813,2.5898649119512416,-1.801394555036565
2025-05-21T00:41:15.609242,0.0,0.0,0.4012235698512017,0.5615570382407813,2.5898649119512416,-1.7614431792222787
2025-05-21T00:41:15.709256,0.0,0.0,0.4012235698512017,0.5615570382407813,2.5898649119512416,-1.7213857174068428
2025-05-21T00:41:15.809220,-0.10089694928298282,0.0,0.0,0.5622142776565991,2.594873746498558,-1.7012669712357509
2025-05-21T00:41:15.909250,-0.10089694928298282,0.0,0.0,0.563531720282689,2.6049140027291657,-1.7012669712357509
2025-05-21T00:41:16.009280,-0.10089694928298282,0.0,0.0,0.5648375581043055,2.614865818516059,-1.7012669712357509
2025-05-21T00:41:16.109407,-0.10089694928298282,0.0,0.0,0.5661487038408051,2.624858086026938,-1.7012669712357509
2025-05-21T00:41:16.209275,-0.10089694928298282,0.0,0.0,0.5675490106546095,2.6355298518660244,-1.7012669712357509
2025-05-21T00:41:16.311267,-0.10089694928298282,0.0,0.0,0.5688232012856013,2.645240483789151,-1.7012669712357509
2025-05-21T00:41:16.409452,-0.10089694928298282,0.0,0.0,0.570090603669316,2.6548993823459304,-1.7012669712357509
2025-05-21T00:41:16.509155,-0.10089694928298282,0.0,0.0,0.5714005789104345,2.6648827294884305,-1.7012669712357509
2025-05-21T00:41:16.609385,-0.10089694928298282,0.0,0.0,0.5727151109464056,2.6749008040543525,-1.7012669712357509
2025-05-21T00:41:16.709392,-0.10089694928298282,0.0,0.0,0.5740261815709021,2.6848924991351755,-1.7012669712357509
2025-05-21T00:41:16.809188,-0.10089694928298282,0.0,0.0,0.5753382599481064,2.694891874319255,-1.7012669712357509
2025-05-21T00:41:16.909274,-0.10089694928298282,0.0,0.0,0.5766493681286045,2.7048838556151056,-1.7012669712357509
2025-05-21T00:41:17.009416,-0.10089694928298282,0.0,0.0,0.5780249756120678,2.715367387370643,-1.7012669712357509
2025-05-21T00:41:17.109301,-0.10089694928298282,0.0,0.0,0.5792821565040321,2.7249483877372462,-1.7012669712357509
2025-05-21T00:41:17.209168,-0.10089694928298282,0.0,0.0,0.5805940940462307,2.73494668961497,-1.7012669712357509
2025-05-21T00:41:17.309383,-0.10089694928298282,0.0,0.0,0.5819037782283374,2.7449278185910013,-1.7012669712357509
2025-05-21T00:41:17.409209,-0.10089694928298282,0.0,0.0,0.5832170615272576,2.7549363765072354,-1.7012669712357509
2025-05-21T00:41:17.509206,-0.10089694928298282,0.0,0.0,0.5845276282754003,2.7649242315364297,-1.7012669712357509
2025-05-21T00:41:17.609234,-0.10089694928298282,0.0,0.0,0.5858408646293186,2.7749324316838786,-1.7012669712357509
2025-05-21T00:41:17.709228,-0.10089694928298282,0.0,0.0,0.5871526738551787,2.784929755660256,-1.7012669712357509
2025-05-21T00:41:17.809202,-0.10089694928298282,0.0,0.0,0.588465681743421,2.7949362146662837,-1.7012669712357509
2025-05-21T00:41:17.909140,-0.10089694928298282,0.0,0.0,0.5897804923197368,2.8049564119936647,-1.7012669712357509
2025-05-21T00:41:18.009238,-0.10089694928298282,0.0,0.0,0.5910915660739002,2.81494813092574,-1.7012669712357509
2025-05-21T00:41:18.109277,-0.10089694928298282,0.0,0.0,0.5924057131608558,2.8249632717876225,-1.7012669712357509
2025-05-21T00:41:18.209210,-0.10089694928298282,0.0,0.0,0.5937194596504615,2.8349753596892047,-1.7012669712357509
2025-05-21T00:41:18.309204,-0.10089694928298282,0.0,0.0,0.5950289904788951,2.844955319953871,-1.7012669712357509
2025-05-21T00:41:18.409215,-0.10089694928298282,0.0,0.0,0.5963428997111742,2.8549686481205754,-1.7012669712357509
2025-05-21T00:41:18.509272,-0.10089694928298282,0.0,0.0,0.5976614126833077,2.865017061479487,-1.7012669712357509
2025-05-21T00:41:18.609126,-0.10089694928298282,0.0,0.0,0.5989665651078961,2.8749636538421157,-1.7012669712357509
2025-05-21T00:41:18.709251,-0.10089694928298282,0.0,0.0,0.6002806589905161,2.884978389232709,-1.7012669712357509
2025-05-21T00:41:18.809211,-0.10089694928298282,0.0,0.0,0.6015923555483715,2.8949748545640017,-1.7012669712357509
2025-05-21T00:41:18.909256,-0.10089694928298282,0.0,0.0,0.602905041080934,2.904978856891037,-1.7012669712357509
2025-05-21T00:41:19.009234,-0.10089694928298282,0.0,0.0,0.6042218264769972,2.9150141043586513,-1.7012669712357509
2025-05-21T00:41:19.109202,-0.10089694928298282,0.0,0.0,0.6055320207947913,2.9249991210888155,-1.7012669712357509
2025-05-21T00:41:19.209209,0.0,0.0,0.4012235698512017,0.6061892195249408,2.930007645569851,-1.6812422580124768
2025-05-21T00:41:19.309200,0.0,0.0,0.4012235698512017,0.6061892195249408,2.930007645569851,-1.6411137214460454
2025-05-21T00:41:19.409274,0.0,0.0,0.4012235698512017,0.6061892195249408,2.930007645569851,-1.6008676197800533
2025-05-21T00:41:19.509230,0.0,0.0,0.4012235698512017,0.6061892195249408,2.930007645569851,-1.5608314899558313
2025-05-21T00:41:19.609219,0.0,0.0,0.4012235698512017,0.6061892195249408,2.930007645569851,-1.5206741599842186
2025-05-21T00:41:19.709242,0.0,0.0,0.4012235698512017,0.6061892195249408,2.930007645569851,-1.4806305687460295
2025-05-21T00:41:19.809269,0.0,0.0,0.4012235698512017,0.6061892195249408,2.930007645569851,-1.4404862484192829
2025-05-21T00:41:19.909248,0.0,0.0,0.4012235698512017,0.6061892195249408,2.930007645569851,-1.400328822788517
2025-05-21T00:41:20.009228,0.0,0.0,0.4012235698512017,0.6061892195249408,2.930007645569851,-1.3602528987564695
2025-05-21T00:41:20.109237,0.0,0.0,0.4012235698512017,0.6061892195249408,2.930007645569851,-1.3200995864693006
2025-05-21T00:41:20.209177,0.0,0.0,0.4012235698512017,0.6061892195249408,2.930007645569851,-1.2799315426725042
2025-05-21T00:41:20.309221,0.0,0.0,0.4012235698512017,0.6061892195249408,2.930007645569851,-1.239883742431564
2025-05-21T00:41:20.409197,0.0,0.0,0.4012235698512017,0.6061892195249408,2.930007645569851,-1.199771850557829
2025-05-21T00:41:20.509245,0.0,0.0,0.4012235698512017,0.6061892195249408,2.930007645569851,-1.1597156323113875
2025-05-21T00:41:20.609253,0.0,0.0,0.4012235698512017,0.6061892195249408,2.930007645569851,-1.1195063594194643
2025-05-21T00:41:20.709291,0.0,0.0,0.4012235698512017,0.6061892195249408,2.930007645569851,-1.0793650045264738
2025-05-21T00:41:20.809308,0.0,0.0,0.4012235698512017,0.6061892195249408,2.930007645569851,-1.03925846956533
2025-05-21T00:41:20.909308,0.0,0.0,0.4012235698512017,0.6061892195249408,2.930007645569851,-0.9991820672375155
2025-05-21T00:41:21.009276,0.0,0.0,0.4012235698512017,0.6061892195249408,2.930007645569851,-0.9590188063983903
2025-05-21T00:41:21.109246,0.0,0.0,0.4012235698512017,0.6061892195249408,2.930007645569851,-0.9189062449105809
2025-05-21T00:41:21.209209,0.0,0.0,0.4012235698512017,0.6061892195249408,2.930007645569851,-0.8786634913149589
2025-05-21T00:41:21.309345,0.0,0.0,0.4012235698512017,0.6061892195249408,2.930007645569851,-0.8386837047321047
2025-05-21T00:41:21.409330,0.0,0.0,0.4012235698512017,0.6061892195249408,2.930007645569851,-0.798491363510338
2025-05-21T00:41:21.509095,0.0,0.0,0.4012235698512017,0.6061892195249408,2.930007645569851,-0.758280081776193
2025-05-21T00:41:21.609241,0.0,0.0,0.4012235698512017,0.6061892195249408,2.930007645569851,-0.7182366818563111
2025-05-21T00:41:21.709219,0.0,0.0,0.4012235698512017,0.6061892195249408,2.930007645569851,-0.6779843623453461
2025-05-21T00:41:21.809217,0.10089694928298282,0.0,0.0,0.6140105465122463,2.9237088723301166,-0.6779843623453461
2025-05-21T00:41:21.909301,0.10089694928298282,0.0,0.0,0.6218702625643652,2.9173791831071303,-0.6779843623453461
2025-05-21T00:41:22.009262,0.10089694928298282,0.0,0.0,0.629731196424787,2.91104851314285,-0.6779843623453461
2025-05-21T00:41:22.109346,0.10089694928298282,0.0,0.0,0.6376034652701831,2.904708714740372,-0.6779843623453461
2025-05-21T00:41:22.209260,0.10089694928298282,0.0,0.0,0.6454559119435085,2.8983848797884946,-0.6779843623453461
2025-05-21T00:41:22.309216,0.10089694928298282,0.0,0.0,0.6532995529260275,2.8920681363505887,-0.6779843623453461
2025-05-21T00:41:22.409212,0.10089694928298282,0.0,0.0,0.6611639528562349,2.8857346750457022,-0.6779843623453461
2025-05-21T00:41:22.509237,0.10089694928298282,0.0,0.0,0.6690138140288554,2.8794129222830334,-0.6779843623453461
2025-05-21T00:41:22.609190,0.10089694928298282,0.0,0.0,0.6768659234629585,2.873089358921052,-0.6779843623453461
2025-05-21T00:41:22.709208,0.10089694928298282,0.0,0.0,0.6847639536378413,2.8667288140681246,-0.6779843623453461
2025-05-21T00:41:22.809272,0.10089694928298282,0.0,0.0,0.6926054775074644,2.8604137756112373,-0.6779843623453461
2025-05-21T00:41:22.909235,0.10089694928298282,0.0,0.0,0.7004669921687692,2.8540826379088013,-0.6779843623453461
2025-05-21T00:41:23.009283,0.10089694928298282,0.0,0.0,0.7083342586323667,2.8477468680897924,-0.6779843623453461
2025-05-21T00:41:23.109271,0.10089694928298282,0.0,0.0,0.7161870612804269,2.8414227464596906,-0.6779843623453461
2025-05-21T00:41:23.209196,0.10089694928298282,0.0,0.0,0.7240222338113619,2.83511282294586,-0.6779843623453461
2025-05-21T00:41:23.309193,0.0,0.0,0.4012235698512017,0.7279716423445627,2.8319322336645167,-0.6578937399653615
2025-05-21T00:41:23.409211,0.0,0.0,0.4012235698512017,0.7279716423445627,2.8319322336645167,-0.6178991262137264
2025-05-21T00:41:23.509253,0.0,0.0,0.4012235698512017,0.7279716423445627,2.8319322336645167,-0.5776995148962999
2025-05-21T00:41:23.609244,0.0,0.0,0.4012235698512017,0.7279716423445627,2.8319322336645167,-0.5375417066289199
2025-05-21T00:41:23.709304,0.0,0.0,0.4012235698512017,0.7279716423445627,2.8319322336645167,-0.4975487190828929
2025-05-21T00:41:23.809234,0.0,0.0,0.4012235698512017,0.7279716423445627,2.8319322336645167,-0.45738335374239236
2025-05-21T00:41:23.909238,0.0,0.0,0.4012235698512017,0.7279716423445627,2.8319322336645167,-0.41715992329576235
2025-05-21T00:41:24.009329,0.0,0.0,0.4012235698512017,0.7279716423445627,2.8319322336645167,-0.37717803221153284
2025-05-21T00:41:24.109235,0.10089694928298282,0.0,0.0,0.737349684685952,2.828217176217895,-0.37717803221153284
2025-05-21T00:41:24.209254,0.10089694928298282,0.0,0.0,0.7467366058431665,2.824498601479535,-0.37717803221153284
2025-05-21T00:41:24.309378,0.10089694928298282,0.0,0.0,0.7561368564065069,2.8207747463737283,-0.37717803221153284
2025-05-21T00:41:24.409418,0.10089694928298282,0.0,0.0,0.7654927799850465,2.817068451147583,-0.37717803221153284
2025-05-21T00:41:24.509277,0.10089694928298282,0.0,0.0,0.7749050404327653,2.8133398383952692,-0.37717803221153284
2025-05-21T00:41:24.609155,0.10089694928298282,0.0,0.0,0.7842483055484405,2.809638557746262,-0.37717803221153284
2025-05-21T00:41:24.709239,0.10089694928298282,0.0,0.0,0.793630082807318,2.805922020733594,-0.37717803221153284
2025-05-21T00:41:24.809218,0.10089694928298282,0.0,0.0,0.8030086395385408,2.8022067595144033,-0.37717803221153284
2025-05-21T00:41:24.909223,0.10089694928298282,0.0,0.0,0.8123939727967036,2.7984888138131048,-0.37717803221153284
2025-05-21T00:41:25.009213,0.10089694928298282,0.0,0.0,0.8217739608735507,2.7947729855745904,-0.37717803221153284
2025-05-21T00:41:25.109234,0.10089694928298282,0.0,0.0,0.8311617318922296,2.7910540741685073,-0.37717803221153284
2025-05-21T00:41:25.209263,0.10089694928298282,0.0,0.0,0.8405428829373965,2.7873377852267933,-0.37717803221153284
2025-05-21T00:41:25.309368,0.10089694928298282,0.0,0.0,0.849922826284693,2.783621974707633,-0.37717803221153284
2025-05-21T00:41:25.409252,0.0,0.0,0.4012235698512017,0.8593124088501776,2.7799023456677188,-0.37717803221153284
2025-05-21T00:41:25.509241,0.0,0.0,0.4012235698512017,0.8593124088501776,2.7799023456677188,-0.3370714015912361
2025-05-21T00:41:25.609215,0.0,0.0,0.4012235698512017,0.8593124088501776,2.7799023456677188,-0.2970095394547423
2025-05-21T00:41:25.709230,0.0,0.0,0.4012235698512017,0.8593124088501776,2.7799023456677188,-0.2568789940460885
2025-05-21T00:41:25.809308,0.0,0.0,0.4012235698512017,0.8593124088501776,2.7799023456677188,-0.21673897838124612
2025-05-21T00:41:25.909339,0.0,0.0,0.4012235698512017,0.8593124088501776,2.7799023456677188,-0.17644772559483712
2025-05-21T00:41:26.009199,0.0,0.0,0.4012235698512017,0.8593124088501776,2.7799023456677188,-0.13650668096912047
2025-05-21T00:41:26.109256,0.0,0.0,0.4012235698512017,0.8593124088501776,2.7799023456677188,-0.09638235340543977
2025-05-21T00:41:26.209348,-0.10089694928298282,0.0,0.0,0.8593124088501776,2.7799023456677188,-0.056242433399750436
2025-05-21T00:41:26.309222,-0.10089694928298282,0.0,0.0,0.8492399501779938,2.7804694433298085,-0.056242433399750436
2025-05-21T00:41:26.409218,-0.10089694928298282,0.0,0.0,0.8391755134078136,2.7810360893442896,-0.056242433399750436
2025-05-21T00:41:26.509241,-0.10089694928298282,0.0,0.0,0.82910449579587,2.7816031058720787,-0.056242433399750436
2025-05-21T00:41:26.609265,-0.10089694928298282,0.0,0.0,0.8190142160120498,2.7821712068950237,-0.056242433399750436
2025-05-21T00:41:26.709233,-0.10089694928298282,0.0,0.0,0.8089484822876535,2.782737925930376,-0.056242433399750436
2025-05-21T00:41:26.809202,-0.10089694928298282,0.0,0.0,0.798899080579312,2.7833037254436506,-0.056242433399750436
2025-05-21T00:41:26.909202,-0.10089694928298282,0.0,0.0,0.7887968399954987,2.7838724998812934,-0.056242433399750436
2025-05-21T00:41:27.009259,-0.10089694928298282,0.0,0.0,0.7787183769056476,2.7844399356029705,-0.056242433399750436
2025-05-21T00:41:27.109143,-0.10089694928298282,0.0,0.0,0.7686497610607709,2.7850068169069244,-0.056242433399750436
2025-05-21T00:41:27.209231,-0.10089694928298282,0.0,0.0,0.7585807609331634,2.785573719846692,-0.056242433399750436
2025-05-21T00:41:27.309218,-0.10089694928298282,0.0,0.0,0.7485094791268425,2.786140751249103,-0.056242433399750436
2025-05-21T00:41:27.409260,-0.10089694928298282,0.0,0.0,0.7384201360321784,2.786708799534752,-0.056242433399750436
2025-05-21T00:41:27.509216,-0.10089694928298282,0.0,0.0,0.7283622320684201,2.7872750777404023,-0.056242433399750436
2025-05-21T00:41:27.609209,-0.10089694928298282,0.0,0.0,0.7182847296853958,2.7878424593725457,-0.056242433399750436
2025-05-21T00:41:27.709239,-0.10089694928298282,0.0,0.0,0.7082115264654213,2.7884095989540243,-0.056242433399750436
2025-05-21T00:41:27.809226,-0.10089694928298282,0.0,0.0,0.6981371703972548,2.7889768034429436,-0.056242433399750436
2025-05-21T00:41:27.909213,-0.10089694928298282,0.0,0.0,0.6880647357427416,2.7895438997527955,-0.056242433399750436
2025-05-21T00:41:28.009183,-0.10089694928298282,0.0,0.0,0.6779740956938615,2.7901120210593153,-0.056242433399750436
2025-05-21T00:41:28.109080,-0.10089694928298282,0.0,0.0,0.6679141982634377,2.790678411500749,-0.056242433399750436
2025-05-21T00:41:28.209249,-0.10089694928298282,0.0,0.0,0.6578316761872436,2.7912460757507067,-0.056242433399750436
2025-05-21T00:41:28.309212,-0.10089694928298282,0.0,0.0,0.6477694970781063,2.7918125946547834,-0.056242433399750436
2025-05-21T00:41:28.409204,-0.10089694928298282,0.0,0.0,0.6377004969504989,2.7923794975945513,-0.056242433399750436
2025-05-21T00:41:28.509185,-0.10089694928298282,0.0,0.0,0.6276244596453854,2.7929467967401553,-0.056242433399750436
2025-05-21T00:41:28.609241,-0.10089694928298282,0.0,0.0,0.6175390554487109,2.7935146232587154,-0.056242433399750436
2025-05-21T00:41:28.709251,-0.10089694928298282,0.0,0.0,0.6074761798271241,2.7940811813777042,-0.056242433399750436
2025-05-21T00:41:28.809108,-0.10089694928298282,0.0,0.0,0.5974236798392663,2.794647155329726,-0.056242433399750436
2025-05-21T00:41:28.909184,-0.10089694928298282,0.0,0.0,0.5873276838498268,2.795215578185398,-0.056242433399750436
2025-05-21T00:41:29.009210,-0.10089694928298282,0.0,0.0,0.5772225371278624,2.795784516243881,-0.056242433399750436
2025-05-21T00:41:29.109408,-0.10089694928298282,0.0,0.0,0.5671334582275757,2.796352549654908,-0.056242433399750436
2025-05-21T00:41:29.209223,0.0,0.0,-0.4012235698512017,0.5621271188826314,2.7966344156253276,-0.07631296735751557
2025-05-21T00:41:29.309270,0.0,0.0,-0.4012235698512017,0.5621271188826314,2.7966344156253276,-0.11637645569961742
2025-05-21T00:41:29.409198,0.0,0.0,-0.4012235698512017,0.5621271188826314,2.7966344156253276,-0.15652823744033162
2025-05-21T00:41:29.509211,0.0,0.0,-0.4012235698512017,0.5621271188826314,2.7966344156253276,-0.19663754651692414
2025-05-21T00:41:29.609203,0.0,0.0,-0.4012235698512017,0.5621271188826314,2.7966344156253276,-0.23685686361995686
2025-05-21T00:41:29.709187,0.0,0.0,-0.4012235698512017,0.5621271188826314,2.7966344156253276,-0.2768337804282081
2025-05-21T00:41:29.809251,0.0,0.0,-0.4012235698512017,0.5621271188826314,2.7966344156253276,-0.3170128250276485
2025-05-21T00:41:29.909224,0.0,0.0,0.0,0.5621271188826314,2.7966344156253276,-0.3570788961668927
2025-05-21T00:41:30.009304,0.0,0.0,0.0,0.5621271188826314,2.7966344156253276,-0.3570788961668927
2025-05-21T00:41:30.109219,0.0,0.0,0.0,0.5621271188826314,2.7966344156253276,-0.3570788961668927
2025-05-21T00:41:30.209227,0.0,0.0,0.0,0.5621271188826314,2.7966344156253276,-0.3570788961668927
2025-05-21T00:41:30.309189,0.0,0.0,0.0,0.5621271188826314,2.7966344156253276,-0.3570788961668927
2025-05-21T00:41:30.409260,0.0,0.0,0.0,0.5621271188826314,2.7966344156253276,-0.3570788961668927
2025-05-21T00:41:30.509199,0.0,0.0,0.0,0.5621271188826314,2.7966344156253276,-0.3570788961668927
2025-05-21T00:41:30.609228,0.0,0.0,0.0,0.5621271188826314,2.7966344156253276,-0.3570788961668927
2025-05-21T00:41:30.709189,0.0,0.0,0.0,0.5621271188826314,2.7966344156253276,-0.3570788961668927
2025-05-21T00:41:30.809210,0.0,0.0,0.0,0.5621271188826314,2.7966344156253276,-0.3570788961668927
2025-05-21T00:41:30.909251,0.0,0.0,0.0,0.5621271188826314,2.7966344156253276,-0.3570788961668927
2025-05-21T00:41:31.009312,0.0,0.0,0.0,0.5621271188826314,2.7966344156253276,-0.3570788961668927
2025-05-21T00:41:31.109213,0.0,0.0,0.0,0.5621271188826314,2.7966344156253276,-0.3570788961668927
2025-05-21T00:41:31.209234,0.0,0.0,0.0,0.5621271188826314,2.7966344156253276,-0.3570788961668927
2025-05-21T00:41:31.309184,0.0,0.0,0.0,0.5621271188826314,2.7966344156253276,-0.3570788961668927
2025-05-21T00:41:31.409223,0.0,0.0,0.0,0.5621271188826314,2.7966344156253276,-0.3570788961668927
2025-05-21T00:41:31.509221,0.0,0.0,0.0,0.5621271188826314,2.7966344156253276,-0.3570788961668927
2025-05-21T00:41:31.609214,0.0,0.0,0.0,0.5621271188826314,2.7966344156253276,-0.3570788961668927
2025-05-21T00:41:31.709190,0.0,0.0,0.0,0.5621271188826314,2.7966344156253276,-0.3570788961668927
2025-05-21T00:41:31.809241,0.0,0.0,0.0,0.5621271188826314,2.7966344156253276,-0.3570788961668927
2025-05-21T00:41:31.909206,0.0,0.0,0.0,0.5621271188826314,2.7966344156253276,-0.3570788961668927
2025-05-21T00:41:32.009216,0.0,0.0,0.0,0.5621271188826314,2.7966344156253276,-0.3570788961668927
2025-05-21T00:41:32.109186,0.0,0.0,0.0,0.5621271188826314,2.7966344156253276,-0.3570788961668927
2025-05-21T00:41:32.209232,0.0,0.0,0.0,0.5621271188826314,2.7966344156253276,-0.3570788961668927
2025-05-21T00:41:32.309200,0.0,0.0,0.0,0.5621271188826314,2.7966344156253276,-0.3570788961668927
2025-05-21T00:41:32.409201,0.0,0.0,0.0,0.5621271188826314,2.7966344156253276,-0.3570788961668927
2025-05-21T00:41:32.509193,0.0,0.0,0.0,0.5621271188826314,2.7966344156253276,-0.3570788961668927
2025-05-21T00:41:32.609211,0.0,0.0,0.0,0.5621271188826314,2.7966344156253276,-0.3570788961668927
2025-05-21T00:41:32.709200,0.0,0.0,0.0,0.5621271188826314,2.7966344156253276,-0.3570788961668927
2025-05-21T00:41:32.809204,0.0,0.0,0.0,0.5621271188826314,2.7966344156253276,-0.3570788961668927
2025-05-21T00:41:32.909179,0.0,0.0,0.0,0.5621271188826314,2.7966344156253276,-0.3570788961668927
2025-05-21T00:41:33.009254,0.0,0.0,0.0,0.5621271188826314,2.7966344156253276,-0.3570788961668927
2025-05-21T00:41:33.109201,0.0,0.0,0.0,0.5621271188826314,2.7966344156253276,-0.3570788961668927
2025-05-21T00:41:33.209182,0.0,0.0,0.0,0.5621271188826314,2.7966344156253276,-0.3570788961668927
2025-05-21T00:41:33.309241,0.0,0.0,0.0,0.5621271188826314,2.7966344156253276,-0.3570788961668927
2025-05-21T00:41:33.409224,0.0,0.0,0.0,0.5621271188826314,2.7966344156253276,-0.3570788961668927
2025-05-21T00:41:33.509245,0.0,0.0,0.0,0.5621271188826314,2.7966344156253276,-0.3570788961668927
2025-05-21T00:41:33.609191,0.0,0.0,0.0,0.5621271188826314,2.7966344156253276,-0.3570788961668927
2025-05-21T00:41:33.709325,0.0,0.0,0.0,0.5621271188826314,2.7966344156253276,-0.3570788961668927
2025-05-21T00:41:33.809250,0.0,0.0,0.0,0.5621271188826314,2.7966344156253276,-0.3570788961668927
2025-05-21T00:41:33.909222,0.0,0.0,0.0,0.5621271188826314,2.7966344156253276,-0.3570788961668927
2025-05-21T00:41:34.009205,0.0,0.0,0.0,0.5621271188826314,2.7966344156253276,-0.3570788961668927
2025-05-21T00:41:34.109209,0.10089694928298282,0.0,0.0,0.5668902092374356,2.7948574421630874,-0.3570788961668927
2025-05-21T00:41:34.209245,0.10089694928298282,0.0,0.0,0.5763203767124263,2.791339315044076,-0.3570788961668927
2025-05-21T00:41:34.309195,0.10089694928298282,0.0,0.0,0.5857620838062255,2.787816882821684,-0.3570788961668927
2025-05-21T00:41:34.409189,0.10089694928298282,0.0,0.0,0.5952239401563035,2.7842869334851863,-0.3570788961668927
2025-05-21T00:41:34.509188,0.10089694928298282,0.0,0.0,0.6046552570855114,2.780768377537518,-0.3570788961668927
2025-05-21T00:41:34.609248,0.10089694928298282,0.0,0.0,0.6141466837087862,2.7772273963736085,-0.3570788961668927
2025-05-21T00:41:34.709198,0.10089694928298282,0.0,0.0,0.6235579189966691,2.77371633231483,-0.3570788961668927
2025-05-21T00:41:34.809218,0.10089694928298282,0.0,0.0,0.6330496386180778,2.770175241841655,-0.3570788961668927
2025-05-21T00:41:34.909259,0.10089694928298282,0.0,0.0,0.6424917288632828,2.7666526666763778,-0.3570788961668927
2025-05-21T00:41:35.009221,0.10089694928298282,0.0,0.0,0.6519268773065481,2.7631326812998527,-0.3570788961668927
2025-05-21T00:41:35.109206,0.10089694928298282,0.0,0.0,0.6613714016900953,2.7596091980268307,-0.3570788961668927
2025-05-21T00:41:35.209223,0.10089694928298282,0.0,0.0,0.670855345591799,2.756071008453395,-0.3570788961668927
2025-05-21T00:41:35.309100,0.10089694928298282,0.0,0.0,0.6802824027789077,2.7525540416942786,-0.3570788961668927
2025-05-21T00:41:35.409215,0.10089694928298282,0.0,0.0,0.6897476624150016,2.7490228226886204,-0.3570788961668927
2025-05-21T00:41:35.509216,0.10089694928298282,0.0,0.0,0.6991837800059404,2.7455024757506785,-0.3570788961668927
2025-05-21T00:41:35.609283,0.10089694928298282,0.0,0.0,0.7086471013466875,2.7419719798678535,-0.3570788961668927
2025-05-21T00:41:35.709219,0.10089694928298282,0.0,0.0,0.7181060051771095,2.7384431320324163,-0.3570788961668927
2025-05-21T00:41:35.809228,0.10089694928298282,0.0,0.0,0.7275573361326885,2.7349171094210725,-0.3570788961668927
2025-05-21T00:41:35.909214,0.10089694928298282,0.0,0.0,0.7369991333797595,2.7313946435650602,-0.3570788961668927
2025-05-21T00:41:36.009217,0.0,0.0,0.0,0.7417582119139623,2.729619166798917,-0.3570788961668927
2025-05-21T00:41:36.109182,0.0,0.0,0.0,0.7417582119139623,2.729619166798917,-0.3570788961668927
2025-05-21T00:41:36.209213,0.0,0.0,0.0,0.7417582119139623,2.729619166798917,-0.3570788961668927
2025-05-21T00:41:36.309189,0.0,0.0,0.0,0.7417582119139623,2.729619166798917,-0.3570788961668927
2025-05-21T00:41:36.409316,0.0,0.0,0.0,0.7417582119139623,2.729619166798917,-0.3570788961668927
2025-05-21T00:41:36.509256,0.0,0.0,0.0,0.7417582119139623,2.729619166798917,-0.3570788961668927
2025-05-21T00:41:36.609315,0.0,0.0,0.0,0.7417582119139623,2.729619166798917,-0.3570788961668927
2025-05-21T00:41:36.709214,0.0,0.0,0.0,0.7417582119139623,2.729619166798917,-0.3570788961668927
2025-05-21T00:41:36.809301,0.0,0.0,0.0,0.7417582119139623,2.729619166798917,-0.3570788961668927
2025-05-21T00:41:36.909243,0.0,0.0,0.0,0.7417582119139623,2.729619166798917,-0.3570788961668927
2025-05-21T00:41:37.009264,0.0,0.0,0.0,0.7417582119139623,2.729619166798917,-0.3570788961668927
2025-05-21T00:41:37.109404,0.0,0.0,0.0,0.7417582119139623,2.729619166798917,-0.3570788961668927
2025-05-21T00:41:37.209471,0.0,0.0,0.0,0.7417582119139623,2.729619166798917,-0.3570788961668927
2025-05-21T00:41:37.309283,0.0,0.0,0.0,0.7417582119139623,2.729619166798917,-0.3570788961668927
2025-05-21T00:41:37.409440,0.0,0.0,0.0,0.7417582119139623,2.729619166798917,-0.3570788961668927
2025-05-21T00:41:37.509432,0.0,0.0,0.0,0.7417582119139623,2.729619166798917,-0.3570788961668927
2025-05-21T00:41:37.609253,0.0,0.0,0.0,0.7417582119139623,2.729619166798917,-0.3570788961668927
2025-05-21T00:41:37.709446,0.0,0.0,0.0,0.7417582119139623,2.729619166798917,-0.3570788961668927
2025-05-21T00:41:37.809210,0.0,0.0,0.0,0.7417582119139623,2.729619166798917,-0.3570788961668927
2025-05-21T00:41:37.909226,0.0,0.0,0.0,0.7417582119139623,2.729619166798917,-0.3570788961668927
2025-05-21T00:41:38.009345,0.0,0.0,0.0,0.7417582119139623,2.729619166798917,-0.3570788961668927
2025-05-21T00:41:38.109564,0.0,0.0,0.0,0.7417582119139623,2.729619166798917,-0.3570788961668927
2025-05-21T00:41:38.215039,0.0,0.0,0.0,0.7417582119139623,2.729619166798917,-0.3570788961668927
2025-05-21T00:41:38.309319,0.0,0.0,0.0,0.7417582119139623,2.729619166798917,-0.3570788961668927
2025-05-21T00:41:38.409263,0.0,0.0,0.0,0.7417582119139623,2.729619166798917,-0.3570788961668927
2025-05-21T00:41:38.509547,0.0,0.0,0.0,0.7417582119139623,2.729619166798917,-0.3570788961668927
2025-05-21T00:41:38.609391,0.0,0.0,0.0,0.7417582119139623,2.729619166798917,-0.3570788961668927
2025-05-21T00:41:38.709254,0.0,0.0,0.0,0.7417582119139623,2.729619166798917,-0.3570788961668927
2025-05-21T00:41:38.809498,0.0,0.0,0.0,0.7417582119139623,2.729619166798917,-0.3570788961668927
2025-05-21T00:41:38.909184,0.0,0.0,0.0,0.7417582119139623,2.729619166798917,-0.3570788961668927
2025-05-21T00:41:39.009219,0.0,0.0,0.0,0.7417582119139623,2.729619166798917,-0.3570788961668927
2025-05-21T00:41:39.109201,0.0,0.0,0.0,0.7417582119139623,2.729619166798917,-0.3570788961668927
2025-05-21T00:41:39.209182,0.0,0.0,0.0,0.7417582119139623,2.729619166798917,-0.3570788961668927
2025-05-21T00:41:39.309178,0.0,0.0,0.0,0.7417582119139623,2.729619166798917,-0.3570788961668927
2025-05-21T00:41:39.409228,0.0,0.0,0.0,0.7417582119139623,2.729619166798917,-0.3570788961668927
2025-05-21T00:41:39.509198,0.0,0.0,0.0,0.7417582119139623,2.729619166798917,-0.3570788961668927
2025-05-21T00:41:39.609214,0.0,0.0,0.0,0.7417582119139623,2.729619166798917,-0.3570788961668927
2025-05-21T00:41:39.709205,0.0,0.0,0.0,0.7417582119139623,2.729619166798917,-0.3570788961668927
2025-05-21T00:41:39.809196,0.0,0.0,0.0,0.7417582119139623,2.729619166798917,-0.3570788961668927
2025-05-21T00:41:39.909230,0.0,0.0,0.0,0.7417582119139623,2.729619166798917,-0.3570788961668927
2025-05-21T00:41:40.009239,0.0,0.0,0.0,0.7417582119139623,2.729619166798917,-0.3570788961668927
2025-05-21T00:41:40.109434,0.0,0.0,0.0,0.7417582119139623,2.729619166798917,-0.3570788961668927
2025-05-21T00:41:40.209220,0.0,0.0,0.0,0.7417582119139623,2.729619166798917,-0.3570788961668927
2025-05-21T00:41:40.309190,0.0,0.0,0.0,0.7417582119139623,2.729619166798917,-0.3570788961668927
2025-05-21T00:41:40.409283,0.0,0.0,0.0,0.7417582119139623,2.729619166798917,-0.3570788961668927
2025-05-21T00:41:40.509210,0.0,0.0,0.0,0.7417582119139623,2.729619166798917,-0.3570788961668927
2025-05-21T00:41:40.609242,0.0,0.0,0.0,0.7417582119139623,2.729619166798917,-0.3570788961668927
2025-05-21T00:41:40.709182,0.0,0.0,0.0,0.7417582119139623,2.729619166798917,-0.3570788961668927
2025-05-21T00:41:40.809294,0.0,0.0,0.0,0.7417582119139623,2.729619166798917,-0.3570788961668927
2025-05-21T00:41:40.909197,0.0,0.0,0.0,0.7417582119139623,2.729619166798917,-0.3570788961668927
2025-05-21T00:41:41.009252,0.0,0.0,0.0,0.7417582119139623,2.729619166798917,-0.3570788961668927
2025-05-21T00:41:41.109337,0.0,0.0,0.0,0.7417582119139623,2.729619166798917,-0.3570788961668927
2025-05-21T00:41:41.209234,0.0,0.0,0.0,0.7417582119139623,2.729619166798917,-0.3570788961668927
2025-05-21T00:41:41.309229,0.0,0.0,0.0,0.7417582119139623,2.729619166798917,-0.3570788961668927
2025-05-21T00:41:41.409221,0.0,0.0,0.0,0.7417582119139623,2.729619166798917,-0.3570788961668927
2025-05-21T00:41:41.509204,0.0,0.0,0.0,0.7417582119139623,2.729619166798917,-0.3570788961668927
2025-05-21T00:41:41.609302,0.0,0.0,0.0,0.7417582119139623,2.729619166798917,-0.3570788961668927
2025-05-21T00:41:41.709198,0.0,0.0,0.0,0.7417582119139623,2.729619166798917,-0.3570788961668927
2025-05-21T00:41:41.809243,0.0,0.0,0.0,0.7417582119139623,2.729619166798917,-0.3570788961668927
2025-05-21T00:41:41.909194,0.0,0.0,0.0,0.7417582119139623,2.729619166798917,-0.3570788961668927
2025-05-21T00:41:42.009355,0.0,0.0,0.0,0.7417582119139623,2.729619166798917,-0.3570788961668927
2025-05-21T00:41:42.109262,0.0,0.0,0.0,0.7417582119139623,2.729619166798917,-0.3570788961668927
2025-05-21T00:41:42.209235,0.0,0.0,0.0,0.7417582119139623,2.729619166798917,-0.3570788961668927
2025-05-21T00:41:42.309213,0.0,0.0,0.0,0.7417582119139623,2.729619166798917,-0.3570788961668927
2025-05-21T00:41:42.409198,0.0,0.0,0.0,0.7417582119139623,2.729619166798917,-0.3570788961668927
2025-05-21T00:41:42.509382,0.0,0.0,0.0,0.7417582119139623,2.729619166798917,-0.3570788961668927
2025-05-21T00:41:42.609268,0.0,0.0,0.0,0.7417582119139623,2.729619166798917,-0.3570788961668927
2025-05-21T00:41:42.709213,0.0,0.0,0.0,0.7417582119139623,2.729619166798917,-0.3570788961668927
2025-05-21T00:41:42.809505,0.0,0.0,0.0,0.7417582119139623,2.729619166798917,-0.3570788961668927
2025-05-21T00:41:42.909278,0.0,0.0,0.0,0.7417582119139623,2.729619166798917,-0.3570788961668927
2025-05-21T00:41:43.009226,0.0,0.0,0.0,0.7417582119139623,2.729619166798917,-0.3570788961668927
2025-05-21T00:41:43.109210,0.0,0.0,0.0,0.7417582119139623,2.729619166798917,-0.3570788961668927
2025-05-21T00:41:43.209248,0.0,0.0,0.0,0.7417582119139623,2.729619166798917,-0.3570788961668927
2025-05-21T00:41:43.309220,0.0,0.0,0.0,0.7417582119139623,2.729619166798917,-0.3570788961668927
2025-05-21T00:41:43.409323,0.0,0.0,0.0,0.7417582119139623,2.729619166798917,-0.3570788961668927
2025-05-21T00:41:43.509224,0.0,0.0,0.0,0.7417582119139623,2.729619166798917,-0.3570788961668927
2025-05-21T00:41:43.609366,0.0,0.0,0.0,0.7417582119139623,2.729619166798917,-0.3570788961668927
2025-05-21T00:41:43.709246,0.0,0.0,0.0,0.7417582119139623,2.729619166798917,-0.3570788961668927
2025-05-21T00:41:43.809328,0.0,0.0,0.0,0.7417582119139623,2.729619166798917,-0.3570788961668927
2025-05-21T00:41:43.909257,0.0,0.0,0.0,0.7417582119139623,2.729619166798917,-0.3570788961668927
2025-05-21T00:41:44.009234,0.0,0.0,0.0,0.7417582119139623,2.729619166798917,-0.3570788961668927
2025-05-21T00:41:44.109200,0.0,0.0,0.0,0.7417582119139623,2.729619166798917,-0.3570788961668927
2025-05-21T00:41:44.209262,0.0,0.0,0.0,0.7417582119139623,2.729619166798917,-0.3570788961668927
2025-05-21T00:41:44.309411,0.0,0.0,0.0,0.7417582119139623,2.729619166798917,-0.3570788961668927
2025-05-21T00:41:44.409260,0.0,0.0,0.0,0.7417582119139623,2.729619166798917,-0.3570788961668927
2025-05-21T00:41:44.509241,0.0,0.0,0.0,0.7417582119139623,2.729619166798917,-0.3570788961668927
2025-05-21T00:41:44.609323,0.0,0.0,0.0,0.7417582119139623,2.729619166798917,-0.3570788961668927
2025-05-21T00:41:44.709427,0.0,0.0,0.0,0.7417582119139623,2.729619166798917,-0.3570788961668927
2025-05-21T00:41:44.809195,0.0,0.0,0.0,0.7417582119139623,2.729619166798917,-0.3570788961668927
2025-05-21T00:41:44.909191,0.0,0.0,0.0,0.7417582119139623,2.729619166798917,-0.3570788961668927
2025-05-21T00:41:45.009205,0.0,0.0,0.0,0.7417582119139623,2.729619166798917,-0.3570788961668927
2025-05-21T00:41:45.109203,0.0,0.0,0.0,0.7417582119139623,2.729619166798917,-0.3570788961668927
2025-05-21T00:41:45.209210,0.0,0.0,0.0,0.7417582119139623,2.729619166798917,-0.3570788961668927
2025-05-21T00:41:45.309205,0.0,0.0,0.0,0.7417582119139623,2.729619166798917,-0.3570788961668927
2025-05-21T00:41:45.409220,0.0,0.0,0.0,0.7417582119139623,2.729619166798917,-0.3570788961668927
2025-05-21T00:41:45.509521,0.0,0.0,0.0,0.7417582119139623,2.729619166798917,-0.3570788961668927
2025-05-21T00:41:45.609187,0.0,0.0,0.0,0.7417582119139623,2.729619166798917,-0.3570788961668927
2025-05-21T00:41:45.709184,0.0,0.0,0.0,0.7417582119139623,2.729619166798917,-0.3570788961668927
2025-05-21T00:41:45.809313,0.0,0.0,0.0,0.7417582119139623,2.729619166798917,-0.3570788961668927
2025-05-21T00:41:45.909220,0.0,0.0,0.0,0.7417582119139623,2.729619166798917,-0.3570788961668927
2025-05-21T00:41:46.009232,0.0,0.0,0.0,0.7417582119139623,2.729619166798917,-0.3570788961668927
2025-05-21T00:41:46.109190,0.0,0.0,0.0,0.7417582119139623,2.729619166798917,-0.3570788961668927
2025-05-21T00:41:46.209240,0.0,0.0,0.0,0.7417582119139623,2.729619166798917,-0.3570788961668927
2025-05-21T00:41:46.309218,0.0,0.0,0.0,0.7417582119139623,2.729619166798917,-0.3570788961668927
2025-05-21T00:41:46.409298,0.0,0.0,0.0,0.7417582119139623,2.729619166798917,-0.3570788961668927
2025-05-21T00:41:46.509248,0.0,0.0,0.0,0.7417582119139623,2.729619166798917,-0.3570788961668927
2025-05-21T00:41:46.609196,0.0,0.0,0.0,0.7417582119139623,2.729619166798917,-0.3570788961668927
2025-05-21T00:41:46.709258,0.0,0.0,0.0,0.7417582119139623,2.729619166798917,-0.3570788961668927
2025-05-21T00:41:46.809196,0.0,0.0,0.0,0.7417582119139623,2.729619166798917,-0.3570788961668927
2025-05-21T00:41:46.909206,0.0,0.0,0.0,0.7417582119139623,2.729619166798917,-0.3570788961668927
2025-05-21T00:41:47.009228,0.0,0.0,0.0,0.7417582119139623,2.729619166798917,-0.3570788961668927
2025-05-21T00:41:47.109224,0.0,0.0,0.0,0.7417582119139623,2.729619166798917,-0.3570788961668927
2025-05-21T00:41:47.209305,0.0,0.0,0.0,0.7417582119139623,2.729619166798917,-0.3570788961668927
2025-05-21T00:41:47.309205,0.0,0.0,0.0,0.7417582119139623,2.729619166798917,-0.3570788961668927
2025-05-21T00:41:47.409324,0.0,0.0,0.0,0.7417582119139623,2.729619166798917,-0.3570788961668927
2025-05-21T00:41:47.509193,0.0,0.0,0.0,0.7417582119139623,2.729619166798917,-0.3570788961668927
2025-05-21T00:41:47.609226,0.0,0.0,0.0,0.7417582119139623,2.729619166798917,-0.3570788961668927
2025-05-21T00:41:47.709218,0.0,0.0,0.0,0.7417582119139623,2.729619166798917,-0.3570788961668927
2025-05-21T00:41:47.809225,0.0,0.0,0.0,0.7417582119139623,2.729619166798917,-0.3570788961668927
2025-05-21T00:41:47.909216,0.0,0.0,0.0,0.7417582119139623,2.729619166798917,-0.3570788961668927
2025-05-21T00:41:48.009236,0.0,0.0,0.0,0.7417582119139623,2.729619166798917,-0.3570788961668927
2025-05-21T00:41:48.109236,0.0,0.0,0.0,0.7417582119139623,2.729619166798917,-0.3570788961668927
2025-05-21T00:41:48.209260,0.0,0.0,0.0,0.7417582119139623,2.729619166798917,-0.3570788961668927
2025-05-21T00:41:48.309311,0.0,0.0,0.0,0.7417582119139623,2.729619166798917,-0.3570788961668927
2025-05-21T00:41:48.409516,0.0,0.0,0.0,0.7417582119139623,2.729619166798917,-0.3570788961668927
2025-05-21T00:41:48.509194,0.0,0.0,0.0,0.7417582119139623,2.729619166798917,-0.3570788961668927
2025-05-21T00:41:48.609298,0.0,0.0,0.0,0.7417582119139623,2.729619166798917,-0.3570788961668927
2025-05-21T00:41:48.709348,0.0,0.0,0.0,0.7417582119139623,2.729619166798917,-0.3570788961668927
2025-05-21T00:41:48.809266,0.0,0.0,0.0,0.7417582119139623,2.729619166798917,-0.3570788961668927
2025-05-21T00:41:48.909191,0.0,0.0,0.0,0.7417582119139623,2.729619166798917,-0.3570788961668927
2025-05-21T00:41:49.009301,0.0,0.0,0.0,0.7417582119139623,2.729619166798917,-0.3570788961668927
2025-05-21T00:41:49.109193,0.0,0.0,0.0,0.7417582119139623,2.729619166798917,-0.3570788961668927
2025-05-21T00:41:49.209186,0.0,0.0,0.0,0.7417582119139623,2.729619166798917,-0.3570788961668927
2025-05-21T00:41:49.309221,0.0,0.0,0.0,0.7417582119139623,2.729619166798917,-0.3570788961668927
2025-05-21T00:41:49.409211,0.0,0.0,0.0,0.7417582119139623,2.729619166798917,-0.3570788961668927
2025-05-21T00:41:49.509265,0.0,0.0,0.0,0.7417582119139623,2.729619166798917,-0.3570788961668927
2025-05-21T00:41:49.609261,0.0,0.0,0.0,0.7417582119139623,2.729619166798917,-0.3570788961668927
2025-05-21T00:41:49.709208,0.0,0.0,0.0,0.7417582119139623,2.729619166798917,-0.3570788961668927
2025-05-21T00:41:49.809205,0.0,0.0,0.0,0.7417582119139623,2.729619166798917,-0.3570788961668927
2025-05-21T00:41:49.909239,0.0,0.0,0.0,0.7417582119139623,2.729619166798917,-0.3570788961668927
2025-05-21T00:41:50.009196,0.0,0.0,0.0,0.7417582119139623,2.729619166798917,-0.3570788961668927
2025-05-21T00:41:50.109219,0.0,0.0,0.0,0.7417582119139623,2.729619166798917,-0.3570788961668927
2025-05-21T00:41:50.209214,0.0,0.0,0.0,0.7417582119139623,2.729619166798917,-0.3570788961668927
2025-05-21T00:41:50.309201,0.0,0.0,0.0,0.7417582119139623,2.729619166798917,-0.3570788961668927
2025-05-21T00:41:50.409194,0.0,0.0,0.0,0.7417582119139623,2.729619166798917,-0.3570788961668927
2025-05-21T00:41:50.509274,0.0,0.0,0.0,0.7417582119139623,2.729619166798917,-0.3570788961668927
2025-05-21T00:41:50.609242,0.0,0.0,0.0,0.7417582119139623,2.729619166798917,-0.3570788961668927
2025-05-21T00:41:50.709223,0.0,0.0,0.0,0.7417582119139623,2.729619166798917,-0.3570788961668927
2025-05-21T00:41:50.809184,0.0,0.0,0.0,0.7417582119139623,2.729619166798917,-0.3570788961668927
2025-05-21T00:41:50.909189,0.0,0.0,0.0,0.7417582119139623,2.729619166798917,-0.3570788961668927
2025-05-21T00:41:51.009236,0.0,0.0,0.0,0.7417582119139623,2.729619166798917,-0.3570788961668927
2025-05-21T00:41:51.109247,0.0,0.0,0.0,0.7417582119139623,2.729619166798917,-0.3570788961668927
2025-05-21T00:41:51.209384,0.0,0.0,0.0,0.7417582119139623,2.729619166798917,-0.3570788961668927
2025-05-21T00:41:51.309285,0.0,0.0,0.0,0.7417582119139623,2.729619166798917,-0.3570788961668927
2025-05-21T00:41:51.411372,0.0,0.0,0.0,0.7417582119139623,2.729619166798917,-0.3570788961668927
2025-05-21T00:41:51.509213,0.0,0.0,0.0,0.7417582119139623,2.729619166798917,-0.3570788961668927
2025-05-21T00:41:51.609225,0.0,0.0,0.0,0.7417582119139623,2.729619166798917,-0.3570788961668927
2025-05-21T00:41:51.709244,0.0,0.0,0.0,0.7417582119139623,2.729619166798917,-0.3570788961668927
2025-05-21T00:41:51.809228,0.0,0.0,0.0,0.7417582119139623,2.729619166798917,-0.3570788961668927
2025-05-21T00:41:51.909228,0.0,0.0,0.0,0.7417582119139623,2.729619166798917,-0.3570788961668927
2025-05-21T00:41:52.009250,0.0,0.0,0.0,0.7417582119139623,2.729619166798917,-0.3570788961668927
2025-05-21T00:41:52.109324,0.0,0.0,0.0,0.7417582119139623,2.729619166798917,-0.3570788961668927
2025-05-21T00:41:52.209291,0.0,0.0,0.0,0.7417582119139623,2.729619166798917,-0.3570788961668927
2025-05-21T00:41:52.309194,0.0,0.0,0.0,0.7417582119139623,2.729619166798917,-0.3570788961668927
2025-05-21T00:41:52.409240,0.0,0.0,0.0,0.7417582119139623,2.729619166798917,-0.3570788961668927
2025-05-21T00:41:52.509190,0.0,0.0,0.0,0.7417582119139623,2.729619166798917,-0.3570788961668927
2025-05-21T00:41:52.609308,0.0,0.0,0.0,0.7417582119139623,2.729619166798917,-0.3570788961668927
2025-05-21T00:41:52.709208,0.0,0.0,0.0,0.7417582119139623,2.729619166798917,-0.3570788961668927
2025-05-21T00:41:52.809183,0.0,0.0,0.0,0.7417582119139623,2.729619166798917,-0.3570788961668927
2025-05-21T00:41:52.909202,0.0,0.0,0.0,0.7417582119139623,2.729619166798917,-0.3570788961668927
2025-05-21T00:41:53.009306,0.0,0.0,0.0,0.7417582119139623,2.729619166798917,-0.3570788961668927
2025-05-21T00:41:53.109203,0.0,0.0,0.0,0.7417582119139623,2.729619166798917,-0.3570788961668927
2025-05-21T00:41:53.209190,0.0,0.0,0.0,0.7417582119139623,2.729619166798917,-0.3570788961668927
2025-05-21T00:41:53.309216,0.0,0.0,0.0,0.7417582119139623,2.729619166798917,-0.3570788961668927
2025-05-21T00:41:53.409389,0.0,0.0,0.0,0.7417582119139623,2.729619166798917,-0.3570788961668927
2025-05-21T00:41:53.509208,0.0,0.0,0.0,0.7417582119139623,2.729619166798917,-0.3570788961668927
2025-05-21T00:41:53.609227,0.0,0.0,0.0,0.7417582119139623,2.729619166798917,-0.3570788961668927
2025-05-21T00:41:53.709243,0.0,0.0,0.0,0.7417582119139623,2.729619166798917,-0.3570788961668927
2025-05-21T00:41:53.809261,0.0,0.0,0.0,0.7417582119139623,2.729619166798917,-0.3570788961668927
2025-05-21T00:41:53.909232,0.0,0.0,0.0,0.7417582119139623,2.729619166798917,-0.3570788961668927
2025-05-21T00:41:54.009238,0.0,0.0,0.0,0.7417582119139623,2.729619166798917,-0.3570788961668927
2025-05-21T00:41:54.109202,0.0,0.0,0.0,0.7417582119139623,2.729619166798917,-0.3570788961668927
2025-05-21T00:41:54.209231,0.0,0.0,0.0,0.7417582119139623,2.729619166798917,-0.3570788961668927
2025-05-21T00:41:54.309236,0.0,0.0,0.0,0.7417582119139623,2.729619166798917,-0.3570788961668927
2025-05-21T00:41:54.409220,0.0,0.0,0.0,0.7417582119139623,2.729619166798917,-0.3570788961668927
2025-05-21T00:41:54.509481,0.0,0.0,0.0,0.7417582119139623,2.729619166798917,-0.3570788961668927
2025-05-21T00:41:54.609586,0.0,0.0,0.0,0.7417582119139623,2.729619166798917,-0.3570788961668927
2025-05-21T00:41:54.709562,0.0,0.0,0.0,0.7417582119139623,2.729619166798917,-0.3570788961668927
2025-05-21T00:41:54.809216,0.0,0.0,0.0,0.7417582119139623,2.729619166798917,-0.3570788961668927
2025-05-21T00:41:54.909266,0.0,0.0,0.0,0.7417582119139623,2.729619166798917,-0.3570788961668927
2025-05-21T00:41:55.009224,0.0,0.0,0.0,0.7417582119139623,2.729619166798917,-0.3570788961668927
2025-05-21T00:41:55.109212,0.0,0.0,0.0,0.7417582119139623,2.729619166798917,-0.3570788961668927
2025-05-21T00:41:55.209196,0.0,0.0,0.0,0.7417582119139623,2.729619166798917,-0.3570788961668927
2025-05-21T00:41:55.309260,0.0,0.0,0.0,0.7417582119139623,2.729619166798917,-0.3570788961668927
2025-05-21T00:41:55.409235,0.0,0.0,0.0,0.7417582119139623,2.729619166798917,-0.3570788961668927
2025-05-21T00:41:55.509233,0.0,0.0,0.0,0.7417582119139623,2.729619166798917,-0.3570788961668927
2025-05-21T00:41:55.609230,0.0,0.0,0.0,0.7417582119139623,2.729619166798917,-0.3570788961668927
2025-05-21T00:41:55.709185,0.0,0.0,0.0,0.7417582119139623,2.729619166798917,-0.3570788961668927
2025-05-21T00:41:55.809227,0.0,0.0,0.0,0.7417582119139623,2.729619166798917,-0.3570788961668927
2025-05-21T00:41:55.909224,0.0,0.0,0.0,0.7417582119139623,2.729619166798917,-0.3570788961668927
2025-05-21T00:41:56.009253,0.0,0.0,0.0,0.7417582119139623,2.729619166798917,-0.3570788961668927
2025-05-21T00:41:56.109237,0.0,0.0,0.0,0.7417582119139623,2.729619166798917,-0.3570788961668927
2025-05-21T00:41:56.209207,0.0,0.0,0.0,0.7417582119139623,2.729619166798917,-0.3570788961668927
2025-05-21T00:41:56.309563,0.0,0.0,0.0,0.7417582119139623,2.729619166798917,-0.3570788961668927
2025-05-21T00:41:56.409211,0.0,0.0,0.0,0.7417582119139623,2.729619166798917,-0.3570788961668927
2025-05-21T00:41:56.509208,0.0,0.0,0.0,0.7417582119139623,2.729619166798917,-0.3570788961668927
2025-05-21T00:41:56.609257,0.0,0.0,0.0,0.7417582119139623,2.729619166798917,-0.3570788961668927
2025-05-21T00:41:56.709213,0.0,0.0,0.0,0.7417582119139623,2.729619166798917,-0.3570788961668927
2025-05-21T00:41:56.809197,0.0,0.0,0.0,0.7417582119139623,2.729619166798917,-0.3570788961668927
2025-05-21T00:41:56.909315,0.0,0.0,0.0,0.7417582119139623,2.729619166798917,-0.3570788961668927
2025-05-21T00:41:57.009199,0.0,0.0,0.0,0.7417582119139623,2.729619166798917,-0.3570788961668927
2025-05-21T00:41:57.109222,0.0,0.0,0.0,0.7417582119139623,2.729619166798917,-0.3570788961668927
2025-05-21T00:41:57.209262,0.0,0.0,0.0,0.7417582119139623,2.729619166798917,-0.3570788961668927
2025-05-21T00:41:57.309182,0.0,0.0,0.0,0.7417582119139623,2.729619166798917,-0.3570788961668927
2025-05-21T00:41:57.409204,0.0,0.0,0.0,0.7417582119139623,2.729619166798917,-0.3570788961668927
2025-05-21T00:41:57.509195,0.0,0.0,0.0,0.7417582119139623,2.729619166798917,-0.3570788961668927
2025-05-21T00:41:57.609212,0.0,0.0,0.0,0.7417582119139623,2.729619166798917,-0.3570788961668927
2025-05-21T00:41:57.709188,0.0,0.0,0.0,0.7417582119139623,2.729619166798917,-0.3570788961668927
2025-05-21T00:41:57.809212,0.0,0.0,0.0,0.7417582119139623,2.729619166798917,-0.3570788961668927
2025-05-21T00:41:57.909222,0.0,0.0,0.0,0.7417582119139623,2.729619166798917,-0.3570788961668927
2025-05-21T00:41:58.009190,0.0,0.0,0.0,0.7417582119139623,2.729619166798917,-0.3570788961668927
2025-05-21T00:41:58.109189,0.0,0.0,0.0,0.7417582119139623,2.729619166798917,-0.3570788961668927
2025-05-21T00:41:58.210695,0.0,0.0,0.0,0.7417582119139623,2.729619166798917,-0.3570788961668927
2025-05-21T00:41:58.309471,0.0,0.0,0.0,0.7417582119139623,2.729619166798917,-0.3570788961668927
2025-05-21T00:41:58.409195,0.0,0.0,0.0,0.7417582119139623,2.729619166798917,-0.3570788961668927
2025-05-21T00:41:58.509225,0.0,0.0,0.0,0.7417582119139623,2.729619166798917,-0.3570788961668927
2025-05-21T00:41:58.609241,0.0,0.0,0.0,0.7417582119139623,2.729619166798917,-0.3570788961668927
2025-05-21T00:41:58.709230,0.0,0.0,0.0,0.7417582119139623,2.729619166798917,-0.3570788961668927
2025-05-21T00:41:58.809275,0.0,0.0,0.0,0.7417582119139623,2.729619166798917,-0.3570788961668927
2025-05-21T00:41:58.909224,0.0,0.0,0.0,0.7417582119139623,2.729619166798917,-0.3570788961668927
2025-05-21T00:41:59.009323,0.0,0.0,0.0,0.7417582119139623,2.729619166798917,-0.3570788961668927
2025-05-21T00:41:59.109244,0.0,0.0,0.0,0.7417582119139623,2.729619166798917,-0.3570788961668927
2025-05-21T00:41:59.209218,0.0,0.0,0.0,0.7417582119139623,2.729619166798917,-0.3570788961668927
2025-05-21T00:41:59.309278,0.0,0.0,0.0,0.7417582119139623,2.729619166798917,-0.3570788961668927
2025-05-21T00:41:59.409232,0.0,0.0,0.0,0.7417582119139623,2.729619166798917,-0.3570788961668927
2025-05-21T00:41:59.509284,0.0,0.0,0.0,0.7417582119139623,2.729619166798917,-0.3570788961668927
2025-05-21T00:41:59.609237,0.0,0.0,0.0,0.7417582119139623,2.729619166798917,-0.3570788961668927
2025-05-21T00:41:59.709213,0.0,0.0,0.0,0.7417582119139623,2.729619166798917,-0.3570788961668927
2025-05-21T00:41:59.809216,0.0,0.0,0.0,0.7417582119139623,2.729619166798917,-0.3570788961668927
2025-05-21T00:41:59.909702,0.0,0.0,0.0,0.7417582119139623,2.729619166798917,-0.3570788961668927
2025-05-21T00:42:00.009400,0.0,0.0,0.0,0.7417582119139623,2.729619166798917,-0.3570788961668927
2025-05-21T00:42:00.109240,0.0,0.0,0.0,0.7417582119139623,2.729619166798917,-0.3570788961668927
2025-05-21T00:42:00.209229,0.0,0.0,0.0,0.7417582119139623,2.729619166798917,-0.3570788961668927
2025-05-21T00:42:00.309230,0.0,0.0,0.0,0.7417582119139623,2.729619166798917,-0.3570788961668927
2025-05-21T00:42:00.409361,0.0,0.0,0.0,0.7417582119139623,2.729619166798917,-0.3570788961668927
2025-05-21T00:42:00.509253,0.0,0.0,0.0,0.7417582119139623,2.729619166798917,-0.3570788961668927
2025-05-21T00:42:00.609303,0.0,0.0,0.0,0.7417582119139623,2.729619166798917,-0.3570788961668927
2025-05-21T00:42:00.709223,0.0,0.0,0.0,0.7417582119139623,2.729619166798917,-0.3570788961668927
2025-05-21T00:42:00.809215,0.0,0.0,0.0,0.7417582119139623,2.729619166798917,-0.3570788961668927
2025-05-21T00:42:00.909203,0.0,0.0,0.0,0.7417582119139623,2.729619166798917,-0.3570788961668927
2025-05-21T00:42:01.009259,0.0,0.0,0.0,0.7417582119139623,2.729619166798917,-0.3570788961668927
2025-05-21T00:42:01.109227,0.0,0.0,0.0,0.7417582119139623,2.729619166798917,-0.3570788961668927
2025-05-21T00:42:01.209203,0.0,0.0,0.0,0.7417582119139623,2.729619166798917,-0.3570788961668927
2025-05-21T00:42:01.309203,0.0,0.0,0.0,0.7417582119139623,2.729619166798917,-0.3570788961668927
2025-05-21T00:42:01.409201,0.0,0.0,0.0,0.7417582119139623,2.729619166798917,-0.3570788961668927
2025-05-21T00:42:01.509287,0.0,0.0,0.0,0.7417582119139623,2.729619166798917,-0.3570788961668927
2025-05-21T00:42:01.609257,0.0,0.0,0.0,0.7417582119139623,2.729619166798917,-0.3570788961668927
2025-05-21T00:42:01.709211,0.0,0.0,0.0,0.7417582119139623,2.729619166798917,-0.3570788961668927
2025-05-21T00:42:01.809221,0.0,0.0,0.0,0.7417582119139623,2.729619166798917,-0.3570788961668927
2025-05-21T00:42:01.909200,0.0,0.0,0.0,0.7417582119139623,2.729619166798917,-0.3570788961668927
2025-05-21T00:42:02.009226,0.0,0.0,0.0,0.7417582119139623,2.729619166798917,-0.3570788961668927
2025-05-21T00:42:02.109271,0.0,0.0,0.0,0.7417582119139623,2.729619166798917,-0.3570788961668927
2025-05-21T00:42:02.209239,0.0,0.0,0.0,0.7417582119139623,2.729619166798917,-0.3570788961668927
2025-05-21T00:42:02.309281,0.0,0.0,0.0,0.7417582119139623,2.729619166798917,-0.3570788961668927
2025-05-21T00:42:02.409215,0.0,0.0,0.0,0.7417582119139623,2.729619166798917,-0.3570788961668927
2025-05-21T00:42:02.509187,0.0,0.0,0.0,0.7417582119139623,2.729619166798917,-0.3570788961668927
2025-05-21T00:42:02.609517,0.0,0.0,0.0,0.7417582119139623,2.729619166798917,-0.3570788961668927
2025-05-21T00:42:02.709208,0.0,0.0,0.0,0.7417582119139623,2.729619166798917,-0.3570788961668927
2025-05-21T00:42:02.809260,0.0,0.0,0.0,0.7417582119139623,2.729619166798917,-0.3570788961668927
2025-05-21T00:42:02.909255,0.0,0.0,0.0,0.7417582119139623,2.729619166798917,-0.3570788961668927
2025-05-21T00:42:03.009353,0.0,0.0,0.0,0.7417582119139623,2.729619166798917,-0.3570788961668927
2025-05-21T00:42:03.109199,0.0,0.0,0.0,0.7417582119139623,2.729619166798917,-0.3570788961668927
2025-05-21T00:42:03.209206,0.0,0.0,0.0,0.7417582119139623,2.729619166798917,-0.3570788961668927
2025-05-21T00:42:03.309189,0.0,0.0,0.0,0.7417582119139623,2.729619166798917,-0.3570788961668927
2025-05-21T00:42:03.409238,0.0,0.0,0.0,0.7417582119139623,2.729619166798917,-0.3570788961668927
2025-05-21T00:42:03.509257,0.0,0.0,0.0,0.7417582119139623,2.729619166798917,-0.3570788961668927
2025-05-21T00:42:03.609229,0.0,0.0,0.0,0.7417582119139623,2.729619166798917,-0.3570788961668927
2025-05-21T00:42:03.709208,0.0,0.0,0.0,0.7417582119139623,2.729619166798917,-0.3570788961668927
2025-05-21T00:42:03.809214,0.0,0.0,0.0,0.7417582119139623,2.729619166798917,-0.3570788961668927
2025-05-21T00:42:03.909201,0.0,0.0,0.0,0.7417582119139623,2.729619166798917,-0.3570788961668927
2025-05-21T00:42:04.009177,0.0,0.0,0.0,0.7417582119139623,2.729619166798917,-0.3570788961668927
2025-05-21T00:42:04.109206,0.0,0.0,0.0,0.7417582119139623,2.729619166798917,-0.3570788961668927
2025-05-21T00:42:04.209214,0.0,0.0,0.0,0.7417582119139623,2.729619166798917,-0.3570788961668927
2025-05-21T00:42:04.309188,0.0,0.0,0.0,0.7417582119139623,2.729619166798917,-0.3570788961668927
2025-05-21T00:42:04.409221,0.0,0.0,0.0,0.7417582119139623,2.729619166798917,-0.3570788961668927
2025-05-21T00:42:04.509239,0.0,0.0,0.0,0.7417582119139623,2.729619166798917,-0.3570788961668927
2025-05-21T00:42:04.609250,0.0,0.0,0.0,0.7417582119139623,2.729619166798917,-0.3570788961668927
2025-05-21T00:42:04.709175,0.0,0.0,0.0,0.7417582119139623,2.729619166798917,-0.3570788961668927
2025-05-21T00:42:04.809198,0.0,0.0,0.0,0.7417582119139623,2.729619166798917,-0.3570788961668927
2025-05-21T00:42:04.909174,0.0,0.0,0.0,0.7417582119139623,2.729619166798917,-0.3570788961668927
2025-05-21T00:42:05.009180,0.0,0.0,0.0,0.7417582119139623,2.729619166798917,-0.3570788961668927
2025-05-21T00:42:05.109198,0.0,0.0,0.0,0.7417582119139623,2.729619166798917,-0.3570788961668927
2025-05-21T00:42:05.209224,0.0,0.0,0.0,0.7417582119139623,2.729619166798917,-0.3570788961668927
2025-05-21T00:42:05.309290,0.0,0.0,0.0,0.7417582119139623,2.729619166798917,-0.3570788961668927
2025-05-21T00:42:05.409300,0.0,0.0,0.0,0.7417582119139623,2.729619166798917,-0.3570788961668927
2025-05-21T00:42:05.509193,0.0,0.0,0.0,0.7417582119139623,2.729619166798917,-0.3570788961668927
2025-05-21T00:42:05.609182,0.0,0.0,0.0,0.7417582119139623,2.729619166798917,-0.3570788961668927
2025-05-21T00:42:05.709207,0.0,0.0,0.0,0.7417582119139623,2.729619166798917,-0.3570788961668927
2025-05-21T00:42:05.809239,0.0,0.0,0.0,0.7417582119139623,2.729619166798917,-0.3570788961668927
2025-05-21T00:42:05.909200,0.0,0.0,0.0,0.7417582119139623,2.729619166798917,-0.3570788961668927
2025-05-21T00:42:06.009225,0.0,0.0,0.0,0.7417582119139623,2.729619166798917,-0.3570788961668927
2025-05-21T00:42:06.109177,0.0,0.0,0.0,0.7417582119139623,2.729619166798917,-0.3570788961668927
2025-05-21T00:42:06.209249,0.0,0.0,0.0,0.7417582119139623,2.729619166798917,-0.3570788961668927
2025-05-21T00:42:06.309192,0.0,0.0,0.0,0.7417582119139623,2.729619166798917,-0.3570788961668927
2025-05-21T00:42:06.409196,0.0,0.0,0.0,0.7417582119139623,2.729619166798917,-0.3570788961668927
2025-05-21T00:42:06.509211,0.0,0.0,0.0,0.7417582119139623,2.729619166798917,-0.3570788961668927
2025-05-21T00:42:06.609205,0.0,0.0,0.0,0.7417582119139623,2.729619166798917,-0.3570788961668927
2025-05-21T00:42:06.709209,0.0,0.0,0.0,0.7417582119139623,2.729619166798917,-0.3570788961668927
2025-05-21T00:42:06.809308,0.0,0.0,0.0,0.7417582119139623,2.729619166798917,-0.3570788961668927
2025-05-21T00:42:06.909216,0.0,0.0,0.0,0.7417582119139623,2.729619166798917,-0.3570788961668927
2025-05-21T00:42:07.009306,0.0,0.0,0.0,0.7417582119139623,2.729619166798917,-0.3570788961668927
2025-05-21T00:42:07.109186,0.0,0.0,0.0,0.7417582119139623,2.729619166798917,-0.3570788961668927
2025-05-21T00:42:07.209219,0.0,0.0,0.0,0.7417582119139623,2.729619166798917,-0.3570788961668927
2025-05-21T00:42:07.309188,0.0,0.0,0.0,0.7417582119139623,2.729619166798917,-0.3570788961668927
2025-05-21T00:42:07.409250,0.0,0.0,0.0,0.7417582119139623,2.729619166798917,-0.3570788961668927
2025-05-21T00:42:07.509345,0.0,0.0,0.0,0.7417582119139623,2.729619166798917,-0.3570788961668927
2025-05-21T00:42:07.609268,0.0,0.0,0.0,0.7417582119139623,2.729619166798917,-0.3570788961668927
2025-05-21T00:42:07.709265,0.0,0.0,0.0,0.7417582119139623,2.729619166798917,-0.3570788961668927
2025-05-21T00:42:07.809285,0.0,0.0,0.0,0.7417582119139623,2.729619166798917,-0.3570788961668927
2025-05-21T00:42:07.909271,0.0,0.0,0.0,0.7417582119139623,2.729619166798917,-0.3570788961668927
2025-05-21T00:42:08.009298,0.0,0.0,0.0,0.7417582119139623,2.729619166798917,-0.3570788961668927
2025-05-21T00:42:08.109330,0.0,0.0,0.0,0.7417582119139623,2.729619166798917,-0.3570788961668927
2025-05-21T00:42:08.209270,0.0,0.0,0.0,0.7417582119139623,2.729619166798917,-0.3570788961668927
2025-05-21T00:42:08.309251,0.0,0.0,0.0,0.7417582119139623,2.729619166798917,-0.3570788961668927
2025-05-21T00:42:08.409217,0.0,0.0,0.0,0.7417582119139623,2.729619166798917,-0.3570788961668927
2025-05-21T00:42:08.509277,0.0,0.0,0.0,0.7417582119139623,2.729619166798917,-0.3570788961668927
2025-05-21T00:42:08.609310,0.0,0.0,0.0,0.7417582119139623,2.729619166798917,-0.3570788961668927
2025-05-21T00:42:08.709340,0.0,0.0,0.0,0.7417582119139623,2.729619166798917,-0.3570788961668927
2025-05-21T00:42:08.809279,0.0,0.0,0.0,0.7417582119139623,2.729619166798917,-0.3570788961668927
2025-05-21T00:42:08.909192,0.0,0.0,0.0,0.7417582119139623,2.729619166798917,-0.3570788961668927
2025-05-21T00:42:09.009221,0.0,0.0,0.0,0.7417582119139623,2.729619166798917,-0.3570788961668927
2025-05-21T00:42:09.109240,0.0,0.0,0.0,0.7417582119139623,2.729619166798917,-0.3570788961668927
2025-05-21T00:42:09.209232,0.0,0.0,0.0,0.7417582119139623,2.729619166798917,-0.3570788961668927
2025-05-21T00:42:09.309178,0.0,0.0,0.0,0.7417582119139623,2.729619166798917,-0.3570788961668927
2025-05-21T00:42:09.409406,0.0,0.0,0.0,0.7417582119139623,2.729619166798917,-0.3570788961668927
2025-05-21T00:42:09.509266,0.0,0.0,0.0,0.7417582119139623,2.729619166798917,-0.3570788961668927
2025-05-21T00:42:09.609669,0.0,0.0,0.0,0.7417582119139623,2.729619166798917,-0.3570788961668927
2025-05-21T00:42:09.709213,0.0,0.0,0.0,0.7417582119139623,2.729619166798917,-0.3570788961668927
2025-05-21T00:42:09.809218,0.0,0.0,0.0,0.7417582119139623,2.729619166798917,-0.3570788961668927
2025-05-21T00:42:09.909264,0.0,0.0,0.0,0.7417582119139623,2.729619166798917,-0.3570788961668927
2025-05-21T00:42:10.009408,0.0,0.0,0.0,0.7417582119139623,2.729619166798917,-0.3570788961668927
2025-05-21T00:42:10.109342,0.0,0.0,0.0,0.7417582119139623,2.729619166798917,-0.3570788961668927
2025-05-21T00:42:10.209584,0.0,0.0,0.0,0.7417582119139623,2.729619166798917,-0.3570788961668927
2025-05-21T00:42:10.309528,0.0,0.0,0.0,0.7417582119139623,2.729619166798917,-0.3570788961668927
2025-05-21T00:42:10.409216,0.0,0.0,0.0,0.7417582119139623,2.729619166798917,-0.3570788961668927
2025-05-21T00:42:10.509162,0.0,0.0,0.0,0.7417582119139623,2.729619166798917,-0.3570788961668927
2025-05-21T00:42:10.609292,0.0,0.0,0.0,0.7417582119139623,2.729619166798917,-0.3570788961668927
2025-05-21T00:42:10.709255,0.0,0.0,0.0,0.7417582119139623,2.729619166798917,-0.3570788961668927
2025-05-21T00:42:10.809282,0.0,0.0,0.0,0.7417582119139623,2.729619166798917,-0.3570788961668927
2025-05-21T00:42:10.909222,0.0,0.0,0.0,0.7417582119139623,2.729619166798917,-0.3570788961668927
2025-05-21T00:42:11.009243,0.0,0.0,0.0,0.7417582119139623,2.729619166798917,-0.3570788961668927
2025-05-21T00:42:11.109276,0.0,0.0,0.0,0.7417582119139623,2.729619166798917,-0.3570788961668927
2025-05-21T00:42:11.209219,0.0,0.0,0.0,0.7417582119139623,2.729619166798917,-0.3570788961668927
2025-05-21T00:42:11.309234,0.0,0.0,0.0,0.7417582119139623,2.729619166798917,-0.3570788961668927
2025-05-21T00:42:11.409274,0.0,0.0,0.0,0.7417582119139623,2.729619166798917,-0.3570788961668927
2025-05-21T00:42:11.509232,0.0,0.0,0.0,0.7417582119139623,2.729619166798917,-0.3570788961668927
2025-05-21T00:42:11.609242,0.0,0.0,0.0,0.7417582119139623,2.729619166798917,-0.3570788961668927
2025-05-21T00:42:11.709237,0.0,0.0,0.0,0.7417582119139623,2.729619166798917,-0.3570788961668927
2025-05-21T00:42:11.809269,0.0,0.0,0.0,0.7417582119139623,2.729619166798917,-0.3570788961668927
2025-05-21T00:42:11.909200,0.0,0.0,0.0,0.7417582119139623,2.729619166798917,-0.3570788961668927
2025-05-21T00:42:12.009202,0.0,0.0,0.0,0.7417582119139623,2.729619166798917,-0.3570788961668927
2025-05-21T00:42:12.109237,0.0,0.0,0.0,0.7417582119139623,2.729619166798917,-0.3570788961668927
2025-05-21T00:42:12.209187,0.0,0.0,0.0,0.7417582119139623,2.729619166798917,-0.3570788961668927
2025-05-21T00:42:12.309199,0.0,0.0,0.0,0.7417582119139623,2.729619166798917,-0.3570788961668927
2025-05-21T00:42:12.409275,0.0,0.0,0.0,0.7417582119139623,2.729619166798917,-0.3570788961668927
2025-05-21T00:42:12.509258,0.0,0.0,0.0,0.7417582119139623,2.729619166798917,-0.3570788961668927
2025-05-21T00:42:12.609281,0.0,0.0,0.0,0.7417582119139623,2.729619166798917,-0.3570788961668927
2025-05-21T00:42:12.709351,0.0,0.0,0.0,0.7417582119139623,2.729619166798917,-0.3570788961668927
2025-05-21T00:42:12.809202,0.0,0.0,0.0,0.7417582119139623,2.729619166798917,-0.3570788961668927
2025-05-21T00:42:12.909187,0.0,0.0,0.0,0.7417582119139623,2.729619166798917,-0.3570788961668927
2025-05-21T00:42:13.009147,0.0,0.0,0.0,0.7417582119139623,2.729619166798917,-0.3570788961668927
2025-05-21T00:42:13.109191,0.0,0.0,0.0,0.7417582119139623,2.729619166798917,-0.3570788961668927
2025-05-21T00:42:13.209281,0.0,0.0,0.0,0.7417582119139623,2.729619166798917,-0.3570788961668927
2025-05-21T00:42:13.309279,0.0,0.0,0.0,0.7417582119139623,2.729619166798917,-0.3570788961668927
2025-05-21T00:42:13.409291,0.0,0.0,0.0,0.7417582119139623,2.729619166798917,-0.3570788961668927
2025-05-21T00:42:13.509230,0.0,0.0,0.0,0.7417582119139623,2.729619166798917,-0.3570788961668927
2025-05-21T00:42:13.609221,0.0,0.0,0.0,0.7417582119139623,2.729619166798917,-0.3570788961668927
2025-05-21T00:42:13.709172,0.0,0.0,0.0,0.7417582119139623,2.729619166798917,-0.3570788961668927
2025-05-21T00:42:13.809215,0.0,0.0,0.0,0.7417582119139623,2.729619166798917,-0.3570788961668927
2025-05-21T00:42:13.909228,0.0,0.0,0.0,0.7417582119139623,2.729619166798917,-0.3570788961668927
2025-05-21T00:42:14.009226,0.0,0.0,0.0,0.7417582119139623,2.729619166798917,-0.3570788961668927
2025-05-21T00:42:14.109268,0.0,0.0,0.0,0.7417582119139623,2.729619166798917,-0.3570788961668927
2025-05-21T00:42:14.209278,0.0,0.0,0.0,0.7417582119139623,2.729619166798917,-0.3570788961668927
2025-05-21T00:42:14.309501,0.0,0.0,0.0,0.7417582119139623,2.729619166798917,-0.3570788961668927
2025-05-21T00:42:14.409264,0.0,0.0,0.0,0.7417582119139623,2.729619166798917,-0.3570788961668927
2025-05-21T00:42:14.509339,0.0,0.0,0.0,0.7417582119139623,2.729619166798917,-0.3570788961668927
2025-05-21T00:42:14.609241,0.0,0.0,0.0,0.7417582119139623,2.729619166798917,-0.3570788961668927
2025-05-21T00:42:14.709224,0.0,0.0,0.0,0.7417582119139623,2.729619166798917,-0.3570788961668927
2025-05-21T00:42:14.809236,0.0,0.0,0.0,0.7417582119139623,2.729619166798917,-0.3570788961668927
2025-05-21T00:42:14.909301,0.0,0.0,0.0,0.7417582119139623,2.729619166798917,-0.3570788961668927
2025-05-21T00:42:15.009214,0.0,0.0,0.0,0.7417582119139623,2.729619166798917,-0.3570788961668927
2025-05-21T00:42:15.109223,0.0,0.0,0.0,0.7417582119139623,2.729619166798917,-0.3570788961668927
2025-05-21T00:42:15.209225,0.0,0.0,0.0,0.7417582119139623,2.729619166798917,-0.3570788961668927
2025-05-21T00:42:15.309458,0.0,0.0,0.0,0.7417582119139623,2.729619166798917,-0.3570788961668927
2025-05-21T00:42:15.409260,0.0,0.0,0.0,0.7417582119139623,2.729619166798917,-0.3570788961668927
2025-05-21T00:42:15.509219,0.0,0.0,0.0,0.7417582119139623,2.729619166798917,-0.3570788961668927
2025-05-21T00:42:15.609300,0.0,0.0,0.0,0.7417582119139623,2.729619166798917,-0.3570788961668927
2025-05-21T00:42:15.709238,0.0,0.0,0.0,0.7417582119139623,2.729619166798917,-0.3570788961668927
2025-05-21T00:42:15.809256,0.0,0.0,0.0,0.7417582119139623,2.729619166798917,-0.3570788961668927
2025-05-21T00:42:15.909203,0.0,0.0,0.0,0.7417582119139623,2.729619166798917,-0.3570788961668927
2025-05-21T00:42:16.009212,0.0,0.0,0.0,0.7417582119139623,2.729619166798917,-0.3570788961668927
2025-05-21T00:42:16.109188,0.0,0.0,0.0,0.7417582119139623,2.729619166798917,-0.3570788961668927
2025-05-21T00:42:16.209181,0.0,0.0,0.0,0.7417582119139623,2.729619166798917,-0.3570788961668927
2025-05-21T00:42:16.309225,0.0,0.0,0.0,0.7417582119139623,2.729619166798917,-0.3570788961668927
2025-05-21T00:42:16.409196,0.0,0.0,0.0,0.7417582119139623,2.729619166798917,-0.3570788961668927
2025-05-21T00:42:16.509187,0.0,0.0,0.0,0.7417582119139623,2.729619166798917,-0.3570788961668927
2025-05-21T00:42:16.609274,0.0,0.0,0.0,0.7417582119139623,2.729619166798917,-0.3570788961668927
2025-05-21T00:42:16.709193,0.0,0.0,0.0,0.7417582119139623,2.729619166798917,-0.3570788961668927
2025-05-21T00:42:16.809187,0.0,0.0,0.0,0.7417582119139623,2.729619166798917,-0.3570788961668927
2025-05-21T00:42:16.909253,0.0,0.0,0.0,0.7417582119139623,2.729619166798917,-0.3570788961668927
2025-05-21T00:42:17.011017,0.0,0.0,0.0,0.7417582119139623,2.729619166798917,-0.3570788961668927
2025-05-21T00:42:17.109224,0.0,0.0,0.0,0.7417582119139623,2.729619166798917,-0.3570788961668927
2025-05-21T00:42:17.209226,0.0,0.0,0.0,0.7417582119139623,2.729619166798917,-0.3570788961668927
2025-05-21T00:42:17.309236,0.0,0.0,0.0,0.7417582119139623,2.729619166798917,-0.3570788961668927
2025-05-21T00:42:17.409239,0.0,0.0,0.0,0.7417582119139623,2.729619166798917,-0.3570788961668927
2025-05-21T00:42:17.509494,0.0,0.0,0.0,0.7417582119139623,2.729619166798917,-0.3570788961668927
2025-05-21T00:42:17.609208,0.0,0.0,0.0,0.7417582119139623,2.729619166798917,-0.3570788961668927
2025-05-21T00:42:17.709271,0.0,0.0,0.0,0.7417582119139623,2.729619166798917,-0.3570788961668927
2025-05-21T00:42:17.809253,0.0,0.0,0.0,0.7417582119139623,2.729619166798917,-0.3570788961668927
2025-05-21T00:42:17.909204,0.0,0.0,0.0,0.7417582119139623,2.729619166798917,-0.3570788961668927
2025-05-21T00:42:18.009255,0.0,0.0,0.0,0.7417582119139623,2.729619166798917,-0.3570788961668927
2025-05-21T00:42:18.109210,0.0,0.0,0.0,0.7417582119139623,2.729619166798917,-0.3570788961668927
2025-05-21T00:42:18.209212,0.0,0.0,0.0,0.7417582119139623,2.729619166798917,-0.3570788961668927
2025-05-21T00:42:18.309243,0.0,0.0,0.0,0.7417582119139623,2.729619166798917,-0.3570788961668927
2025-05-21T00:42:18.409229,0.0,0.0,0.0,0.7417582119139623,2.729619166798917,-0.3570788961668927
2025-05-21T00:42:18.509240,0.0,0.0,0.0,0.7417582119139623,2.729619166798917,-0.3570788961668927
2025-05-21T00:42:18.609231,0.0,0.0,0.0,0.7417582119139623,2.729619166798917,-0.3570788961668927
2025-05-21T00:42:18.709257,0.0,0.0,0.0,0.7417582119139623,2.729619166798917,-0.3570788961668927
2025-05-21T00:42:18.809223,0.0,0.0,0.0,0.7417582119139623,2.729619166798917,-0.3570788961668927
2025-05-21T00:42:18.909255,0.0,0.0,0.0,0.7417582119139623,2.729619166798917,-0.3570788961668927
2025-05-21T00:42:19.009254,0.0,0.0,0.0,0.7417582119139623,2.729619166798917,-0.3570788961668927
2025-05-21T00:42:19.109225,0.0,0.0,0.0,0.7417582119139623,2.729619166798917,-0.3570788961668927
2025-05-21T00:42:19.209251,0.0,0.0,0.0,0.7417582119139623,2.729619166798917,-0.3570788961668927
2025-05-21T00:42:19.309222,0.0,0.0,0.0,0.7417582119139623,2.729619166798917,-0.3570788961668927
2025-05-21T00:42:19.409213,0.0,0.0,0.0,0.7417582119139623,2.729619166798917,-0.3570788961668927
2025-05-21T00:42:19.509214,0.0,0.0,0.0,0.7417582119139623,2.729619166798917,-0.3570788961668927
2025-05-21T00:42:19.609233,0.0,0.0,0.0,0.7417582119139623,2.729619166798917,-0.3570788961668927
2025-05-21T00:42:19.709197,0.0,0.0,0.0,0.7417582119139623,2.729619166798917,-0.3570788961668927
2025-05-21T00:42:19.809199,0.0,0.0,0.0,0.7417582119139623,2.729619166798917,-0.3570788961668927
2025-05-21T00:42:19.909266,0.0,0.0,0.0,0.7417582119139623,2.729619166798917,-0.3570788961668927
2025-05-21T00:42:20.009212,0.0,0.0,0.0,0.7417582119139623,2.729619166798917,-0.3570788961668927
2025-05-21T00:42:20.109202,0.0,0.0,0.0,0.7417582119139623,2.729619166798917,-0.3570788961668927
2025-05-21T00:42:20.209216,0.0,0.0,0.0,0.7417582119139623,2.729619166798917,-0.3570788961668927
2025-05-21T00:42:20.309253,0.0,0.0,0.0,0.7417582119139623,2.729619166798917,-0.3570788961668927
2025-05-21T00:42:20.409244,0.0,0.0,0.0,0.7417582119139623,2.729619166798917,-0.3570788961668927
2025-05-21T00:42:20.509271,0.0,0.0,0.0,0.7417582119139623,2.729619166798917,-0.3570788961668927
2025-05-21T00:42:20.609265,0.0,0.0,0.0,0.7417582119139623,2.729619166798917,-0.3570788961668927
2025-05-21T00:42:20.709214,0.0,0.0,0.0,0.7417582119139623,2.729619166798917,-0.3570788961668927
2025-05-21T00:42:20.809234,0.0,0.0,0.0,0.7417582119139623,2.729619166798917,-0.3570788961668927
2025-05-21T00:42:20.909211,0.0,0.0,0.0,0.7417582119139623,2.729619166798917,-0.3570788961668927
2025-05-21T00:42:21.009296,0.0,0.0,0.0,0.7417582119139623,2.729619166798917,-0.3570788961668927
2025-05-21T00:42:21.109244,0.0,0.0,0.0,0.7417582119139623,2.729619166798917,-0.3570788961668927
2025-05-21T00:42:21.209240,0.0,0.0,0.0,0.7417582119139623,2.729619166798917,-0.3570788961668927
2025-05-21T00:42:21.309246,0.0,0.0,0.0,0.7417582119139623,2.729619166798917,-0.3570788961668927
2025-05-21T00:42:21.409230,0.0,0.0,0.0,0.7417582119139623,2.729619166798917,-0.3570788961668927
2025-05-21T00:42:21.509270,0.0,0.0,0.0,0.7417582119139623,2.729619166798917,-0.3570788961668927
2025-05-21T00:42:21.609224,0.0,0.0,0.0,0.7417582119139623,2.729619166798917,-0.3570788961668927
2025-05-21T00:42:21.709222,0.0,0.0,0.0,0.7417582119139623,2.729619166798917,-0.3570788961668927
2025-05-21T00:42:21.809263,0.0,0.0,0.0,0.7417582119139623,2.729619166798917,-0.3570788961668927
2025-05-21T00:42:21.909194,0.0,0.0,0.0,0.7417582119139623,2.729619166798917,-0.3570788961668927
2025-05-21T00:42:22.009171,0.0,0.0,0.0,0.7417582119139623,2.729619166798917,-0.3570788961668927
2025-05-21T00:42:22.109280,0.0,0.0,0.0,0.7417582119139623,2.729619166798917,-0.3570788961668927
2025-05-21T00:42:22.209206,0.0,0.0,0.0,0.7417582119139623,2.729619166798917,-0.3570788961668927
2025-05-21T00:42:22.309221,0.0,0.0,0.0,0.7417582119139623,2.729619166798917,-0.3570788961668927
2025-05-21T00:42:22.409250,0.0,0.0,0.0,0.7417582119139623,2.729619166798917,-0.3570788961668927
2025-05-21T00:42:22.509181,0.0,0.0,0.0,0.7417582119139623,2.729619166798917,-0.3570788961668927
2025-05-21T00:42:22.609251,0.0,0.0,0.0,0.7417582119139623,2.729619166798917,-0.3570788961668927
2025-05-21T00:42:22.709194,0.0,0.0,0.0,0.7417582119139623,2.729619166798917,-0.3570788961668927
2025-05-21T00:42:22.809237,0.0,0.0,0.0,0.7417582119139623,2.729619166798917,-0.3570788961668927
2025-05-21T00:42:22.909290,0.0,0.0,0.0,0.7417582119139623,2.729619166798917,-0.3570788961668927
2025-05-21T00:42:23.009207,0.0,0.0,0.0,0.7417582119139623,2.729619166798917,-0.3570788961668927
2025-05-21T00:42:23.109265,0.0,0.0,0.0,0.7417582119139623,2.729619166798917,-0.3570788961668927
2025-05-21T00:42:23.209193,0.0,0.0,0.0,0.7417582119139623,2.729619166798917,-0.3570788961668927
2025-05-21T00:42:23.309198,0.0,0.0,0.0,0.7417582119139623,2.729619166798917,-0.3570788961668927
2025-05-21T00:42:23.409232,0.0,0.0,0.0,0.7417582119139623,2.729619166798917,-0.3570788961668927
2025-05-21T00:42:23.509233,0.0,0.0,0.0,0.7417582119139623,2.729619166798917,-0.3570788961668927
2025-05-21T00:42:23.609194,0.0,0.0,0.0,0.7417582119139623,2.729619166798917,-0.3570788961668927
2025-05-21T00:42:23.709198,0.0,0.0,0.0,0.7417582119139623,2.729619166798917,-0.3570788961668927
2025-05-21T00:42:23.809230,0.0,0.0,0.0,0.7417582119139623,2.729619166798917,-0.3570788961668927
2025-05-21T00:42:23.909195,0.0,0.0,0.0,0.7417582119139623,2.729619166798917,-0.3570788961668927
2025-05-21T00:42:24.009197,0.0,0.0,0.0,0.7417582119139623,2.729619166798917,-0.3570788961668927
2025-05-21T00:42:24.109158,0.0,0.0,0.0,0.7417582119139623,2.729619166798917,-0.3570788961668927
2025-05-21T00:42:24.209205,0.0,0.0,0.0,0.7417582119139623,2.729619166798917,-0.3570788961668927
2025-05-21T00:42:24.309222,0.0,0.0,0.0,0.7417582119139623,2.729619166798917,-0.3570788961668927
2025-05-21T00:42:24.409206,0.0,0.0,0.0,0.7417582119139623,2.729619166798917,-0.3570788961668927
2025-05-21T00:42:24.509170,0.0,0.0,0.0,0.7417582119139623,2.729619166798917,-0.3570788961668927
2025-05-21T00:42:24.609208,0.0,0.0,0.0,0.7417582119139623,2.729619166798917,-0.3570788961668927
2025-05-21T00:42:24.709193,0.0,0.0,0.0,0.7417582119139623,2.729619166798917,-0.3570788961668927
2025-05-21T00:42:24.809188,0.0,0.0,0.0,0.7417582119139623,2.729619166798917,-0.3570788961668927
2025-05-21T00:42:24.909192,0.0,0.0,0.0,0.7417582119139623,2.729619166798917,-0.3570788961668927
2025-05-21T00:42:25.009189,0.0,0.0,0.0,0.7417582119139623,2.729619166798917,-0.3570788961668927
2025-05-21T00:42:25.109193,0.0,0.0,0.0,0.7417582119139623,2.729619166798917,-0.3570788961668927
2025-05-21T00:42:25.209204,0.0,0.0,0.0,0.7417582119139623,2.729619166798917,-0.3570788961668927
2025-05-21T00:42:25.309212,0.0,0.0,0.0,0.7417582119139623,2.729619166798917,-0.3570788961668927
2025-05-21T00:42:25.409198,0.0,0.0,0.0,0.7417582119139623,2.729619166798917,-0.3570788961668927
2025-05-21T00:42:25.509193,0.0,0.0,0.0,0.7417582119139623,2.729619166798917,-0.3570788961668927
2025-05-21T00:42:25.609197,0.0,0.0,0.0,0.7417582119139623,2.729619166798917,-0.3570788961668927
2025-05-21T00:42:25.709339,0.0,0.0,0.0,0.7417582119139623,2.729619166798917,-0.3570788961668927
2025-05-21T00:42:25.809206,0.0,0.0,0.0,0.7417582119139623,2.729619166798917,-0.3570788961668927
2025-05-21T00:42:25.909207,0.0,0.0,0.0,0.7417582119139623,2.729619166798917,-0.3570788961668927
2025-05-21T00:42:26.009209,0.0,0.0,0.0,0.7417582119139623,2.729619166798917,-0.3570788961668927
2025-05-21T00:42:26.109231,0.0,0.0,0.0,0.7417582119139623,2.729619166798917,-0.3570788961668927
2025-05-21T00:42:26.209219,0.0,0.0,0.0,0.7417582119139623,2.729619166798917,-0.3570788961668927
2025-05-21T00:42:26.309232,0.0,0.0,0.0,0.7417582119139623,2.729619166798917,-0.3570788961668927
2025-05-21T00:42:26.409193,0.0,0.0,0.0,0.7417582119139623,2.729619166798917,-0.3570788961668927
2025-05-21T00:42:26.509175,0.0,0.0,0.0,0.7417582119139623,2.729619166798917,-0.3570788961668927
2025-05-21T00:42:26.609271,0.0,0.0,0.0,0.7417582119139623,2.729619166798917,-0.3570788961668927
2025-05-21T00:42:26.709235,0.0,0.0,0.0,0.7417582119139623,2.729619166798917,-0.3570788961668927
2025-05-21T00:42:26.809199,0.0,0.0,0.0,0.7417582119139623,2.729619166798917,-0.3570788961668927
2025-05-21T00:42:26.909202,0.0,0.0,0.0,0.7417582119139623,2.729619166798917,-0.3570788961668927
2025-05-21T00:42:27.009236,0.0,0.0,0.0,0.7417582119139623,2.729619166798917,-0.3570788961668927
2025-05-21T00:42:27.109239,0.0,0.0,0.0,0.7417582119139623,2.729619166798917,-0.3570788961668927
2025-05-21T00:42:27.209195,0.0,0.0,0.0,0.7417582119139623,2.729619166798917,-0.3570788961668927
2025-05-21T00:42:27.309220,0.0,0.0,0.0,0.7417582119139623,2.729619166798917,-0.3570788961668927
2025-05-21T00:42:27.409280,0.0,0.0,0.0,0.7417582119139623,2.729619166798917,-0.3570788961668927
2025-05-21T00:42:27.509368,0.0,0.0,0.0,0.7417582119139623,2.729619166798917,-0.3570788961668927
2025-05-21T00:42:27.609188,0.0,0.0,0.0,0.7417582119139623,2.729619166798917,-0.3570788961668927
2025-05-21T00:42:27.709244,0.0,0.0,0.0,0.7417582119139623,2.729619166798917,-0.3570788961668927
2025-05-21T00:42:27.809198,0.0,0.0,0.0,0.7417582119139623,2.729619166798917,-0.3570788961668927
2025-05-21T00:42:27.909203,0.0,0.0,0.0,0.7417582119139623,2.729619166798917,-0.3570788961668927
2025-05-21T00:42:28.009217,0.0,0.0,0.0,0.7417582119139623,2.729619166798917,-0.3570788961668927
2025-05-21T00:42:28.109190,0.0,0.0,0.0,0.7417582119139623,2.729619166798917,-0.3570788961668927
2025-05-21T00:42:28.209201,0.0,0.0,0.0,0.7417582119139623,2.729619166798917,-0.3570788961668927
2025-05-21T00:42:28.309224,0.0,0.0,0.0,0.7417582119139623,2.729619166798917,-0.3570788961668927
2025-05-21T00:42:28.409161,0.0,0.0,0.0,0.7417582119139623,2.729619166798917,-0.3570788961668927
2025-05-21T00:42:28.509192,0.0,0.0,0.0,0.7417582119139623,2.729619166798917,-0.3570788961668927
2025-05-21T00:42:28.609191,0.0,0.0,0.0,0.7417582119139623,2.729619166798917,-0.3570788961668927
2025-05-21T00:42:28.709217,0.0,0.0,0.0,0.7417582119139623,2.729619166798917,-0.3570788961668927
2025-05-21T00:42:28.809234,0.0,0.0,0.0,0.7417582119139623,2.729619166798917,-0.3570788961668927
2025-05-21T00:42:28.909210,0.0,0.0,0.0,0.7417582119139623,2.729619166798917,-0.3570788961668927
2025-05-21T00:42:29.009229,0.0,0.0,0.0,0.7417582119139623,2.729619166798917,-0.3570788961668927
2025-05-21T00:42:29.109208,0.0,0.0,0.0,0.7417582119139623,2.729619166798917,-0.3570788961668927
2025-05-21T00:42:29.209234,0.0,0.0,0.0,0.7417582119139623,2.729619166798917,-0.3570788961668927
2025-05-21T00:42:29.309203,0.0,0.0,0.0,0.7417582119139623,2.729619166798917,-0.3570788961668927
2025-05-21T00:42:29.409199,0.0,0.0,0.0,0.7417582119139623,2.729619166798917,-0.3570788961668927
2025-05-21T00:42:29.509225,0.0,0.0,0.0,0.7417582119139623,2.729619166798917,-0.3570788961668927
2025-05-21T00:42:29.609190,0.0,0.0,0.0,0.7417582119139623,2.729619166798917,-0.3570788961668927
2025-05-21T00:42:29.709224,0.0,0.0,0.0,0.7417582119139623,2.729619166798917,-0.3570788961668927
2025-05-21T00:42:29.809197,0.0,0.0,0.0,0.7417582119139623,2.729619166798917,-0.3570788961668927
2025-05-21T00:42:29.909185,0.0,0.0,0.0,0.7417582119139623,2.729619166798917,-0.3570788961668927
2025-05-21T00:42:30.009223,0.0,0.0,0.0,0.7417582119139623,2.729619166798917,-0.3570788961668927
2025-05-21T00:42:30.109214,0.0,0.0,0.0,0.7417582119139623,2.729619166798917,-0.3570788961668927
2025-05-21T00:42:30.209217,0.0,0.0,0.0,0.7417582119139623,2.729619166798917,-0.3570788961668927
2025-05-21T00:42:30.309213,0.0,0.0,0.0,0.7417582119139623,2.729619166798917,-0.3570788961668927
2025-05-21T00:42:30.409213,0.0,0.0,0.0,0.7417582119139623,2.729619166798917,-0.3570788961668927
2025-05-21T00:42:30.509229,0.0,0.0,0.0,0.7417582119139623,2.729619166798917,-0.3570788961668927
2025-05-21T00:42:30.609243,0.0,0.0,0.0,0.7417582119139623,2.729619166798917,-0.3570788961668927
2025-05-21T00:42:30.709218,0.0,0.0,0.0,0.7417582119139623,2.729619166798917,-0.3570788961668927
2025-05-21T00:42:30.809213,0.0,0.0,0.0,0.7417582119139623,2.729619166798917,-0.3570788961668927
2025-05-21T00:42:30.909215,0.0,0.0,0.0,0.7417582119139623,2.729619166798917,-0.3570788961668927
2025-05-21T00:42:31.009258,0.0,0.0,0.0,0.7417582119139623,2.729619166798917,-0.3570788961668927
2025-05-21T00:42:31.109214,0.0,0.0,0.0,0.7417582119139623,2.729619166798917,-0.3570788961668927
2025-05-21T00:42:31.209221,0.0,0.0,0.0,0.7417582119139623,2.729619166798917,-0.3570788961668927
2025-05-21T00:42:31.309228,0.0,0.0,0.0,0.7417582119139623,2.729619166798917,-0.3570788961668927
2025-05-21T00:42:31.409192,0.0,0.0,0.0,0.7417582119139623,2.729619166798917,-0.3570788961668927
2025-05-21T00:42:31.509224,0.0,0.0,0.0,0.7417582119139623,2.729619166798917,-0.3570788961668927
2025-05-21T00:42:31.609206,0.0,0.0,0.0,0.7417582119139623,2.729619166798917,-0.3570788961668927
2025-05-21T00:42:31.709271,0.0,0.0,0.0,0.7417582119139623,2.729619166798917,-0.3570788961668927
2025-05-21T00:42:31.809326,0.0,0.0,0.0,0.7417582119139623,2.729619166798917,-0.3570788961668927
2025-05-21T00:42:31.909209,0.0,0.0,0.0,0.7417582119139623,2.729619166798917,-0.3570788961668927
2025-05-21T00:42:32.009211,0.0,0.0,0.0,0.7417582119139623,2.729619166798917,-0.3570788961668927
2025-05-21T00:42:32.109235,0.0,0.0,0.0,0.7417582119139623,2.729619166798917,-0.3570788961668927
2025-05-21T00:42:32.209242,0.0,0.0,0.0,0.7417582119139623,2.729619166798917,-0.3570788961668927
2025-05-21T00:42:32.309270,0.0,0.0,0.0,0.7417582119139623,2.729619166798917,-0.3570788961668927
2025-05-21T00:42:32.409201,0.0,0.0,0.0,0.7417582119139623,2.729619166798917,-0.3570788961668927
2025-05-21T00:42:32.509241,0.0,0.0,0.0,0.7417582119139623,2.729619166798917,-0.3570788961668927
2025-05-21T00:42:32.609201,0.0,0.0,0.0,0.7417582119139623,2.729619166798917,-0.3570788961668927
2025-05-21T00:42:32.709228,0.0,0.0,0.0,0.7417582119139623,2.729619166798917,-0.3570788961668927
2025-05-21T00:42:32.809194,0.0,0.0,0.0,0.7417582119139623,2.729619166798917,-0.3570788961668927
2025-05-21T00:42:32.909237,0.0,0.0,0.0,0.7417582119139623,2.729619166798917,-0.3570788961668927
2025-05-21T00:42:33.009201,0.0,0.0,0.0,0.7417582119139623,2.729619166798917,-0.3570788961668927
2025-05-21T00:42:33.109346,0.0,0.0,0.0,0.7417582119139623,2.729619166798917,-0.3570788961668927
2025-05-21T00:42:33.209270,0.0,0.0,0.0,0.7417582119139623,2.729619166798917,-0.3570788961668927
2025-05-21T00:42:33.309203,0.0,0.0,0.0,0.7417582119139623,2.729619166798917,-0.3570788961668927
2025-05-21T00:42:33.409284,0.0,0.0,0.0,0.7417582119139623,2.729619166798917,-0.3570788961668927
2025-05-21T00:42:33.509203,0.0,0.0,0.0,0.7417582119139623,2.729619166798917,-0.3570788961668927
2025-05-21T00:42:33.609196,0.0,0.0,0.0,0.7417582119139623,2.729619166798917,-0.3570788961668927
2025-05-21T00:42:33.709214,0.0,0.0,0.0,0.7417582119139623,2.729619166798917,-0.3570788961668927
2025-05-21T00:42:33.809197,0.0,0.0,0.0,0.7417582119139623,2.729619166798917,-0.3570788961668927
2025-05-21T00:42:33.909209,0.0,0.0,0.0,0.7417582119139623,2.729619166798917,-0.3570788961668927
2025-05-21T00:42:34.009191,0.0,0.0,0.0,0.7417582119139623,2.729619166798917,-0.3570788961668927
2025-05-21T00:42:34.109179,0.0,0.0,0.0,0.7417582119139623,2.729619166798917,-0.3570788961668927
2025-05-21T00:42:34.209209,0.0,0.0,0.0,0.7417582119139623,2.729619166798917,-0.3570788961668927
2025-05-21T00:42:34.309216,0.0,0.0,0.0,0.7417582119139623,2.729619166798917,-0.3570788961668927
2025-05-21T00:42:34.409205,0.0,0.0,0.0,0.7417582119139623,2.729619166798917,-0.3570788961668927
2025-05-21T00:42:34.509224,0.0,0.0,0.0,0.7417582119139623,2.729619166798917,-0.3570788961668927
2025-05-21T00:42:34.609222,0.0,0.0,0.0,0.7417582119139623,2.729619166798917,-0.3570788961668927
2025-05-21T00:42:34.709198,0.0,0.0,0.0,0.7417582119139623,2.729619166798917,-0.3570788961668927
2025-05-21T00:42:34.809215,0.0,0.0,0.0,0.7417582119139623,2.729619166798917,-0.3570788961668927
2025-05-21T00:42:34.909221,0.0,0.0,0.0,0.7417582119139623,2.729619166798917,-0.3570788961668927
2025-05-21T00:42:35.009232,0.0,0.0,0.0,0.7417582119139623,2.729619166798917,-0.3570788961668927
2025-05-21T00:42:35.109490,0.0,0.0,0.0,0.7417582119139623,2.729619166798917,-0.3570788961668927
2025-05-21T00:42:35.209210,0.0,0.0,0.0,0.7417582119139623,2.729619166798917,-0.3570788961668927
2025-05-21T00:42:35.309250,0.0,0.0,0.0,0.7417582119139623,2.729619166798917,-0.3570788961668927
2025-05-21T00:42:35.409217,0.0,0.0,0.0,0.7417582119139623,2.729619166798917,-0.3570788961668927
2025-05-21T00:42:35.509160,0.0,0.0,0.0,0.7417582119139623,2.729619166798917,-0.3570788961668927
2025-05-21T00:42:35.609234,0.0,0.0,0.0,0.7417582119139623,2.729619166798917,-0.3570788961668927
2025-05-21T00:42:35.710301,0.0,0.0,0.0,0.7417582119139623,2.729619166798917,-0.3570788961668927
2025-05-21T00:42:35.809527,0.0,0.0,0.0,0.7417582119139623,2.729619166798917,-0.3570788961668927
2025-05-21T00:42:35.909234,0.0,0.0,0.0,0.7417582119139623,2.729619166798917,-0.3570788961668927
2025-05-21T00:42:36.009503,0.0,0.0,0.0,0.7417582119139623,2.729619166798917,-0.3570788961668927
2025-05-21T00:42:36.109221,0.0,0.0,0.0,0.7417582119139623,2.729619166798917,-0.3570788961668927
2025-05-21T00:42:36.209272,0.0,0.0,0.0,0.7417582119139623,2.729619166798917,-0.3570788961668927
2025-05-21T00:42:36.309221,0.0,0.0,0.0,0.7417582119139623,2.729619166798917,-0.3570788961668927
2025-05-21T00:42:36.409813,0.0,0.0,0.0,0.7417582119139623,2.729619166798917,-0.3570788961668927
2025-05-21T00:42:36.509291,0.0,0.0,0.0,0.7417582119139623,2.729619166798917,-0.3570788961668927
2025-05-21T00:42:36.609344,0.0,0.0,0.0,0.7417582119139623,2.729619166798917,-0.3570788961668927
2025-05-21T00:42:36.709514,0.0,0.0,0.0,0.7417582119139623,2.729619166798917,-0.3570788961668927
2025-05-21T00:42:36.809279,0.0,0.0,0.0,0.7417582119139623,2.729619166798917,-0.3570788961668927
2025-05-21T00:42:36.909349,0.0,0.0,0.0,0.7417582119139623,2.729619166798917,-0.3570788961668927
2025-05-21T00:42:37.009260,0.0,0.0,0.0,0.7417582119139623,2.729619166798917,-0.3570788961668927
2025-05-21T00:42:37.109656,0.0,0.0,0.0,0.7417582119139623,2.729619166798917,-0.3570788961668927
2025-05-21T00:42:37.209349,0.0,0.0,0.0,0.7417582119139623,2.729619166798917,-0.3570788961668927
2025-05-21T00:42:37.309544,0.0,0.0,0.0,0.7417582119139623,2.729619166798917,-0.3570788961668927
2025-05-21T00:42:37.409270,0.0,0.0,0.0,0.7417582119139623,2.729619166798917,-0.3570788961668927
2025-05-21T00:42:37.509288,0.0,0.0,0.4012235698512017,0.7417582119139623,2.729619166798917,-0.3570788961668927
2025-05-21T00:42:37.609301,0.0,0.0,0.4012235698512017,0.7417582119139623,2.729619166798917,-0.31700765943336323
2025-05-21T00:42:37.709273,0.0,0.0,0.4012235698512017,0.7417582119139623,2.729619166798917,-0.27694302318142006
2025-05-21T00:42:37.809429,0.0,0.0,0.4012235698512017,0.7417582119139623,2.729619166798917,-0.23680157262927629
2025-05-21T00:42:37.909338,0.0,0.0,0.0,0.7417582119139623,2.729619166798917,-0.2165422075026484
2025-05-21T00:42:38.009295,0.0,0.0,0.0,0.7417582119139623,2.729619166798917,-0.2165422075026484
2025-05-21T00:42:38.109365,0.0,0.0,0.0,0.7417582119139623,2.729619166798917,-0.2165422075026484
2025-05-21T00:42:38.209302,0.0,0.0,0.0,0.7417582119139623,2.729619166798917,-0.2165422075026484
2025-05-21T00:42:38.309506,0.0,0.0,0.0,0.7417582119139623,2.729619166798917,-0.2165422075026484
2025-05-21T00:42:38.409368,0.0,0.0,0.0,0.7417582119139623,2.729619166798917,-0.2165422075026484
2025-05-21T00:42:38.509296,0.0,0.0,0.0,0.7417582119139623,2.729619166798917,-0.2165422075026484
2025-05-21T00:42:38.609235,0.0,0.0,0.0,0.7417582119139623,2.729619166798917,-0.2165422075026484
2025-05-21T00:42:38.709285,0.0,0.0,0.0,0.7417582119139623,2.729619166798917,-0.2165422075026484
2025-05-21T00:42:38.809294,0.0,0.0,0.0,0.7417582119139623,2.729619166798917,-0.2165422075026484
2025-05-21T00:42:38.909268,0.0,0.0,0.0,0.7417582119139623,2.729619166798917,-0.2165422075026484
2025-05-21T00:42:39.012160,0.0,0.0,0.0,0.7417582119139623,2.729619166798917,-0.2165422075026484
2025-05-21T00:42:39.109424,0.0,0.0,0.0,0.7417582119139623,2.729619166798917,-0.2165422075026484
2025-05-21T00:42:39.209271,0.0,0.0,0.0,0.7417582119139623,2.729619166798917,-0.2165422075026484
2025-05-21T00:42:39.309429,0.0,0.0,0.0,0.7417582119139623,2.729619166798917,-0.2165422075026484
2025-05-21T00:42:39.409246,0.0,0.0,0.0,0.7417582119139623,2.729619166798917,-0.2165422075026484
2025-05-21T00:42:39.509224,0.0,0.0,0.0,0.7417582119139623,2.729619166798917,-0.2165422075026484
2025-05-21T00:42:39.609255,0.0,0.0,0.0,0.7417582119139623,2.729619166798917,-0.2165422075026484
2025-05-21T00:42:39.709203,0.0,0.0,0.0,0.7417582119139623,2.729619166798917,-0.2165422075026484
2025-05-21T00:42:39.809326,0.0,0.0,0.0,0.7417582119139623,2.729619166798917,-0.2165422075026484
2025-05-21T00:42:39.909281,0.0,0.0,0.0,0.7417582119139623,2.729619166798917,-0.2165422075026484
2025-05-21T00:42:40.009214,0.0,0.0,0.0,0.7417582119139623,2.729619166798917,-0.2165422075026484
2025-05-21T00:42:40.109218,0.0,0.0,0.0,0.7417582119139623,2.729619166798917,-0.2165422075026484
2025-05-21T00:42:40.209250,0.0,0.0,0.0,0.7417582119139623,2.729619166798917,-0.2165422075026484
2025-05-21T00:42:40.309605,0.0,0.0,0.0,0.7417582119139623,2.729619166798917,-0.2165422075026484
2025-05-21T00:42:40.409207,0.0,0.0,0.0,0.7417582119139623,2.729619166798917,-0.2165422075026484
2025-05-21T00:42:40.509229,0.0,0.0,0.0,0.7417582119139623,2.729619166798917,-0.2165422075026484
2025-05-21T00:42:40.609253,0.0,0.0,0.0,0.7417582119139623,2.729619166798917,-0.2165422075026484
2025-05-21T00:42:40.709216,0.0,0.0,0.0,0.7417582119139623,2.729619166798917,-0.2165422075026484
2025-05-21T00:42:40.809217,0.0,0.0,0.0,0.7417582119139623,2.729619166798917,-0.2165422075026484
2025-05-21T00:42:40.909274,0.0,0.0,0.0,0.7417582119139623,2.729619166798917,-0.2165422075026484
2025-05-21T00:42:41.009591,0.0,0.0,0.0,0.7417582119139623,2.729619166798917,-0.2165422075026484
2025-05-21T00:42:41.109325,0.0,0.0,0.0,0.7417582119139623,2.729619166798917,-0.2165422075026484
2025-05-21T00:42:41.209670,0.0,0.0,0.0,0.7417582119139623,2.729619166798917,-0.2165422075026484
2025-05-21T00:42:41.309306,0.0,0.0,0.0,0.7417582119139623,2.729619166798917,-0.2165422075026484
2025-05-21T00:42:41.409385,0.0,0.0,0.0,0.7417582119139623,2.729619166798917,-0.2165422075026484
2025-05-21T00:42:41.509352,0.0,0.0,0.0,0.7417582119139623,2.729619166798917,-0.2165422075026484
2025-05-21T00:42:41.609293,0.0,0.0,0.0,0.7417582119139623,2.729619166798917,-0.2165422075026484
2025-05-21T00:42:41.709249,0.0,0.0,0.0,0.7417582119139623,2.729619166798917,-0.2165422075026484
2025-05-21T00:42:41.809243,0.0,0.0,0.0,0.7417582119139623,2.729619166798917,-0.2165422075026484
2025-05-21T00:42:41.909260,0.0,0.0,0.0,0.7417582119139623,2.729619166798917,-0.2165422075026484
2025-05-21T00:42:42.009223,0.0,0.0,0.0,0.7417582119139623,2.729619166798917,-0.2165422075026484
2025-05-21T00:42:42.109201,0.0,0.0,0.0,0.7417582119139623,2.729619166798917,-0.2165422075026484
2025-05-21T00:42:42.209284,0.0,0.0,0.0,0.7417582119139623,2.729619166798917,-0.2165422075026484
2025-05-21T00:42:42.309217,0.0,0.0,0.0,0.7417582119139623,2.729619166798917,-0.2165422075026484
2025-05-21T00:42:42.409242,0.0,0.0,0.0,0.7417582119139623,2.729619166798917,-0.2165422075026484
2025-05-21T00:42:42.509235,0.0,0.0,0.0,0.7417582119139623,2.729619166798917,-0.2165422075026484
2025-05-21T00:42:42.609290,0.0,0.0,0.0,0.7417582119139623,2.729619166798917,-0.2165422075026484
2025-05-21T00:42:42.709245,0.0,0.0,0.0,0.7417582119139623,2.729619166798917,-0.2165422075026484
2025-05-21T00:42:42.809193,0.0,0.0,0.0,0.7417582119139623,2.729619166798917,-0.2165422075026484
2025-05-21T00:42:42.909259,0.0,0.0,0.0,0.7417582119139623,2.729619166798917,-0.2165422075026484
2025-05-21T00:42:43.009274,0.0,0.0,0.0,0.7417582119139623,2.729619166798917,-0.2165422075026484
2025-05-21T00:42:43.109200,0.0,0.0,0.0,0.7417582119139623,2.729619166798917,-0.2165422075026484
2025-05-21T00:42:43.209212,0.0,0.0,0.0,0.7417582119139623,2.729619166798917,-0.2165422075026484
2025-05-21T00:42:43.309219,0.0,0.0,0.0,0.7417582119139623,2.729619166798917,-0.2165422075026484
2025-05-21T00:42:43.409225,0.0,0.0,0.0,0.7417582119139623,2.729619166798917,-0.2165422075026484
2025-05-21T00:42:43.509259,0.0,0.0,0.0,0.7417582119139623,2.729619166798917,-0.2165422075026484
2025-05-21T00:42:43.609227,0.0,0.0,0.0,0.7417582119139623,2.729619166798917,-0.2165422075026484
2025-05-21T00:42:43.709204,0.0,0.0,0.0,0.7417582119139623,2.729619166798917,-0.2165422075026484
2025-05-21T00:42:43.809238,0.0,0.0,0.0,0.7417582119139623,2.729619166798917,-0.2165422075026484
2025-05-21T00:42:43.909282,0.0,0.0,0.0,0.7417582119139623,2.729619166798917,-0.2165422075026484
2025-05-21T00:42:44.009251,0.0,0.0,0.0,0.7417582119139623,2.729619166798917,-0.2165422075026484
2025-05-21T00:42:44.109236,0.0,0.0,0.0,0.7417582119139623,2.729619166798917,-0.2165422075026484
2025-05-21T00:42:44.209229,0.0,0.0,0.0,0.7417582119139623,2.729619166798917,-0.2165422075026484
2025-05-21T00:42:44.309247,0.0,0.0,0.0,0.7417582119139623,2.729619166798917,-0.2165422075026484
2025-05-21T00:42:44.409228,0.0,0.0,0.0,0.7417582119139623,2.729619166798917,-0.2165422075026484
2025-05-21T00:42:44.509195,0.0,0.0,0.0,0.7417582119139623,2.729619166798917,-0.2165422075026484
2025-05-21T00:42:44.609245,0.0,0.0,0.0,0.7417582119139623,2.729619166798917,-0.2165422075026484
2025-05-21T00:42:44.709252,0.0,0.0,0.0,0.7417582119139623,2.729619166798917,-0.2165422075026484
2025-05-21T00:42:44.809217,0.0,0.0,0.0,0.7417582119139623,2.729619166798917,-0.2165422075026484
2025-05-21T00:42:44.909214,0.0,0.0,0.0,0.7417582119139623,2.729619166798917,-0.2165422075026484
2025-05-21T00:42:45.009222,0.0,0.0,0.0,0.7417582119139623,2.729619166798917,-0.2165422075026484
2025-05-21T00:42:45.109236,0.0,0.0,0.0,0.7417582119139623,2.729619166798917,-0.2165422075026484
2025-05-21T00:42:45.209203,0.0,0.0,0.0,0.7417582119139623,2.729619166798917,-0.2165422075026484
2025-05-21T00:42:45.309206,0.0,0.0,0.0,0.7417582119139623,2.729619166798917,-0.2165422075026484
2025-05-21T00:42:45.409209,0.0,0.0,0.0,0.7417582119139623,2.729619166798917,-0.2165422075026484
2025-05-21T00:42:45.509229,0.0,0.0,0.0,0.7417582119139623,2.729619166798917,-0.2165422075026484
2025-05-21T00:42:45.609232,0.0,0.0,0.0,0.7417582119139623,2.729619166798917,-0.2165422075026484
2025-05-21T00:42:45.709191,0.0,0.0,0.0,0.7417582119139623,2.729619166798917,-0.2165422075026484
2025-05-21T00:42:45.809229,0.0,0.0,0.0,0.7417582119139623,2.729619166798917,-0.2165422075026484
2025-05-21T00:42:45.909395,0.0,0.0,0.0,0.7417582119139623,2.729619166798917,-0.2165422075026484
2025-05-21T00:42:46.009204,0.0,0.0,0.0,0.7417582119139623,2.729619166798917,-0.2165422075026484
2025-05-21T00:42:46.109221,0.0,0.0,0.0,0.7417582119139623,2.729619166798917,-0.2165422075026484
2025-05-21T00:42:46.209244,0.0,0.0,0.0,0.7417582119139623,2.729619166798917,-0.2165422075026484
2025-05-21T00:42:46.309241,0.0,0.0,0.0,0.7417582119139623,2.729619166798917,-0.2165422075026484
2025-05-21T00:42:46.409238,0.0,0.0,0.0,0.7417582119139623,2.729619166798917,-0.2165422075026484
2025-05-21T00:42:46.509214,0.0,0.0,0.0,0.7417582119139623,2.729619166798917,-0.2165422075026484
2025-05-21T00:42:46.609204,0.0,0.0,0.0,0.7417582119139623,2.729619166798917,-0.2165422075026484
2025-05-21T00:42:46.709230,0.0,0.0,0.0,0.7417582119139623,2.729619166798917,-0.2165422075026484
2025-05-21T00:42:46.809227,0.0,0.0,0.0,0.7417582119139623,2.729619166798917,-0.2165422075026484
2025-05-21T00:42:46.909212,0.0,0.0,0.0,0.7417582119139623,2.729619166798917,-0.2165422075026484
2025-05-21T00:42:47.009198,0.0,0.0,0.0,0.7417582119139623,2.729619166798917,-0.2165422075026484
2025-05-21T00:42:47.109208,0.0,0.0,0.0,0.7417582119139623,2.729619166798917,-0.2165422075026484
2025-05-21T00:42:47.209193,0.0,0.0,0.0,0.7417582119139623,2.729619166798917,-0.2165422075026484
2025-05-21T00:42:47.309214,0.0,0.0,0.0,0.7417582119139623,2.729619166798917,-0.2165422075026484
2025-05-21T00:42:47.409179,0.0,0.0,0.0,0.7417582119139623,2.729619166798917,-0.2165422075026484
2025-05-21T00:42:47.509253,0.0,0.0,0.0,0.7417582119139623,2.729619166798917,-0.2165422075026484
2025-05-21T00:42:47.609219,0.0,0.0,0.0,0.7417582119139623,2.729619166798917,-0.2165422075026484
2025-05-21T00:42:47.709191,0.0,0.0,0.0,0.7417582119139623,2.729619166798917,-0.2165422075026484
2025-05-21T00:42:47.809248,0.0,0.0,0.0,0.7417582119139623,2.729619166798917,-0.2165422075026484
2025-05-21T00:42:47.909234,0.0,0.0,0.0,0.7417582119139623,2.729619166798917,-0.2165422075026484
2025-05-21T00:42:48.009225,0.0,0.0,0.0,0.7417582119139623,2.729619166798917,-0.2165422075026484
2025-05-21T00:42:48.109219,0.0,0.0,0.0,0.7417582119139623,2.729619166798917,-0.2165422075026484
2025-05-21T00:42:48.209192,0.0,0.0,0.0,0.7417582119139623,2.729619166798917,-0.2165422075026484
2025-05-21T00:42:48.309414,0.0,0.0,0.0,0.7417582119139623,2.729619166798917,-0.2165422075026484
2025-05-21T00:42:48.409290,0.0,0.0,0.0,0.7417582119139623,2.729619166798917,-0.2165422075026484
2025-05-21T00:42:48.509179,0.0,0.0,0.0,0.7417582119139623,2.729619166798917,-0.2165422075026484
2025-05-21T00:42:48.609221,0.0,0.0,0.0,0.7417582119139623,2.729619166798917,-0.2165422075026484
2025-05-21T00:42:48.709247,0.0,0.0,0.0,0.7417582119139623,2.729619166798917,-0.2165422075026484
2025-05-21T00:42:48.809265,0.0,0.0,0.0,0.7417582119139623,2.729619166798917,-0.2165422075026484
2025-05-21T00:42:48.909214,0.0,0.0,0.0,0.7417582119139623,2.729619166798917,-0.2165422075026484
2025-05-21T00:42:49.009236,0.0,0.0,0.0,0.7417582119139623,2.729619166798917,-0.2165422075026484
2025-05-21T00:42:49.109205,0.0,0.0,0.0,0.7417582119139623,2.729619166798917,-0.2165422075026484
2025-05-21T00:42:49.209215,0.0,0.0,0.0,0.7417582119139623,2.729619166798917,-0.2165422075026484
2025-05-21T00:42:49.309220,0.0,0.0,0.0,0.7417582119139623,2.729619166798917,-0.2165422075026484
2025-05-21T00:42:49.409209,0.0,0.0,0.0,0.7417582119139623,2.729619166798917,-0.2165422075026484
2025-05-21T00:42:49.509207,0.0,0.0,0.0,0.7417582119139623,2.729619166798917,-0.2165422075026484
2025-05-21T00:42:49.609232,0.0,0.0,0.0,0.7417582119139623,2.729619166798917,-0.2165422075026484
2025-05-21T00:42:49.709186,0.0,0.0,0.0,0.7417582119139623,2.729619166798917,-0.2165422075026484
2025-05-21T00:42:49.809228,0.0,0.0,0.0,0.7417582119139623,2.729619166798917,-0.2165422075026484
2025-05-21T00:42:49.909201,0.0,0.0,0.0,0.7417582119139623,2.729619166798917,-0.2165422075026484
2025-05-21T00:42:50.009200,0.0,0.0,0.0,0.7417582119139623,2.729619166798917,-0.2165422075026484
2025-05-21T00:42:50.109190,0.0,0.0,0.0,0.7417582119139623,2.729619166798917,-0.2165422075026484
2025-05-21T00:42:50.209240,0.0,0.0,0.0,0.7417582119139623,2.729619166798917,-0.2165422075026484
2025-05-21T00:42:50.309251,0.0,0.0,0.0,0.7417582119139623,2.729619166798917,-0.2165422075026484
2025-05-21T00:42:50.409202,0.0,0.0,0.0,0.7417582119139623,2.729619166798917,-0.2165422075026484
2025-05-21T00:42:50.509226,0.0,0.0,0.0,0.7417582119139623,2.729619166798917,-0.2165422075026484
2025-05-21T00:42:50.609239,0.0,0.0,0.0,0.7417582119139623,2.729619166798917,-0.2165422075026484
2025-05-21T00:42:50.709206,0.0,0.0,0.0,0.7417582119139623,2.729619166798917,-0.2165422075026484
2025-05-21T00:42:50.809200,0.0,0.0,0.0,0.7417582119139623,2.729619166798917,-0.2165422075026484
2025-05-21T00:42:50.909179,0.0,0.0,0.0,0.7417582119139623,2.729619166798917,-0.2165422075026484
2025-05-21T00:42:51.009210,0.0,0.0,0.0,0.7417582119139623,2.729619166798917,-0.2165422075026484
2025-05-21T00:42:51.109261,0.0,0.0,0.0,0.7417582119139623,2.729619166798917,-0.2165422075026484
2025-05-21T00:42:51.209312,0.0,0.0,0.0,0.7417582119139623,2.729619166798917,-0.2165422075026484
2025-05-21T00:42:51.309177,0.0,0.0,0.0,0.7417582119139623,2.729619166798917,-0.2165422075026484
2025-05-21T00:42:51.409211,0.0,0.0,0.0,0.7417582119139623,2.729619166798917,-0.2165422075026484
2025-05-21T00:42:51.509315,0.0,0.0,0.0,0.7417582119139623,2.729619166798917,-0.2165422075026484
2025-05-21T00:42:51.609247,0.0,0.0,0.0,0.7417582119139623,2.729619166798917,-0.2165422075026484
2025-05-21T00:42:51.709187,0.0,0.0,0.0,0.7417582119139623,2.729619166798917,-0.2165422075026484
2025-05-21T00:42:51.809281,0.0,0.0,0.0,0.7417582119139623,2.729619166798917,-0.2165422075026484
2025-05-21T00:42:51.909231,0.0,0.0,0.0,0.7417582119139623,2.729619166798917,-0.2165422075026484
2025-05-21T00:42:52.009173,0.0,0.0,0.0,0.7417582119139623,2.729619166798917,-0.2165422075026484
2025-05-21T00:42:52.109194,0.0,0.0,0.0,0.7417582119139623,2.729619166798917,-0.2165422075026484
2025-05-21T00:42:52.209193,0.0,0.0,0.0,0.7417582119139623,2.729619166798917,-0.2165422075026484
2025-05-21T00:42:52.309355,0.0,0.0,0.0,0.7417582119139623,2.729619166798917,-0.2165422075026484
2025-05-21T00:42:52.409177,0.0,0.0,0.0,0.7417582119139623,2.729619166798917,-0.2165422075026484
2025-05-21T00:42:52.509185,0.0,0.0,0.0,0.7417582119139623,2.729619166798917,-0.2165422075026484
2025-05-21T00:42:52.609190,0.0,0.0,0.0,0.7417582119139623,2.729619166798917,-0.2165422075026484
2025-05-21T00:42:52.709200,0.0,0.0,0.0,0.7417582119139623,2.729619166798917,-0.2165422075026484
2025-05-21T00:42:52.809198,0.0,0.0,0.0,0.7417582119139623,2.729619166798917,-0.2165422075026484
2025-05-21T00:42:52.909185,0.0,0.0,0.0,0.7417582119139623,2.729619166798917,-0.2165422075026484
2025-05-21T00:42:53.009206,0.0,0.0,0.0,0.7417582119139623,2.729619166798917,-0.2165422075026484
2025-05-21T00:42:53.109178,0.0,0.0,0.0,0.7417582119139623,2.729619166798917,-0.2165422075026484
2025-05-21T00:42:53.209194,0.0,0.0,0.0,0.7417582119139623,2.729619166798917,-0.2165422075026484
2025-05-21T00:42:53.309209,0.0,0.0,0.0,0.7417582119139623,2.729619166798917,-0.2165422075026484
2025-05-21T00:42:53.409189,0.0,0.0,0.0,0.7417582119139623,2.729619166798917,-0.2165422075026484
2025-05-21T00:42:53.509185,0.0,0.0,0.0,0.7417582119139623,2.729619166798917,-0.2165422075026484
2025-05-21T00:42:53.609175,0.0,0.0,0.0,0.7417582119139623,2.729619166798917,-0.2165422075026484
2025-05-21T00:42:53.709239,0.0,0.0,0.0,0.7417582119139623,2.729619166798917,-0.2165422075026484
2025-05-21T00:42:53.809156,0.0,0.0,0.0,0.7417582119139623,2.729619166798917,-0.2165422075026484
2025-05-21T00:42:53.909229,0.0,0.0,0.0,0.7417582119139623,2.729619166798917,-0.2165422075026484
2025-05-21T00:42:54.009212,0.0,0.0,0.0,0.7417582119139623,2.729619166798917,-0.2165422075026484
2025-05-21T00:42:54.109419,0.0,0.0,0.0,0.7417582119139623,2.729619166798917,-0.2165422075026484
2025-05-21T00:42:54.209338,0.0,0.0,0.0,0.7417582119139623,2.729619166798917,-0.2165422075026484
2025-05-21T00:42:54.309512,0.0,0.0,0.0,0.7417582119139623,2.729619166798917,-0.2165422075026484
2025-05-21T00:42:54.409183,0.0,0.0,0.0,0.7417582119139623,2.729619166798917,-0.2165422075026484
2025-05-21T00:42:54.509186,0.0,0.0,0.0,0.7417582119139623,2.729619166798917,-0.2165422075026484
2025-05-21T00:42:54.609255,0.0,0.0,0.0,0.7417582119139623,2.729619166798917,-0.2165422075026484
2025-05-21T00:42:54.709230,0.0,0.0,0.0,0.7417582119139623,2.729619166798917,-0.2165422075026484
2025-05-21T00:42:54.809217,0.0,0.0,0.0,0.7417582119139623,2.729619166798917,-0.2165422075026484
2025-05-21T00:42:54.909212,0.0,0.0,0.0,0.7417582119139623,2.729619166798917,-0.2165422075026484
2025-05-21T00:42:55.009288,0.0,0.0,0.0,0.7417582119139623,2.729619166798917,-0.2165422075026484
2025-05-21T00:42:55.109207,0.0,0.0,0.0,0.7417582119139623,2.729619166798917,-0.2165422075026484
2025-05-21T00:42:55.209215,0.0,0.0,0.0,0.7417582119139623,2.729619166798917,-0.2165422075026484
2025-05-21T00:42:55.309211,0.0,0.0,0.0,0.7417582119139623,2.729619166798917,-0.2165422075026484
2025-05-21T00:42:55.409185,0.0,0.0,0.0,0.7417582119139623,2.729619166798917,-0.2165422075026484
2025-05-21T00:42:55.509268,0.0,0.0,0.0,0.7417582119139623,2.729619166798917,-0.2165422075026484
2025-05-21T00:42:55.609281,0.0,0.0,0.0,0.7417582119139623,2.729619166798917,-0.2165422075026484
2025-05-21T00:42:55.709336,0.0,0.0,0.0,0.7417582119139623,2.729619166798917,-0.2165422075026484
2025-05-21T00:42:55.809349,0.0,0.0,0.0,0.7417582119139623,2.729619166798917,-0.2165422075026484
2025-05-21T00:42:55.909243,0.0,0.0,0.0,0.7417582119139623,2.729619166798917,-0.2165422075026484
2025-05-21T00:42:56.009226,0.0,0.0,0.0,0.7417582119139623,2.729619166798917,-0.2165422075026484
2025-05-21T00:42:56.109243,0.0,0.0,0.0,0.7417582119139623,2.729619166798917,-0.2165422075026484
2025-05-21T00:42:56.209518,0.0,0.0,0.0,0.7417582119139623,2.729619166798917,-0.2165422075026484
2025-05-21T00:42:56.309232,0.0,0.0,0.0,0.7417582119139623,2.729619166798917,-0.2165422075026484
2025-05-21T00:42:56.409242,0.0,0.0,0.0,0.7417582119139623,2.729619166798917,-0.2165422075026484
2025-05-21T00:42:56.509285,0.0,0.0,0.0,0.7417582119139623,2.729619166798917,-0.2165422075026484
2025-05-21T00:42:56.609205,0.0,0.0,0.0,0.7417582119139623,2.729619166798917,-0.2165422075026484
2025-05-21T00:42:56.709233,0.0,0.0,0.0,0.7417582119139623,2.729619166798917,-0.2165422075026484
2025-05-21T00:42:56.809202,0.0,0.0,0.0,0.7417582119139623,2.729619166798917,-0.2165422075026484
2025-05-21T00:42:56.909230,0.0,0.0,0.0,0.7417582119139623,2.729619166798917,-0.2165422075026484
2025-05-21T00:42:57.009232,0.0,0.0,0.0,0.7417582119139623,2.729619166798917,-0.2165422075026484
2025-05-21T00:42:57.109215,0.0,0.0,0.0,0.7417582119139623,2.729619166798917,-0.2165422075026484
2025-05-21T00:42:57.209251,0.0,0.0,0.0,0.7417582119139623,2.729619166798917,-0.2165422075026484
2025-05-21T00:42:57.309369,0.0,0.0,0.0,0.7417582119139623,2.729619166798917,-0.2165422075026484
2025-05-21T00:42:57.409307,0.0,0.0,0.0,0.7417582119139623,2.729619166798917,-0.2165422075026484
2025-05-21T00:42:57.509213,0.0,0.0,0.0,0.7417582119139623,2.729619166798917,-0.2165422075026484
2025-05-21T00:42:57.609270,0.0,0.0,0.0,0.7417582119139623,2.729619166798917,-0.2165422075026484
2025-05-21T00:42:57.709273,0.0,0.0,0.0,0.7417582119139623,2.729619166798917,-0.2165422075026484
2025-05-21T00:42:57.809240,0.0,0.0,0.0,0.7417582119139623,2.729619166798917,-0.2165422075026484
2025-05-21T00:42:57.909219,0.0,0.0,0.0,0.7417582119139623,2.729619166798917,-0.2165422075026484
2025-05-21T00:42:58.009235,0.0,0.0,0.0,0.7417582119139623,2.729619166798917,-0.2165422075026484
2025-05-21T00:42:58.109275,0.0,0.0,0.0,0.7417582119139623,2.729619166798917,-0.2165422075026484
2025-05-21T00:42:58.209299,0.0,0.0,0.0,0.7417582119139623,2.729619166798917,-0.2165422075026484
2025-05-21T00:42:58.309315,0.0,0.0,0.0,0.7417582119139623,2.729619166798917,-0.2165422075026484
2025-05-21T00:42:58.409259,0.0,0.0,0.0,0.7417582119139623,2.729619166798917,-0.2165422075026484
2025-05-21T00:42:58.509222,0.0,0.0,0.0,0.7417582119139623,2.729619166798917,-0.2165422075026484
2025-05-21T00:42:58.609194,0.0,0.0,0.0,0.7417582119139623,2.729619166798917,-0.2165422075026484
2025-05-21T00:42:58.709391,0.0,0.0,0.0,0.7417582119139623,2.729619166798917,-0.2165422075026484
2025-05-21T00:42:58.809264,0.0,0.0,0.0,0.7417582119139623,2.729619166798917,-0.2165422075026484
2025-05-21T00:42:58.909260,0.0,0.0,0.0,0.7417582119139623,2.729619166798917,-0.2165422075026484
2025-05-21T00:42:59.009262,0.0,0.0,0.0,0.7417582119139623,2.729619166798917,-0.2165422075026484
2025-05-21T00:42:59.109207,0.0,0.0,0.0,0.7417582119139623,2.729619166798917,-0.2165422075026484
2025-05-21T00:42:59.209235,0.0,0.0,0.0,0.7417582119139623,2.729619166798917,-0.2165422075026484
2025-05-21T00:42:59.309210,0.0,0.0,0.0,0.7417582119139623,2.729619166798917,-0.2165422075026484
2025-05-21T00:42:59.409258,0.0,0.0,0.0,0.7417582119139623,2.729619166798917,-0.2165422075026484
2025-05-21T00:42:59.509219,0.0,0.0,0.0,0.7417582119139623,2.729619166798917,-0.2165422075026484
2025-05-21T00:42:59.609285,0.0,0.0,0.0,0.7417582119139623,2.729619166798917,-0.2165422075026484
2025-05-21T00:42:59.709193,0.0,0.0,0.0,0.7417582119139623,2.729619166798917,-0.2165422075026484
2025-05-21T00:42:59.809198,0.0,0.0,0.0,0.7417582119139623,2.729619166798917,-0.2165422075026484
2025-05-21T00:42:59.909267,0.0,0.0,0.0,0.7417582119139623,2.729619166798917,-0.2165422075026484
2025-05-21T00:43:00.009208,0.0,0.0,0.0,0.7417582119139623,2.729619166798917,-0.2165422075026484
2025-05-21T00:43:00.109239,0.0,0.0,0.0,0.7417582119139623,2.729619166798917,-0.2165422075026484
2025-05-21T00:43:00.209275,0.0,0.0,0.0,0.7417582119139623,2.729619166798917,-0.2165422075026484
2025-05-21T00:43:00.309306,0.0,0.0,0.0,0.7417582119139623,2.729619166798917,-0.2165422075026484
2025-05-21T00:43:00.409218,0.0,0.0,0.0,0.7417582119139623,2.729619166798917,-0.2165422075026484
2025-05-21T00:43:00.509217,0.0,0.0,0.0,0.7417582119139623,2.729619166798917,-0.2165422075026484
2025-05-21T00:43:00.609226,0.0,0.0,0.0,0.7417582119139623,2.729619166798917,-0.2165422075026484
2025-05-21T00:43:00.709201,0.0,0.0,0.0,0.7417582119139623,2.729619166798917,-0.2165422075026484
2025-05-21T00:43:00.809216,0.0,0.0,0.0,0.7417582119139623,2.729619166798917,-0.2165422075026484
2025-05-21T00:43:00.909212,0.0,0.0,0.0,0.7417582119139623,2.729619166798917,-0.2165422075026484
2025-05-21T00:43:01.009262,0.0,0.0,0.0,0.7417582119139623,2.729619166798917,-0.2165422075026484
2025-05-21T00:43:01.109208,0.0,0.0,0.0,0.7417582119139623,2.729619166798917,-0.2165422075026484
2025-05-21T00:43:01.209209,0.0,0.0,0.0,0.7417582119139623,2.729619166798917,-0.2165422075026484
2025-05-21T00:43:01.309194,0.0,0.0,0.0,0.7417582119139623,2.729619166798917,-0.2165422075026484
2025-05-21T00:43:01.409253,0.0,0.0,0.0,0.7417582119139623,2.729619166798917,-0.2165422075026484
2025-05-21T00:43:01.509294,0.0,0.0,0.0,0.7417582119139623,2.729619166798917,-0.2165422075026484
2025-05-21T00:43:01.609204,0.0,0.0,0.0,0.7417582119139623,2.729619166798917,-0.2165422075026484
2025-05-21T00:43:01.709208,0.0,0.0,0.0,0.7417582119139623,2.729619166798917,-0.2165422075026484
2025-05-21T00:43:01.809208,0.0,0.0,0.0,0.7417582119139623,2.729619166798917,-0.2165422075026484
2025-05-21T00:43:01.909243,0.0,0.0,0.0,0.7417582119139623,2.729619166798917,-0.2165422075026484
2025-05-21T00:43:02.009226,0.0,0.0,0.0,0.7417582119139623,2.729619166798917,-0.2165422075026484
2025-05-21T00:43:02.109187,0.0,0.0,0.0,0.7417582119139623,2.729619166798917,-0.2165422075026484
2025-05-21T00:43:02.209225,0.0,0.0,0.0,0.7417582119139623,2.729619166798917,-0.2165422075026484
2025-05-21T00:43:02.309218,0.0,0.0,0.0,0.7417582119139623,2.729619166798917,-0.2165422075026484
2025-05-21T00:43:02.409190,0.0,0.0,0.0,0.7417582119139623,2.729619166798917,-0.2165422075026484
2025-05-21T00:43:02.509215,0.0,0.0,0.0,0.7417582119139623,2.729619166798917,-0.2165422075026484
2025-05-21T00:43:02.609243,0.0,0.0,0.0,0.7417582119139623,2.729619166798917,-0.2165422075026484
2025-05-21T00:43:02.709206,0.0,0.0,0.0,0.7417582119139623,2.729619166798917,-0.2165422075026484
2025-05-21T00:43:02.809230,0.0,0.0,0.0,0.7417582119139623,2.729619166798917,-0.2165422075026484
2025-05-21T00:43:02.909194,0.0,0.0,0.0,0.7417582119139623,2.729619166798917,-0.2165422075026484
2025-05-21T00:43:03.009260,0.0,0.0,0.0,0.7417582119139623,2.729619166798917,-0.2165422075026484
2025-05-21T00:43:03.109209,0.0,0.0,0.0,0.7417582119139623,2.729619166798917,-0.2165422075026484
2025-05-21T00:43:03.209191,0.0,0.0,0.0,0.7417582119139623,2.729619166798917,-0.2165422075026484
2025-05-21T00:43:03.309222,0.0,0.0,0.0,0.7417582119139623,2.729619166798917,-0.2165422075026484
2025-05-21T00:43:03.409194,0.0,0.0,0.0,0.7417582119139623,2.729619166798917,-0.2165422075026484
2025-05-21T00:43:03.509209,0.0,0.0,0.0,0.7417582119139623,2.729619166798917,-0.2165422075026484
2025-05-21T00:43:03.609193,0.0,0.0,0.0,0.7417582119139623,2.729619166798917,-0.2165422075026484
2025-05-21T00:43:03.709191,0.0,0.0,0.0,0.7417582119139623,2.729619166798917,-0.2165422075026484
2025-05-21T00:43:03.809219,0.0,0.0,0.0,0.7417582119139623,2.729619166798917,-0.2165422075026484
2025-05-21T00:43:03.909199,0.0,0.0,0.0,0.7417582119139623,2.729619166798917,-0.2165422075026484
2025-05-21T00:43:04.009213,0.0,0.0,0.0,0.7417582119139623,2.729619166798917,-0.2165422075026484
2025-05-21T00:43:04.109299,0.0,0.0,0.0,0.7417582119139623,2.729619166798917,-0.2165422075026484
2025-05-21T00:43:04.209231,0.0,0.0,0.0,0.7417582119139623,2.729619166798917,-0.2165422075026484
2025-05-21T00:43:04.309223,0.0,0.0,0.0,0.7417582119139623,2.729619166798917,-0.2165422075026484
2025-05-21T00:43:04.409232,0.0,0.0,0.0,0.7417582119139623,2.729619166798917,-0.2165422075026484
2025-05-21T00:43:04.509207,0.0,0.0,0.0,0.7417582119139623,2.729619166798917,-0.2165422075026484
2025-05-21T00:43:04.609234,0.0,0.0,0.0,0.7417582119139623,2.729619166798917,-0.2165422075026484
2025-05-21T00:43:04.709197,0.0,0.0,0.0,0.7417582119139623,2.729619166798917,-0.2165422075026484
2025-05-21T00:43:04.809210,0.0,0.0,0.0,0.7417582119139623,2.729619166798917,-0.2165422075026484
2025-05-21T00:43:04.909193,0.0,0.0,0.0,0.7417582119139623,2.729619166798917,-0.2165422075026484
2025-05-21T00:43:05.009196,0.0,0.0,0.0,0.7417582119139623,2.729619166798917,-0.2165422075026484
2025-05-21T00:43:05.109193,0.0,0.0,0.0,0.7417582119139623,2.729619166798917,-0.2165422075026484
2025-05-21T00:43:05.209218,0.0,0.0,0.0,0.7417582119139623,2.729619166798917,-0.2165422075026484
2025-05-21T00:43:05.309220,0.0,0.0,0.0,0.7417582119139623,2.729619166798917,-0.2165422075026484
2025-05-21T00:43:05.409196,0.0,0.0,0.0,0.7417582119139623,2.729619166798917,-0.2165422075026484
2025-05-21T00:43:05.509253,0.0,0.0,0.0,0.7417582119139623,2.729619166798917,-0.2165422075026484
2025-05-21T00:43:05.609212,0.0,0.0,0.0,0.7417582119139623,2.729619166798917,-0.2165422075026484
2025-05-21T00:43:05.709198,0.0,0.0,0.0,0.7417582119139623,2.729619166798917,-0.2165422075026484
2025-05-21T00:43:05.809244,0.0,0.0,0.0,0.7417582119139623,2.729619166798917,-0.2165422075026484
2025-05-21T00:43:05.909199,0.0,0.0,0.0,0.7417582119139623,2.729619166798917,-0.2165422075026484
2025-05-21T00:43:06.009255,0.0,0.0,0.0,0.7417582119139623,2.729619166798917,-0.2165422075026484
2025-05-21T00:43:06.116640,0.0,0.0,0.0,0.7417582119139623,2.729619166798917,-0.2165422075026484
2025-05-21T00:43:06.209213,0.0,0.0,0.0,0.7417582119139623,2.729619166798917,-0.2165422075026484
2025-05-21T00:43:06.309216,0.0,0.0,0.0,0.7417582119139623,2.729619166798917,-0.2165422075026484
2025-05-21T00:43:06.409182,0.0,0.0,0.0,0.7417582119139623,2.729619166798917,-0.2165422075026484
2025-05-21T00:43:06.509227,0.0,0.0,0.0,0.7417582119139623,2.729619166798917,-0.2165422075026484
2025-05-21T00:43:06.609237,0.0,0.0,0.0,0.7417582119139623,2.729619166798917,-0.2165422075026484
2025-05-21T00:43:06.709192,0.0,0.0,0.0,0.7417582119139623,2.729619166798917,-0.2165422075026484
2025-05-21T00:43:06.809248,0.0,0.0,0.0,0.7417582119139623,2.729619166798917,-0.2165422075026484
2025-05-21T00:43:06.909189,0.0,0.0,0.0,0.7417582119139623,2.729619166798917,-0.2165422075026484
2025-05-21T00:43:07.009216,0.0,0.0,0.0,0.7417582119139623,2.729619166798917,-0.2165422075026484
2025-05-21T00:43:07.109187,0.0,0.0,0.0,0.7417582119139623,2.729619166798917,-0.2165422075026484
2025-05-21T00:43:07.209179,0.0,0.0,0.0,0.7417582119139623,2.729619166798917,-0.2165422075026484
2025-05-21T00:43:07.309177,0.0,0.0,0.0,0.7417582119139623,2.729619166798917,-0.2165422075026484
2025-05-21T00:43:07.409266,0.0,0.0,0.0,0.7417582119139623,2.729619166798917,-0.2165422075026484
2025-05-21T00:43:07.509222,0.0,0.0,0.0,0.7417582119139623,2.729619166798917,-0.2165422075026484
2025-05-21T00:43:07.609188,0.0,0.0,0.0,0.7417582119139623,2.729619166798917,-0.2165422075026484
2025-05-21T00:43:07.709210,0.0,0.0,0.0,0.7417582119139623,2.729619166798917,-0.2165422075026484
2025-05-21T00:43:07.809232,0.0,0.0,0.0,0.7417582119139623,2.729619166798917,-0.2165422075026484
2025-05-21T00:43:07.909224,0.0,0.0,0.0,0.7417582119139623,2.729619166798917,-0.2165422075026484
2025-05-21T00:43:08.009158,0.0,0.0,0.0,0.7417582119139623,2.729619166798917,-0.2165422075026484
2025-05-21T00:43:08.109185,0.0,0.0,0.0,0.7417582119139623,2.729619166798917,-0.2165422075026484
2025-05-21T00:43:08.209209,0.0,0.0,0.0,0.7417582119139623,2.729619166798917,-0.2165422075026484
2025-05-21T00:43:08.311056,0.0,0.0,0.0,0.7417582119139623,2.729619166798917,-0.2165422075026484
2025-05-21T00:43:08.409316,0.0,0.0,0.0,0.7417582119139623,2.729619166798917,-0.2165422075026484
2025-05-21T00:43:08.509219,0.0,0.0,0.0,0.7417582119139623,2.729619166798917,-0.2165422075026484
2025-05-21T00:43:08.609248,0.0,0.0,0.0,0.7417582119139623,2.729619166798917,-0.2165422075026484
2025-05-21T00:43:08.712034,0.0,0.0,0.0,0.7417582119139623,2.729619166798917,-0.2165422075026484
2025-05-21T00:43:08.809269,0.0,0.0,0.0,0.7417582119139623,2.729619166798917,-0.2165422075026484
2025-05-21T00:43:08.909258,0.0,0.0,0.0,0.7417582119139623,2.729619166798917,-0.2165422075026484
2025-05-21T00:43:09.009295,0.0,0.0,0.0,0.7417582119139623,2.729619166798917,-0.2165422075026484
2025-05-21T00:43:09.109261,0.0,0.0,0.0,0.7417582119139623,2.729619166798917,-0.2165422075026484
2025-05-21T00:43:09.213051,0.0,0.0,0.0,0.7417582119139623,2.729619166798917,-0.2165422075026484
2025-05-21T00:43:09.311211,0.0,0.0,0.0,0.7417582119139623,2.729619166798917,-0.2165422075026484
2025-05-21T00:43:09.410339,0.0,0.0,0.0,0.7417582119139623,2.729619166798917,-0.2165422075026484
2025-05-21T00:43:09.513099,0.0,0.0,0.0,0.7417582119139623,2.729619166798917,-0.2165422075026484
2025-05-21T00:43:09.609250,0.0,0.0,0.0,0.7417582119139623,2.729619166798917,-0.2165422075026484
2025-05-21T00:43:09.709272,0.0,0.0,0.0,0.7417582119139623,2.729619166798917,-0.2165422075026484
2025-05-21T00:43:09.809395,0.0,0.0,0.0,0.7417582119139623,2.729619166798917,-0.2165422075026484
2025-05-21T00:43:09.909539,0.0,0.0,0.0,0.7417582119139623,2.729619166798917,-0.2165422075026484
2025-05-21T00:43:10.009206,0.0,0.0,0.0,0.7417582119139623,2.729619166798917,-0.2165422075026484
2025-05-21T00:43:10.109186,0.0,0.0,0.0,0.7417582119139623,2.729619166798917,-0.2165422075026484
2025-05-21T00:43:10.209257,0.0,0.0,0.0,0.7417582119139623,2.729619166798917,-0.2165422075026484
2025-05-21T00:43:10.309238,0.0,0.0,0.0,0.7417582119139623,2.729619166798917,-0.2165422075026484
2025-05-21T00:43:10.409185,0.0,0.0,0.0,0.7417582119139623,2.729619166798917,-0.2165422075026484
2025-05-21T00:43:10.509200,0.0,0.0,0.0,0.7417582119139623,2.729619166798917,-0.2165422075026484
2025-05-21T00:43:10.609185,0.0,0.0,0.0,0.7417582119139623,2.729619166798917,-0.2165422075026484
2025-05-21T00:43:10.709179,0.0,0.0,0.0,0.7417582119139623,2.729619166798917,-0.2165422075026484
2025-05-21T00:43:10.809220,0.0,0.0,0.0,0.7417582119139623,2.729619166798917,-0.2165422075026484
2025-05-21T00:43:10.909226,0.0,0.0,0.0,0.7417582119139623,2.729619166798917,-0.2165422075026484
2025-05-21T00:43:11.009189,0.0,0.0,0.0,0.7417582119139623,2.729619166798917,-0.2165422075026484
2025-05-21T00:43:11.109182,0.0,0.0,0.0,0.7417582119139623,2.729619166798917,-0.2165422075026484
2025-05-21T00:43:11.209210,0.0,0.0,0.0,0.7417582119139623,2.729619166798917,-0.2165422075026484
2025-05-21T00:43:11.309179,0.0,0.0,0.0,0.7417582119139623,2.729619166798917,-0.2165422075026484
2025-05-21T00:43:11.409192,0.0,0.0,0.0,0.7417582119139623,2.729619166798917,-0.2165422075026484
2025-05-21T00:43:11.509170,0.0,0.0,0.0,0.7417582119139623,2.729619166798917,-0.2165422075026484
2025-05-21T00:43:11.609195,0.0,0.0,0.0,0.7417582119139623,2.729619166798917,-0.2165422075026484
2025-05-21T00:43:11.709208,0.0,0.0,0.0,0.7417582119139623,2.729619166798917,-0.2165422075026484
2025-05-21T00:43:11.809213,0.0,0.0,0.0,0.7417582119139623,2.729619166798917,-0.2165422075026484
2025-05-21T00:43:11.909226,0.0,0.0,0.0,0.7417582119139623,2.729619166798917,-0.2165422075026484
2025-05-21T00:43:12.009221,0.0,0.0,0.0,0.7417582119139623,2.729619166798917,-0.2165422075026484
2025-05-21T00:43:12.109185,0.0,0.0,0.0,0.7417582119139623,2.729619166798917,-0.2165422075026484
2025-05-21T00:43:12.209210,0.0,0.0,0.0,0.7417582119139623,2.729619166798917,-0.2165422075026484
2025-05-21T00:43:12.309199,0.0,0.0,0.0,0.7417582119139623,2.729619166798917,-0.2165422075026484
2025-05-21T00:43:12.409179,0.0,0.0,0.0,0.7417582119139623,2.729619166798917,-0.2165422075026484
2025-05-21T00:43:12.509229,0.0,0.0,0.0,0.7417582119139623,2.729619166798917,-0.2165422075026484
2025-05-21T00:43:12.609262,0.0,0.0,0.0,0.7417582119139623,2.729619166798917,-0.2165422075026484
2025-05-21T00:43:12.709209,0.0,0.0,0.0,0.7417582119139623,2.729619166798917,-0.2165422075026484
2025-05-21T00:43:12.809295,0.0,0.0,0.0,0.7417582119139623,2.729619166798917,-0.2165422075026484
2025-05-21T00:43:12.909211,0.0,0.0,0.0,0.7417582119139623,2.729619166798917,-0.2165422075026484
2025-05-21T00:43:13.009272,0.0,0.0,0.0,0.7417582119139623,2.729619166798917,-0.2165422075026484
2025-05-21T00:43:13.109289,0.0,0.0,0.0,0.7417582119139623,2.729619166798917,-0.2165422075026484
2025-05-21T00:43:13.209228,0.0,0.0,0.0,0.7417582119139623,2.729619166798917,-0.2165422075026484
2025-05-21T00:43:13.309243,0.0,0.0,0.0,0.7417582119139623,2.729619166798917,-0.2165422075026484
2025-05-21T00:43:13.409232,0.0,0.0,0.0,0.7417582119139623,2.729619166798917,-0.2165422075026484
2025-05-21T00:43:13.509225,0.0,0.0,0.0,0.7417582119139623,2.729619166798917,-0.2165422075026484
2025-05-21T00:43:13.609264,0.0,0.0,0.0,0.7417582119139623,2.729619166798917,-0.2165422075026484
2025-05-21T00:43:13.709226,0.0,0.0,0.0,0.7417582119139623,2.729619166798917,-0.2165422075026484
2025-05-21T00:43:13.809221,0.0,0.0,0.0,0.7417582119139623,2.729619166798917,-0.2165422075026484
2025-05-21T00:43:13.909219,0.0,0.0,0.0,0.7417582119139623,2.729619166798917,-0.2165422075026484
2025-05-21T00:43:14.009203,0.0,0.0,0.0,0.7417582119139623,2.729619166798917,-0.2165422075026484
2025-05-21T00:43:14.109212,0.0,0.0,0.0,0.7417582119139623,2.729619166798917,-0.2165422075026484
2025-05-21T00:43:14.209222,0.0,0.0,0.0,0.7417582119139623,2.729619166798917,-0.2165422075026484
2025-05-21T00:43:14.309261,0.0,0.0,0.0,0.7417582119139623,2.729619166798917,-0.2165422075026484
2025-05-21T00:43:14.409187,0.0,0.0,0.0,0.7417582119139623,2.729619166798917,-0.2165422075026484
2025-05-21T00:43:14.509260,0.0,0.0,0.0,0.7417582119139623,2.729619166798917,-0.2165422075026484
2025-05-21T00:43:14.609313,0.0,0.0,0.0,0.7417582119139623,2.729619166798917,-0.2165422075026484
2025-05-21T00:43:14.709263,0.0,0.0,0.0,0.7417582119139623,2.729619166798917,-0.2165422075026484
2025-05-21T00:43:14.809238,0.0,0.0,0.0,0.7417582119139623,2.729619166798917,-0.2165422075026484
2025-05-21T00:43:14.909255,0.0,0.0,0.0,0.7417582119139623,2.729619166798917,-0.2165422075026484
2025-05-21T00:43:15.009263,0.0,0.0,0.0,0.7417582119139623,2.729619166798917,-0.2165422075026484
2025-05-21T00:43:15.109208,0.0,0.0,0.0,0.7417582119139623,2.729619166798917,-0.2165422075026484
2025-05-21T00:43:15.209238,0.0,0.0,0.0,0.7417582119139623,2.729619166798917,-0.2165422075026484
2025-05-21T00:43:15.309234,0.0,0.0,0.0,0.7417582119139623,2.729619166798917,-0.2165422075026484
2025-05-21T00:43:15.409190,0.0,0.0,0.0,0.7417582119139623,2.729619166798917,-0.2165422075026484
2025-05-21T00:43:15.509195,0.0,0.0,0.0,0.7417582119139623,2.729619166798917,-0.2165422075026484
2025-05-21T00:43:15.609211,0.0,0.0,0.0,0.7417582119139623,2.729619166798917,-0.2165422075026484
2025-05-21T00:43:15.709246,0.0,0.0,0.0,0.7417582119139623,2.729619166798917,-0.2165422075026484
2025-05-21T00:43:15.809210,0.0,0.0,0.0,0.7417582119139623,2.729619166798917,-0.2165422075026484
2025-05-21T00:43:15.909210,0.0,0.0,0.0,0.7417582119139623,2.729619166798917,-0.2165422075026484
2025-05-21T00:43:16.009208,0.0,0.0,0.0,0.7417582119139623,2.729619166798917,-0.2165422075026484
2025-05-21T00:43:16.109383,0.0,0.0,0.0,0.7417582119139623,2.729619166798917,-0.2165422075026484
2025-05-21T00:43:16.209230,0.0,0.0,0.0,0.7417582119139623,2.729619166798917,-0.2165422075026484
2025-05-21T00:43:16.309205,0.0,0.0,0.0,0.7417582119139623,2.729619166798917,-0.2165422075026484
2025-05-21T00:43:16.409253,0.0,0.0,0.0,0.7417582119139623,2.729619166798917,-0.2165422075026484
2025-05-21T00:43:16.509193,0.0,0.0,0.0,0.7417582119139623,2.729619166798917,-0.2165422075026484
2025-05-21T00:43:16.609305,0.0,0.0,0.0,0.7417582119139623,2.729619166798917,-0.2165422075026484
2025-05-21T00:43:16.709185,0.0,0.0,0.0,0.7417582119139623,2.729619166798917,-0.2165422075026484
2025-05-21T00:43:16.809196,0.0,0.0,0.0,0.7417582119139623,2.729619166798917,-0.2165422075026484
2025-05-21T00:43:16.909233,0.0,0.0,0.0,0.7417582119139623,2.729619166798917,-0.2165422075026484
2025-05-21T00:43:17.009194,0.0,0.0,0.0,0.7417582119139623,2.729619166798917,-0.2165422075026484
2025-05-21T00:43:17.109226,0.0,0.0,0.0,0.7417582119139623,2.729619166798917,-0.2165422075026484
2025-05-21T00:43:17.209238,0.0,0.0,0.0,0.7417582119139623,2.729619166798917,-0.2165422075026484
2025-05-21T00:43:17.309204,0.0,0.0,0.0,0.7417582119139623,2.729619166798917,-0.2165422075026484
2025-05-21T00:43:17.409246,0.0,0.0,0.0,0.7417582119139623,2.729619166798917,-0.2165422075026484
2025-05-21T00:43:17.509251,0.0,0.0,0.0,0.7417582119139623,2.729619166798917,-0.2165422075026484
2025-05-21T00:43:17.609211,0.0,0.0,0.0,0.7417582119139623,2.729619166798917,-0.2165422075026484
2025-05-21T00:43:17.709205,0.0,0.0,0.0,0.7417582119139623,2.729619166798917,-0.2165422075026484
2025-05-21T00:43:17.809203,0.0,0.0,0.0,0.7417582119139623,2.729619166798917,-0.2165422075026484
2025-05-21T00:43:17.909220,0.0,0.0,0.0,0.7417582119139623,2.729619166798917,-0.2165422075026484
2025-05-21T00:43:18.009200,0.0,0.0,0.0,0.7417582119139623,2.729619166798917,-0.2165422075026484
2025-05-21T00:43:18.109316,0.0,0.0,0.0,0.7417582119139623,2.729619166798917,-0.2165422075026484
2025-05-21T00:43:18.209221,0.0,0.0,0.0,0.7417582119139623,2.729619166798917,-0.2165422075026484
2025-05-21T00:43:18.309264,0.0,0.0,0.0,0.7417582119139623,2.729619166798917,-0.2165422075026484
2025-05-21T00:43:18.409195,0.0,0.0,0.0,0.7417582119139623,2.729619166798917,-0.2165422075026484
2025-05-21T00:43:18.509255,0.0,0.0,0.0,0.7417582119139623,2.729619166798917,-0.2165422075026484
2025-05-21T00:43:18.609297,0.0,0.0,0.0,0.7417582119139623,2.729619166798917,-0.2165422075026484
2025-05-21T00:43:18.709241,0.0,0.0,0.0,0.7417582119139623,2.729619166798917,-0.2165422075026484
2025-05-21T00:43:18.809211,0.0,0.0,0.0,0.7417582119139623,2.729619166798917,-0.2165422075026484
2025-05-21T00:43:18.909284,0.0,0.0,0.0,0.7417582119139623,2.729619166798917,-0.2165422075026484
2025-05-21T00:43:19.009220,0.0,0.0,0.0,0.7417582119139623,2.729619166798917,-0.2165422075026484
2025-05-21T00:43:19.109331,0.0,0.0,0.0,0.7417582119139623,2.729619166798917,-0.2165422075026484
2025-05-21T00:43:19.209233,0.0,0.0,0.0,0.7417582119139623,2.729619166798917,-0.2165422075026484
2025-05-21T00:43:19.309189,0.0,0.0,0.0,0.7417582119139623,2.729619166798917,-0.2165422075026484
2025-05-21T00:43:19.409251,0.0,0.0,0.0,0.7417582119139623,2.729619166798917,-0.2165422075026484
2025-05-21T00:43:19.509323,0.0,0.0,0.0,0.7417582119139623,2.729619166798917,-0.2165422075026484
2025-05-21T00:43:19.609193,0.0,0.0,0.0,0.7417582119139623,2.729619166798917,-0.2165422075026484
2025-05-21T00:43:19.709190,0.0,0.0,0.0,0.7417582119139623,2.729619166798917,-0.2165422075026484
2025-05-21T00:43:19.809296,0.0,0.0,0.0,0.7417582119139623,2.729619166798917,-0.2165422075026484
2025-05-21T00:43:19.909181,0.0,0.0,0.0,0.7417582119139623,2.729619166798917,-0.2165422075026484
2025-05-21T00:43:20.009248,0.0,0.0,0.0,0.7417582119139623,2.729619166798917,-0.2165422075026484
2025-05-21T00:43:20.109270,0.0,0.0,0.0,0.7417582119139623,2.729619166798917,-0.2165422075026484
2025-05-21T00:43:20.209198,0.0,0.0,0.0,0.7417582119139623,2.729619166798917,-0.2165422075026484
2025-05-21T00:43:20.309394,0.0,0.0,0.0,0.7417582119139623,2.729619166798917,-0.2165422075026484
2025-05-21T00:43:20.409261,0.0,0.0,0.0,0.7417582119139623,2.729619166798917,-0.2165422075026484
2025-05-21T00:43:20.509275,0.0,0.0,0.0,0.7417582119139623,2.729619166798917,-0.2165422075026484
2025-05-21T00:43:20.609298,0.0,0.0,0.0,0.7417582119139623,2.729619166798917,-0.2165422075026484
2025-05-21T00:43:20.709293,0.0,0.0,0.0,0.7417582119139623,2.729619166798917,-0.2165422075026484
2025-05-21T00:43:20.809223,0.0,0.0,0.0,0.7417582119139623,2.729619166798917,-0.2165422075026484
2025-05-21T00:43:20.909207,0.0,0.0,0.0,0.7417582119139623,2.729619166798917,-0.2165422075026484
2025-05-21T00:43:21.009199,0.0,0.0,0.0,0.7417582119139623,2.729619166798917,-0.2165422075026484
2025-05-21T00:43:21.109216,0.0,0.0,0.0,0.7417582119139623,2.729619166798917,-0.2165422075026484
2025-05-21T00:43:21.209287,0.0,0.0,0.0,0.7417582119139623,2.729619166798917,-0.2165422075026484
2025-05-21T00:43:21.309222,0.0,0.0,0.0,0.7417582119139623,2.729619166798917,-0.2165422075026484
2025-05-21T00:43:21.409253,0.0,0.0,0.0,0.7417582119139623,2.729619166798917,-0.2165422075026484
2025-05-21T00:43:21.509461,0.0,0.0,0.0,0.7417582119139623,2.729619166798917,-0.2165422075026484
2025-05-21T00:43:21.609211,0.0,0.0,0.0,0.7417582119139623,2.729619166798917,-0.2165422075026484
2025-05-21T00:43:21.709271,0.0,0.0,0.0,0.7417582119139623,2.729619166798917,-0.2165422075026484
2025-05-21T00:43:21.809197,0.0,0.0,0.0,0.7417582119139623,2.729619166798917,-0.2165422075026484
2025-05-21T00:43:21.909334,0.0,0.0,0.0,0.7417582119139623,2.729619166798917,-0.2165422075026484
2025-05-21T00:43:22.009275,0.0,0.0,0.0,0.7417582119139623,2.729619166798917,-0.2165422075026484
2025-05-21T00:43:22.109300,0.0,0.0,0.0,0.7417582119139623,2.729619166798917,-0.2165422075026484
2025-05-21T00:43:22.209236,0.0,0.0,0.0,0.7417582119139623,2.729619166798917,-0.2165422075026484
2025-05-21T00:43:22.309267,0.0,0.0,0.0,0.7417582119139623,2.729619166798917,-0.2165422075026484
2025-05-21T00:43:22.409223,0.0,0.0,0.0,0.7417582119139623,2.729619166798917,-0.2165422075026484
2025-05-21T00:43:22.509212,0.0,0.0,0.0,0.7417582119139623,2.729619166798917,-0.2165422075026484
2025-05-21T00:43:22.609271,0.0,0.0,0.0,0.7417582119139623,2.729619166798917,-0.2165422075026484
2025-05-21T00:43:22.709199,0.0,0.0,0.0,0.7417582119139623,2.729619166798917,-0.2165422075026484
2025-05-21T00:43:22.809235,0.0,0.0,0.0,0.7417582119139623,2.729619166798917,-0.2165422075026484
2025-05-21T00:43:22.909259,0.0,0.0,0.0,0.7417582119139623,2.729619166798917,-0.2165422075026484
2025-05-21T00:43:23.009249,0.0,0.0,0.0,0.7417582119139623,2.729619166798917,-0.2165422075026484
2025-05-21T00:43:23.109212,0.0,0.0,0.0,0.7417582119139623,2.729619166798917,-0.2165422075026484
2025-05-21T00:43:23.209329,0.0,0.0,0.0,0.7417582119139623,2.729619166798917,-0.2165422075026484
2025-05-21T00:43:23.309194,0.0,0.0,0.0,0.7417582119139623,2.729619166798917,-0.2165422075026484
2025-05-21T00:43:23.409204,0.0,0.0,0.0,0.7417582119139623,2.729619166798917,-0.2165422075026484
2025-05-21T00:43:23.509227,0.0,0.0,0.0,0.7417582119139623,2.729619166798917,-0.2165422075026484
2025-05-21T00:43:23.609286,0.0,0.0,0.0,0.7417582119139623,2.729619166798917,-0.2165422075026484
2025-05-21T00:43:23.709292,0.0,0.0,0.0,0.7417582119139623,2.729619166798917,-0.2165422075026484
2025-05-21T00:43:23.809184,0.0,0.0,0.0,0.7417582119139623,2.729619166798917,-0.2165422075026484
2025-05-21T00:43:23.909218,0.0,0.0,0.0,0.7417582119139623,2.729619166798917,-0.2165422075026484
2025-05-21T00:43:24.009208,0.0,0.0,0.0,0.7417582119139623,2.729619166798917,-0.2165422075026484
2025-05-21T00:43:24.109175,0.0,0.0,0.0,0.7417582119139623,2.729619166798917,-0.2165422075026484
2025-05-21T00:43:24.209204,0.0,0.0,0.0,0.7417582119139623,2.729619166798917,-0.2165422075026484
2025-05-21T00:43:24.309238,0.0,0.0,0.0,0.7417582119139623,2.729619166798917,-0.2165422075026484
2025-05-21T00:43:24.409187,0.0,0.0,0.0,0.7417582119139623,2.729619166798917,-0.2165422075026484
2025-05-21T00:43:24.509204,0.0,0.0,0.0,0.7417582119139623,2.729619166798917,-0.2165422075026484
2025-05-21T00:43:24.609251,0.0,0.0,0.0,0.7417582119139623,2.729619166798917,-0.2165422075026484
2025-05-21T00:43:24.709197,0.0,0.0,0.0,0.7417582119139623,2.729619166798917,-0.2165422075026484
2025-05-21T00:43:24.809186,0.0,0.0,0.0,0.7417582119139623,2.729619166798917,-0.2165422075026484
2025-05-21T00:43:24.909320,0.0,0.0,0.0,0.7417582119139623,2.729619166798917,-0.2165422075026484
2025-05-21T00:43:25.009269,0.0,0.0,0.0,0.7417582119139623,2.729619166798917,-0.2165422075026484
2025-05-21T00:43:25.109260,0.0,0.0,0.0,0.7417582119139623,2.729619166798917,-0.2165422075026484
2025-05-21T00:43:25.209204,0.0,0.0,0.0,0.7417582119139623,2.729619166798917,-0.2165422075026484
2025-05-21T00:43:25.309295,0.0,0.0,0.0,0.7417582119139623,2.729619166798917,-0.2165422075026484
2025-05-21T00:43:25.409212,0.0,0.0,0.0,0.7417582119139623,2.729619166798917,-0.2165422075026484
2025-05-21T00:43:25.509237,0.0,0.0,0.0,0.7417582119139623,2.729619166798917,-0.2165422075026484
2025-05-21T00:43:25.609227,0.0,0.0,0.0,0.7417582119139623,2.729619166798917,-0.2165422075026484
2025-05-21T00:43:25.709231,0.0,0.0,0.0,0.7417582119139623,2.729619166798917,-0.2165422075026484
2025-05-21T00:43:25.809255,0.0,0.0,0.0,0.7417582119139623,2.729619166798917,-0.2165422075026484
2025-05-21T00:43:25.909226,0.0,0.0,0.0,0.7417582119139623,2.729619166798917,-0.2165422075026484
2025-05-21T00:43:26.009217,0.0,0.0,0.0,0.7417582119139623,2.729619166798917,-0.2165422075026484
2025-05-21T00:43:26.109195,0.0,0.0,0.0,0.7417582119139623,2.729619166798917,-0.2165422075026484
2025-05-21T00:43:26.209191,0.0,0.0,0.0,0.7417582119139623,2.729619166798917,-0.2165422075026484
2025-05-21T00:43:26.309217,0.0,0.0,0.0,0.7417582119139623,2.729619166798917,-0.2165422075026484
2025-05-21T00:43:26.409256,0.0,0.0,0.0,0.7417582119139623,2.729619166798917,-0.2165422075026484
2025-05-21T00:43:26.509199,0.0,0.0,0.0,0.7417582119139623,2.729619166798917,-0.2165422075026484
2025-05-21T00:43:26.609180,0.0,0.0,0.0,0.7417582119139623,2.729619166798917,-0.2165422075026484
2025-05-21T00:43:26.709224,0.0,0.0,0.0,0.7417582119139623,2.729619166798917,-0.2165422075026484
2025-05-21T00:43:26.809246,0.0,0.0,0.0,0.7417582119139623,2.729619166798917,-0.2165422075026484
2025-05-21T00:43:26.909232,0.0,0.0,0.0,0.7417582119139623,2.729619166798917,-0.2165422075026484
2025-05-21T00:43:27.009201,0.0,0.0,0.0,0.7417582119139623,2.729619166798917,-0.2165422075026484
2025-05-21T00:43:27.109194,0.0,0.0,0.0,0.7417582119139623,2.729619166798917,-0.2165422075026484
2025-05-21T00:43:27.209241,0.0,0.0,0.0,0.7417582119139623,2.729619166798917,-0.2165422075026484
2025-05-21T00:43:27.309193,0.0,0.0,0.0,0.7417582119139623,2.729619166798917,-0.2165422075026484
2025-05-21T00:43:27.409233,0.0,0.0,0.0,0.7417582119139623,2.729619166798917,-0.2165422075026484
2025-05-21T00:43:27.509199,0.0,0.0,0.0,0.7417582119139623,2.729619166798917,-0.2165422075026484
2025-05-21T00:43:27.609227,0.0,0.0,0.0,0.7417582119139623,2.729619166798917,-0.2165422075026484
2025-05-21T00:43:27.709176,0.0,0.0,0.0,0.7417582119139623,2.729619166798917,-0.2165422075026484
2025-05-21T00:43:27.809214,0.0,0.0,0.0,0.7417582119139623,2.729619166798917,-0.2165422075026484
2025-05-21T00:43:27.909219,0.0,0.0,0.0,0.7417582119139623,2.729619166798917,-0.2165422075026484
2025-05-21T00:43:28.009208,0.0,0.0,0.0,0.7417582119139623,2.729619166798917,-0.2165422075026484
2025-05-21T00:43:28.109205,0.0,0.0,0.0,0.7417582119139623,2.729619166798917,-0.2165422075026484
2025-05-21T00:43:28.209200,0.0,0.0,0.0,0.7417582119139623,2.729619166798917,-0.2165422075026484
2025-05-21T00:43:28.309200,0.0,0.0,0.0,0.7417582119139623,2.729619166798917,-0.2165422075026484
2025-05-21T00:43:28.409186,0.0,0.0,0.0,0.7417582119139623,2.729619166798917,-0.2165422075026484
2025-05-21T00:43:28.509206,0.0,0.0,0.0,0.7417582119139623,2.729619166798917,-0.2165422075026484
2025-05-21T00:43:28.609245,0.0,0.0,0.0,0.7417582119139623,2.729619166798917,-0.2165422075026484
2025-05-21T00:43:28.709216,0.0,0.0,0.0,0.7417582119139623,2.729619166798917,-0.2165422075026484
2025-05-21T00:43:28.809238,0.0,0.0,0.0,0.7417582119139623,2.729619166798917,-0.2165422075026484
2025-05-21T00:43:28.909193,0.0,0.0,0.0,0.7417582119139623,2.729619166798917,-0.2165422075026484
2025-05-21T00:43:29.009195,0.0,0.0,0.0,0.7417582119139623,2.729619166798917,-0.2165422075026484
2025-05-21T00:43:29.109205,0.0,0.0,0.0,0.7417582119139623,2.729619166798917,-0.2165422075026484
2025-05-21T00:43:29.209196,0.0,0.0,0.0,0.7417582119139623,2.729619166798917,-0.2165422075026484
2025-05-21T00:43:29.309218,0.0,0.0,0.0,0.7417582119139623,2.729619166798917,-0.2165422075026484
2025-05-21T00:43:29.409213,0.0,0.0,0.0,0.7417582119139623,2.729619166798917,-0.2165422075026484
2025-05-21T00:43:29.509203,0.0,0.0,0.0,0.7417582119139623,2.729619166798917,-0.2165422075026484
2025-05-21T00:43:29.609193,0.0,0.0,0.0,0.7417582119139623,2.729619166798917,-0.2165422075026484
2025-05-21T00:43:29.709199,0.0,0.0,0.0,0.7417582119139623,2.729619166798917,-0.2165422075026484
2025-05-21T00:43:29.809186,0.0,0.0,0.0,0.7417582119139623,2.729619166798917,-0.2165422075026484
2025-05-21T00:43:29.909203,0.0,0.0,0.0,0.7417582119139623,2.729619166798917,-0.2165422075026484
2025-05-21T00:43:30.009217,0.0,0.0,0.0,0.7417582119139623,2.729619166798917,-0.2165422075026484
2025-05-21T00:43:30.109188,0.0,0.0,0.0,0.7417582119139623,2.729619166798917,-0.2165422075026484
2025-05-21T00:43:30.209291,0.0,0.0,0.0,0.7417582119139623,2.729619166798917,-0.2165422075026484
2025-05-21T00:43:30.309304,0.0,0.0,0.0,0.7417582119139623,2.729619166798917,-0.2165422075026484
2025-05-21T00:43:30.409262,0.0,0.0,0.0,0.7417582119139623,2.729619166798917,-0.2165422075026484
2025-05-21T00:43:30.509277,0.0,0.0,0.0,0.7417582119139623,2.729619166798917,-0.2165422075026484
2025-05-21T00:43:30.609287,0.0,0.0,0.0,0.7417582119139623,2.729619166798917,-0.2165422075026484
2025-05-21T00:43:30.709221,0.0,0.0,0.0,0.7417582119139623,2.729619166798917,-0.2165422075026484
2025-05-21T00:43:30.809249,0.0,0.0,0.0,0.7417582119139623,2.729619166798917,-0.2165422075026484
2025-05-21T00:43:30.909211,0.0,0.0,0.0,0.7417582119139623,2.729619166798917,-0.2165422075026484
2025-05-21T00:43:31.009213,0.0,0.0,0.0,0.7417582119139623,2.729619166798917,-0.2165422075026484
2025-05-21T00:43:31.109200,0.0,0.0,0.0,0.7417582119139623,2.729619166798917,-0.2165422075026484
2025-05-21T00:43:31.209221,0.0,0.0,0.0,0.7417582119139623,2.729619166798917,-0.2165422075026484
2025-05-21T00:43:31.309234,0.0,0.0,0.0,0.7417582119139623,2.729619166798917,-0.2165422075026484
2025-05-21T00:43:31.409212,0.0,0.0,0.0,0.7417582119139623,2.729619166798917,-0.2165422075026484
2025-05-21T00:43:31.509235,0.0,0.0,0.0,0.7417582119139623,2.729619166798917,-0.2165422075026484
2025-05-21T00:43:31.609184,0.0,0.0,0.0,0.7417582119139623,2.729619166798917,-0.2165422075026484
2025-05-21T00:43:31.709190,0.0,0.0,0.0,0.7417582119139623,2.729619166798917,-0.2165422075026484
2025-05-21T00:43:31.809225,0.0,0.0,0.0,0.7417582119139623,2.729619166798917,-0.2165422075026484
2025-05-21T00:43:31.909228,0.0,0.0,0.0,0.7417582119139623,2.729619166798917,-0.2165422075026484
2025-05-21T00:43:32.009221,0.0,0.0,0.0,0.7417582119139623,2.729619166798917,-0.2165422075026484
2025-05-21T00:43:32.109210,0.0,0.0,0.0,0.7417582119139623,2.729619166798917,-0.2165422075026484
2025-05-21T00:43:32.209219,0.0,0.0,0.0,0.7417582119139623,2.729619166798917,-0.2165422075026484
2025-05-21T00:43:32.309198,0.0,0.0,0.0,0.7417582119139623,2.729619166798917,-0.2165422075026484
2025-05-21T00:43:32.409234,0.0,0.0,0.0,0.7417582119139623,2.729619166798917,-0.2165422075026484
2025-05-21T00:43:32.509186,0.0,0.0,0.0,0.7417582119139623,2.729619166798917,-0.2165422075026484
2025-05-21T00:43:32.609235,0.0,0.0,0.0,0.7417582119139623,2.729619166798917,-0.2165422075026484
2025-05-21T00:43:32.709218,0.0,0.0,0.0,0.7417582119139623,2.729619166798917,-0.2165422075026484
2025-05-21T00:43:32.809191,0.0,0.0,0.0,0.7417582119139623,2.729619166798917,-0.2165422075026484
2025-05-21T00:43:32.909243,0.0,0.0,0.0,0.7417582119139623,2.729619166798917,-0.2165422075026484
2025-05-21T00:43:33.009228,0.0,0.0,0.0,0.7417582119139623,2.729619166798917,-0.2165422075026484
2025-05-21T00:43:33.109232,0.0,0.0,0.0,0.7417582119139623,2.729619166798917,-0.2165422075026484
2025-05-21T00:43:33.209211,0.0,0.0,0.0,0.7417582119139623,2.729619166798917,-0.2165422075026484
2025-05-21T00:43:33.309234,0.0,0.0,0.0,0.7417582119139623,2.729619166798917,-0.2165422075026484
2025-05-21T00:43:33.409237,0.0,0.0,0.0,0.7417582119139623,2.729619166798917,-0.2165422075026484
2025-05-21T00:43:33.509283,0.0,0.0,0.0,0.7417582119139623,2.729619166798917,-0.2165422075026484
2025-05-21T00:43:33.609270,0.0,0.0,0.0,0.7417582119139623,2.729619166798917,-0.2165422075026484
2025-05-21T00:43:33.709250,0.0,0.0,0.0,0.7417582119139623,2.729619166798917,-0.2165422075026484
2025-05-21T00:43:33.809294,0.0,0.0,0.0,0.7417582119139623,2.729619166798917,-0.2165422075026484
2025-05-21T00:43:33.909251,0.0,0.0,0.0,0.7417582119139623,2.729619166798917,-0.2165422075026484
2025-05-21T00:43:34.009258,0.0,0.0,0.0,0.7417582119139623,2.729619166798917,-0.2165422075026484
2025-05-21T00:43:34.109200,0.0,0.0,0.0,0.7417582119139623,2.729619166798917,-0.2165422075026484
2025-05-21T00:43:34.209207,0.0,0.0,0.0,0.7417582119139623,2.729619166798917,-0.2165422075026484
2025-05-21T00:43:34.309239,0.0,0.0,0.0,0.7417582119139623,2.729619166798917,-0.2165422075026484
2025-05-21T00:43:34.409222,0.0,0.0,0.0,0.7417582119139623,2.729619166798917,-0.2165422075026484
2025-05-21T00:43:34.509199,0.0,0.0,0.0,0.7417582119139623,2.729619166798917,-0.2165422075026484
2025-05-21T00:43:34.609246,0.0,0.0,0.0,0.7417582119139623,2.729619166798917,-0.2165422075026484
2025-05-21T00:43:34.709269,0.0,0.0,0.0,0.7417582119139623,2.729619166798917,-0.2165422075026484
2025-05-21T00:43:34.809288,0.0,0.0,0.0,0.7417582119139623,2.729619166798917,-0.2165422075026484
2025-05-21T00:43:34.909248,0.0,0.0,0.0,0.7417582119139623,2.729619166798917,-0.2165422075026484
2025-05-21T00:43:35.009263,0.0,0.0,0.0,0.7417582119139623,2.729619166798917,-0.2165422075026484
2025-05-21T00:43:35.109300,0.0,0.0,0.0,0.7417582119139623,2.729619166798917,-0.2165422075026484
2025-05-21T00:43:35.209285,0.0,0.0,0.0,0.7417582119139623,2.729619166798917,-0.2165422075026484
2025-05-21T00:43:35.309338,0.0,0.0,0.0,0.7417582119139623,2.729619166798917,-0.2165422075026484
2025-05-21T00:43:35.409225,0.0,0.0,0.0,0.7417582119139623,2.729619166798917,-0.2165422075026484
2025-05-21T00:43:35.509210,0.0,0.0,0.0,0.7417582119139623,2.729619166798917,-0.2165422075026484
2025-05-21T00:43:35.609259,0.0,0.0,0.0,0.7417582119139623,2.729619166798917,-0.2165422075026484
2025-05-21T00:43:35.709231,0.0,0.0,0.0,0.7417582119139623,2.729619166798917,-0.2165422075026484
2025-05-21T00:43:35.809256,0.0,0.0,0.0,0.7417582119139623,2.729619166798917,-0.2165422075026484
2025-05-21T00:43:35.909353,0.0,0.0,0.0,0.7417582119139623,2.729619166798917,-0.2165422075026484
2025-05-21T00:43:36.009334,0.0,0.0,0.0,0.7417582119139623,2.729619166798917,-0.2165422075026484
2025-05-21T00:43:36.109264,0.0,0.0,0.0,0.7417582119139623,2.729619166798917,-0.2165422075026484
2025-05-21T00:43:36.209278,0.0,0.0,0.0,0.7417582119139623,2.729619166798917,-0.2165422075026484
2025-05-21T00:43:36.309216,0.0,0.0,0.0,0.7417582119139623,2.729619166798917,-0.2165422075026484
2025-05-21T00:43:36.409244,0.0,0.0,0.0,0.7417582119139623,2.729619166798917,-0.2165422075026484
2025-05-21T00:43:36.509325,0.0,0.0,0.0,0.7417582119139623,2.729619166798917,-0.2165422075026484
2025-05-21T00:43:36.609221,0.0,0.0,0.0,0.7417582119139623,2.729619166798917,-0.2165422075026484
2025-05-21T00:43:36.709285,0.0,0.0,0.0,0.7417582119139623,2.729619166798917,-0.2165422075026484
2025-05-21T00:43:36.809208,0.0,0.0,0.0,0.7417582119139623,2.729619166798917,-0.2165422075026484
2025-05-21T00:43:36.909247,0.0,0.0,0.0,0.7417582119139623,2.729619166798917,-0.2165422075026484
2025-05-21T00:43:37.009248,0.0,0.0,0.0,0.7417582119139623,2.729619166798917,-0.2165422075026484
2025-05-21T00:43:37.109234,0.0,0.0,0.0,0.7417582119139623,2.729619166798917,-0.2165422075026484
2025-05-21T00:43:37.209246,0.0,0.0,0.0,0.7417582119139623,2.729619166798917,-0.2165422075026484
2025-05-21T00:43:37.309190,0.0,0.0,0.0,0.7417582119139623,2.729619166798917,-0.2165422075026484
2025-05-21T00:43:37.414916,0.0,0.0,0.0,0.7417582119139623,2.729619166798917,-0.2165422075026484
2025-05-21T00:43:37.510665,0.0,0.0,0.0,0.7417582119139623,2.729619166798917,-0.2165422075026484
2025-05-21T00:43:37.609241,0.0,0.0,0.0,0.7417582119139623,2.729619166798917,-0.2165422075026484
2025-05-21T00:43:37.709315,0.0,0.0,0.0,0.7417582119139623,2.729619166798917,-0.2165422075026484
2025-05-21T00:43:37.809225,0.0,0.0,0.0,0.7417582119139623,2.729619166798917,-0.2165422075026484
2025-05-21T00:43:37.909162,0.0,0.0,0.0,0.7417582119139623,2.729619166798917,-0.2165422075026484
2025-05-21T00:43:38.009182,0.0,0.0,0.0,0.7417582119139623,2.729619166798917,-0.2165422075026484
2025-05-21T00:43:38.109174,0.0,0.0,0.0,0.7417582119139623,2.729619166798917,-0.2165422075026484
2025-05-21T00:43:38.209201,0.0,0.0,0.0,0.7417582119139623,2.729619166798917,-0.2165422075026484
2025-05-21T00:43:38.309344,0.0,0.0,0.0,0.7417582119139623,2.729619166798917,-0.2165422075026484
2025-05-21T00:43:38.409215,0.0,0.0,0.0,0.7417582119139623,2.729619166798917,-0.2165422075026484
2025-05-21T00:43:38.509207,0.0,0.0,0.0,0.7417582119139623,2.729619166798917,-0.2165422075026484
2025-05-21T00:43:38.609212,0.0,0.0,0.0,0.7417582119139623,2.729619166798917,-0.2165422075026484
2025-05-21T00:43:38.709270,0.0,0.0,0.0,0.7417582119139623,2.729619166798917,-0.2165422075026484
2025-05-21T00:43:38.809204,0.0,0.0,0.0,0.7417582119139623,2.729619166798917,-0.2165422075026484
2025-05-21T00:43:38.911023,0.0,0.0,0.0,0.7417582119139623,2.729619166798917,-0.2165422075026484
2025-05-21T00:43:39.009340,0.0,0.0,0.0,0.7417582119139623,2.729619166798917,-0.2165422075026484
2025-05-21T00:43:39.109205,0.0,0.0,0.0,0.7417582119139623,2.729619166798917,-0.2165422075026484
2025-05-21T00:43:39.209211,0.0,0.0,0.0,0.7417582119139623,2.729619166798917,-0.2165422075026484
2025-05-21T00:43:39.313053,0.0,0.0,0.0,0.7417582119139623,2.729619166798917,-0.2165422075026484
2025-05-21T00:43:39.409413,0.0,0.0,0.0,0.7417582119139623,2.729619166798917,-0.2165422075026484
2025-05-21T00:43:39.509313,0.0,0.0,0.0,0.7417582119139623,2.729619166798917,-0.2165422075026484
2025-05-21T00:43:39.609164,0.0,0.0,0.0,0.7417582119139623,2.729619166798917,-0.2165422075026484
2025-05-21T00:43:39.709198,0.0,0.0,0.0,0.7417582119139623,2.729619166798917,-0.2165422075026484
2025-05-21T00:43:39.809193,0.0,0.0,0.0,0.7417582119139623,2.729619166798917,-0.2165422075026484
2025-05-21T00:43:39.909192,0.0,0.0,0.0,0.7417582119139623,2.729619166798917,-0.2165422075026484
2025-05-21T00:43:40.009179,0.0,0.0,0.0,0.7417582119139623,2.729619166798917,-0.2165422075026484
2025-05-21T00:43:40.109173,0.0,0.0,0.0,0.7417582119139623,2.729619166798917,-0.2165422075026484
2025-05-21T00:43:40.209195,0.0,0.0,0.0,0.7417582119139623,2.729619166798917,-0.2165422075026484
2025-05-21T00:43:40.309185,0.0,0.0,0.0,0.7417582119139623,2.729619166798917,-0.2165422075026484
2025-05-21T00:43:40.409198,0.0,0.0,0.0,0.7417582119139623,2.729619166798917,-0.2165422075026484
2025-05-21T00:43:40.510211,0.0,0.0,0.0,0.7417582119139623,2.729619166798917,-0.2165422075026484
2025-05-21T00:43:40.615004,0.0,0.0,0.0,0.7417582119139623,2.729619166798917,-0.2165422075026484
2025-05-21T00:43:40.709319,0.0,0.0,0.0,0.7417582119139623,2.729619166798917,-0.2165422075026484
2025-05-21T00:43:40.809278,0.0,0.0,0.0,0.7417582119139623,2.729619166798917,-0.2165422075026484
2025-05-21T00:43:40.909294,0.0,0.0,0.0,0.7417582119139623,2.729619166798917,-0.2165422075026484
2025-05-21T00:43:41.011866,0.0,0.0,0.0,0.7417582119139623,2.729619166798917,-0.2165422075026484
2025-05-21T00:43:41.109343,0.0,0.0,0.0,0.7417582119139623,2.729619166798917,-0.2165422075026484
2025-05-21T00:43:41.209232,0.0,0.0,0.0,0.7417582119139623,2.729619166798917,-0.2165422075026484
2025-05-21T00:43:41.311233,0.0,0.0,0.0,0.7417582119139623,2.729619166798917,-0.2165422075026484
2025-05-21T00:43:41.411928,0.0,0.0,0.0,0.7417582119139623,2.729619166798917,-0.2165422075026484
2025-05-21T00:43:41.509245,0.0,0.0,0.0,0.0,0.0,0.0
2025-05-21T00:43:41.609245,0.0,0.0,0.0,0.0,0.0,0.0
2025-05-21T00:43:41.709212,0.0,0.0,0.0,0.0,0.0,0.0
2025-05-21T00:43:41.809284,0.0,0.0,0.0,0.0,0.0,0.0
2025-05-21T00:43:41.909373,0.0,0.0,0.0,0.0,0.0,0.0
2025-05-21T00:43:42.009192,0.0,0.0,0.0,0.0,0.0,0.0
2025-05-21T00:43:42.109182,0.0,0.0,0.0,0.0,0.0,0.0
2025-05-21T00:43:42.209193,0.0,0.0,0.0,0.0,0.0,0.0
2025-05-21T00:43:42.309227,0.0,0.0,0.0,0.0,0.0,0.0
2025-05-21T00:43:42.409208,0.0,0.0,0.0,0.0,0.0,0.0
2025-05-21T00:43:42.509215,0.0,0.0,0.0,0.0,0.0,0.0
2025-05-21T00:43:42.609208,0.0,0.0,0.0,0.0,0.0,0.0
2025-05-21T00:43:42.709232,0.0,0.0,0.0,0.0,0.0,0.0
2025-05-21T00:43:42.809203,0.0,0.0,0.0,0.0,0.0,0.0
2025-05-21T00:43:42.909216,0.0,0.0,0.0,0.0,0.0,0.0
2025-05-21T00:43:43.009204,0.0,0.0,0.0,0.0,0.0,0.0
2025-05-21T00:43:43.109184,0.0,0.0,0.0,0.0,0.0,0.0
2025-05-21T00:43:43.209216,0.0,0.0,0.0,0.0,0.0,0.0
2025-05-21T00:43:43.309212,0.0,0.0,0.0,0.0,0.0,0.0
2025-05-21T00:43:43.409253,0.0,0.0,0.0,0.0,0.0,0.0
2025-05-21T00:43:43.509206,0.0,0.0,0.0,0.0,0.0,0.0
2025-05-21T00:43:43.609191,0.0,0.0,0.0,0.0,0.0,0.0
2025-05-21T00:43:43.709242,0.0,0.0,0.0,0.0,0.0,0.0
2025-05-21T00:43:43.809185,0.0,0.0,0.0,0.0,0.0,0.0
2025-05-21T00:43:43.909221,0.0,0.0,0.0,0.0,0.0,0.0
