timestamp,cmd_vel_linear_x,cmd_vel_linear_y,cmd_vel_angular_z,odom_pos_x,odom_pos_y,odom_yaw
2025-05-21T00:25:12.136039,0.0,0.0,0.0,0.0,0.0,0.0
2025-05-21T00:25:12.236087,0.0,0.0,0.0,0.0,0.0,0.0
2025-05-21T00:25:12.336026,0.0,0.0,0.0,0.0,0.0,0.0
2025-05-21T00:25:12.436029,0.0,0.0,0.0,0.0,0.0,0.0
2025-05-21T00:25:12.536084,0.0,0.0,0.0,0.0,0.0,0.0
2025-05-21T00:25:12.636037,0.0,0.0,0.0,0.0,0.0,0.0
2025-05-21T00:25:12.736031,0.0,0.0,0.0,0.0,0.0,0.0
2025-05-21T00:25:12.836125,0.0,0.0,0.0,0.0,0.0,0.0
2025-05-21T00:25:12.936068,0.0,0.0,0.0,0.0,0.0,0.0
2025-05-21T00:25:13.036047,0.0,0.0,0.0,0.0,0.0,0.0
2025-05-21T00:25:13.136033,0.0,0.0,0.0,0.0,0.0,0.0
2025-05-21T00:25:13.236093,0.0,0.0,0.0,0.0,0.0,0.0
2025-05-21T00:25:13.336097,0.0,0.0,0.0,0.0,0.0,0.0
2025-05-21T00:25:13.436046,0.0,0.0,0.0,0.0,0.0,0.0
2025-05-21T00:25:13.536114,0.0,0.0,0.0,0.0,0.0,0.0
2025-05-21T00:25:13.636090,0.0,0.0,0.0,0.0,0.0,0.0
2025-05-21T00:25:13.736052,0.0,0.0,0.0,0.0,0.0,0.0
2025-05-21T00:25:13.836135,0.0,0.0,0.0,0.0,0.0,0.0
2025-05-21T00:25:13.936082,0.0,0.0,0.0,0.0,0.0,0.0
2025-05-21T00:25:14.036087,0.0,0.0,0.0,0.0,0.0,0.0
2025-05-21T00:25:14.136046,0.0,0.0,0.0,0.0,0.0,0.0
2025-05-21T00:25:14.236045,0.0,0.0,0.0,0.0,0.0,0.0
2025-05-21T00:25:14.336020,0.0,0.0,0.0,0.0,0.0,0.0
2025-05-21T00:25:14.436114,0.0,0.0,0.0,0.0,0.0,0.0
2025-05-21T00:25:14.536045,0.0,0.0,0.0,0.0,0.0,0.0
2025-05-21T00:25:14.636087,0.0,0.0,0.0,0.0,0.0,0.0
2025-05-21T00:25:14.736059,0.0,0.0,0.0,0.0,0.0,0.0
2025-05-21T00:25:14.836025,0.0,0.0,0.0,0.0,0.0,0.0
2025-05-21T00:25:14.936045,0.0,0.0,0.0,0.0,0.0,0.0
2025-05-21T00:25:15.036207,0.0,0.0,0.0,0.0,0.0,0.0
2025-05-21T00:25:15.136029,0.0,0.0,0.0,0.0,0.0,0.0
2025-05-21T00:25:15.236115,0.0,0.0,0.0,0.0,0.0,0.0
2025-05-21T00:25:15.336050,0.0,0.0,0.0,0.0,0.0,0.0
2025-05-21T00:25:15.436073,0.0,0.0,0.0,0.0,0.0,0.0
2025-05-21T00:25:15.536048,0.0,0.0,0.0,0.0,0.0,0.0
2025-05-21T00:25:15.636022,0.0,0.0,0.0,0.0,0.0,0.0
2025-05-21T00:25:15.736058,0.0,0.0,0.0,0.0,0.0,0.0
2025-05-21T00:25:15.836086,0.0,0.0,0.0,0.0,0.0,0.0
2025-05-21T00:25:15.936038,0.0,0.0,0.0,0.0,0.0,0.0
2025-05-21T00:25:16.036062,0.0,0.0,0.0,0.0,0.0,0.0
2025-05-21T00:25:16.136042,0.0,0.0,0.0,0.0,0.0,0.0
2025-05-21T00:25:16.236057,0.0,0.0,0.0,0.0,0.0,0.0
2025-05-21T00:25:16.336028,0.0,0.0,0.0,0.0,0.0,0.0
2025-05-21T00:25:16.436029,0.0,0.0,0.0,0.0,0.0,0.0
2025-05-21T00:25:16.536181,0.0,0.0,0.0,0.0,0.0,0.0
2025-05-21T00:25:16.636029,0.0,0.0,0.0,0.0,0.0,0.0
2025-05-21T00:25:16.736031,0.0,0.0,0.0,0.0,0.0,0.0
2025-05-21T00:25:16.836015,0.0,0.0,0.0,0.0,0.0,0.0
2025-05-21T00:25:16.936040,0.0,0.0,0.0,0.0,0.0,0.0
2025-05-21T00:25:17.036022,0.0,0.0,0.0,0.0,0.0,0.0
2025-05-21T00:25:17.136042,0.0,0.0,0.0,0.0,0.0,0.0
2025-05-21T00:25:17.236035,0.0,0.0,0.0,0.0,0.0,0.0
2025-05-21T00:25:17.336092,0.0,0.0,0.0,0.0,0.0,0.0
2025-05-21T00:25:17.436050,0.0,0.0,0.0,0.0,0.0,0.0
2025-05-21T00:25:17.536038,0.0,0.0,0.0,0.0,0.0,0.0
2025-05-21T00:25:17.636073,0.0,0.0,0.0,0.0,0.0,0.0
2025-05-21T00:25:17.736196,0.0,0.0,0.0,0.0,0.0,0.0
2025-05-21T00:25:17.836023,0.0,0.0,0.0,0.0,0.0,0.0
2025-05-21T00:25:17.936132,0.0,0.0,0.0,0.0,0.0,0.0
2025-05-21T00:25:18.036059,0.0,0.0,0.0,0.0,0.0,0.0
2025-05-21T00:25:18.136080,0.0,0.0,0.0,0.0,0.0,0.0
2025-05-21T00:25:18.236049,0.0,0.0,0.0,0.0,0.0,0.0
2025-05-21T00:25:18.336070,0.0,0.0,0.0,0.0,0.0,0.0
2025-05-21T00:25:18.436031,0.0,0.0,0.0,0.0,0.0,0.0
2025-05-21T00:25:18.536095,0.0,0.0,0.0,0.0,0.0,0.0
2025-05-21T00:25:18.636328,0.0,0.0,0.0,0.0,0.0,0.0
2025-05-21T00:25:18.736031,0.0,0.0,0.0,0.0,0.0,0.0
2025-05-21T00:25:18.836198,0.0,0.0,0.0,0.0,0.0,0.0
2025-05-21T00:25:18.936042,0.0,0.0,0.0,0.0,0.0,0.0
2025-05-21T00:25:19.036035,0.0,0.0,0.0,0.0,0.0,0.0
2025-05-21T00:25:19.136037,0.0,0.0,0.0,0.0,0.0,0.0
2025-05-21T00:25:19.236031,0.0,0.0,0.0,0.0,0.0,0.0
2025-05-21T00:25:19.336245,0.0,0.0,0.0,0.0,0.0,0.0
2025-05-21T00:25:19.436023,0.0,0.0,0.0,0.0,0.0,0.0
2025-05-21T00:25:19.536031,0.0,0.0,0.0,0.0,0.0,0.0
2025-05-21T00:25:19.636026,0.0,0.0,0.0,0.0,0.0,0.0
2025-05-21T00:25:19.736046,0.0,0.0,0.0,0.0,0.0,0.0
2025-05-21T00:25:19.836030,0.0,0.0,0.0,0.0,0.0,0.0
2025-05-21T00:25:19.936040,0.0,0.0,0.0,0.0,0.0,0.0
2025-05-21T00:25:20.036043,0.0,0.0,0.0,0.0,0.0,0.0
2025-05-21T00:25:20.136076,0.0,0.0,0.0,0.0,0.0,0.0
2025-05-21T00:25:20.236011,0.0,0.0,0.0,0.0,0.0,0.0
2025-05-21T00:25:20.336045,0.0,0.0,0.0,0.0,0.0,0.0
2025-05-21T00:25:20.436030,0.0,0.0,0.0,0.0,0.0,0.0
2025-05-21T00:25:20.536040,0.0,0.0,0.0,0.0,0.0,0.0
2025-05-21T00:25:20.636077,0.0,0.0,0.0,0.0,0.0,0.0
2025-05-21T00:25:20.736029,0.0,0.0,0.0,0.0,0.0,0.0
2025-05-21T00:25:20.836024,0.0,0.0,0.0,0.0,0.0,0.0
2025-05-21T00:25:20.936049,0.0,0.0,0.0,0.0,0.0,0.0
2025-05-21T00:25:21.036051,0.0,0.0,0.0,0.0,0.0,0.0
2025-05-21T00:25:21.136018,0.0,0.0,0.0,0.0,0.0,0.0
2025-05-21T00:25:21.236024,0.0,0.0,0.0,0.0,0.0,0.0
2025-05-21T00:25:21.336034,0.0,0.0,0.0,0.0,0.0,0.0
2025-05-21T00:25:21.436025,0.0,0.0,0.0,0.0,0.0,0.0
2025-05-21T00:25:21.536016,0.0,0.0,0.0,0.0,0.0,0.0
2025-05-21T00:25:21.636039,0.0,0.0,0.0,0.0,0.0,0.0
2025-05-21T00:25:21.736037,0.0,0.0,0.0,0.0,0.0,0.0
2025-05-21T00:25:21.836033,0.0,0.0,0.0,0.0,0.0,0.0
2025-05-21T00:25:21.936028,0.0,0.0,0.0,0.0,0.0,0.0
2025-05-21T00:25:22.036041,0.0,0.0,0.0,0.0,0.0,0.0
2025-05-21T00:25:22.136042,0.10294556604732455,0.0,0.0,0.005154931163840635,0.0,0.0
2025-05-21T00:25:22.236183,0.10294556604732455,0.0,0.0,0.015443391005294568,0.0,0.0
2025-05-21T00:25:22.336133,0.10294556604732455,0.0,0.0,0.02574785362314784,0.0,0.0
2025-05-21T00:25:22.436019,0.10294556604732455,0.0,0.0,0.03605160446106924,0.0,0.0
2025-05-21T00:25:22.536058,0.10294556604732455,0.0,0.0,0.04633225926740816,0.0,0.0
2025-05-21T00:25:22.636028,0.10294556604732455,0.0,0.0,0.05663537195780444,0.0,0.0
2025-05-21T00:25:22.736004,0.10294556604732455,0.0,0.0,0.06692564806529143,0.0,0.0
2025-05-21T00:25:22.836040,0.10294556604732455,0.0,0.0,0.0772182558656587,0.0,0.0
2025-05-21T00:25:22.936086,0.10294556604732455,0.0,0.0,0.08749306916772914,0.0,0.0
2025-05-21T00:25:23.036319,0.10294556604732455,0.0,0.0,0.09783950225742731,0.0,0.0
2025-05-21T00:25:23.136049,0.10294556604732455,0.0,0.0,0.10809816551828492,0.0,0.0
2025-05-21T00:25:23.236050,0.10294556604732455,0.0,0.0,0.11839119056895708,0.0,0.0
2025-05-21T00:25:23.336392,0.10294556604732455,0.0,0.0,0.1286834547514262,0.0,0.0
2025-05-21T00:25:23.436067,0.10294556604732455,0.0,0.0,0.13903462485929166,0.0,0.0
2025-05-21T00:25:23.536178,0.10294556604732455,0.0,0.0,0.14927946977181672,0.0,0.0
2025-05-21T00:25:23.636090,0.10294556604732455,0.0,0.0,0.15957281389625144,0.0,0.0
2025-05-21T00:25:23.736191,0.10294556604732455,0.0,0.0,0.1698717786277344,0.0,0.0
2025-05-21T00:25:23.836177,0.10294556604732455,0.0,0.0,0.18020002451296646,0.0,0.0
2025-05-21T00:25:23.936085,0.10294556604732455,0.0,0.0,0.19044023058386655,0.0,0.0
2025-05-21T00:25:24.036113,0.10294556604732455,0.0,0.0,0.2007563516661212,0.0,0.0
2025-05-21T00:25:24.136213,0.10294556604732455,0.0,0.0,0.21104623506743891,0.0,0.0
2025-05-21T00:25:24.236068,0.10294556604732455,0.0,0.0,0.2213501331701738,0.0,0.0
2025-05-21T00:25:24.336016,0.10294556604732455,0.0,0.0,0.23164237280850733,0.0,0.0
2025-05-21T00:25:24.436053,0.10294556604732455,0.0,0.0,0.2419318635036557,0.0,0.0
2025-05-21T00:25:24.536106,0.10294556604732455,0.0,0.0,0.2522351970912722,0.0,0.0
2025-05-21T00:25:24.636351,0.10294556604732455,0.0,0.0,0.2625160482506958,0.0,0.0
2025-05-21T00:25:24.736026,0.10294556604732455,0.0,0.0,0.2728149148056364,0.0,0.0
2025-05-21T00:25:24.836084,0.10294556604732455,0.0,0.0,0.28313859548165027,0.0,0.0
2025-05-21T00:25:24.936345,0.10294556604732455,0.0,0.0,0.2933928407981031,0.0,0.0
2025-05-21T00:25:25.036051,0.10294556604732455,0.0,0.0,0.30373824303410685,0.0,0.0
2025-05-21T00:25:25.136055,0.10294556604732455,0.0,0.0,0.31402257946078305,0.0,0.0
2025-05-21T00:25:25.236100,0.10294556604732455,0.0,0.0,0.3242755484821857,0.0,0.0
2025-05-21T00:25:25.336035,0.10294556604732455,0.0,0.0,0.334594565772439,0.0,0.0
2025-05-21T00:25:25.436138,0.10294556604732455,0.0,0.0,0.34489689305049664,0.0,0.0
2025-05-21T00:25:25.536037,0.10294556604732455,0.0,0.0,0.3551923970588626,0.0,0.0
2025-05-21T00:25:25.636033,0.10294556604732455,0.0,0.0,0.3654573927067003,0.0,0.0
2025-05-21T00:25:25.736015,0.10294556604732455,0.0,0.0,0.3757813679123411,0.0,0.0
2025-05-21T00:25:25.836063,0.10294556604732455,0.0,0.0,0.3861421838654902,0.0,0.0
2025-05-21T00:25:25.936033,0.10294556604732455,0.0,0.0,0.39637571393151205,0.0,0.0
2025-05-21T00:25:26.035974,0.10294556604732455,0.0,0.0,0.40665273620578485,0.0,0.0
2025-05-21T00:25:26.136029,0.10294556604732455,0.0,0.0,0.41696097862051773,0.0,0.0
2025-05-21T00:25:26.236107,0.0,0.0,0.2058911320946491,0.41696097862051773,0.0,0.020677746991877743
2025-05-21T00:25:26.336079,0.0,0.0,0.2058911320946491,0.41696097862051773,0.0,0.04116449152065816
2025-05-21T00:25:26.436107,0.0,0.0,0.2058911320946491,0.41696097862051773,0.0,0.061726733810488106
2025-05-21T00:25:26.536238,0.0,0.0,0.2058911320946491,0.41696097862051773,0.0,0.08234096057948026
2025-05-21T00:25:26.636066,0.0,0.0,0.2058911320946491,0.41696097862051773,0.0,0.10300712273936341
2025-05-21T00:25:26.735941,0.0,0.0,0.2058911320946491,0.41696097862051773,0.0,0.12349808885946344
2025-05-21T00:25:26.836015,0.0,0.0,0.2058911320946491,0.41696097862051773,0.0,0.14411786260309703
2025-05-21T00:25:26.936223,0.0,0.0,0.2058911320946491,0.41696097862051773,0.0,0.16470234187976376
2025-05-21T00:25:27.036242,0.0,0.0,0.2058911320946491,0.41696097862051773,0.0,0.18534238907938816
2025-05-21T00:25:27.136076,0.0,0.0,0.2058911320946491,0.41696097862051773,0.0,0.2058618754850348
2025-05-21T00:25:27.236153,0.0,0.0,0.2058911320946491,0.41696097862051773,0.0,0.22664432775930443
2025-05-21T00:25:27.338909,0.0,0.0,0.2058911320946491,0.41696097862051773,0.0,0.24709543420321986
2025-05-21T00:25:27.436140,0.0,0.0,0.2058911320946491,0.41696097862051773,0.0,0.26782423299710834
2025-05-21T00:25:27.536083,0.0,0.0,0.2058911320946491,0.41696097862051773,0.0,0.2883423940194332
2025-05-21T00:25:27.636088,0.0,0.0,0.2058911320946491,0.41696097862051773,0.0,0.308984944720887
2025-05-21T00:25:27.736083,0.0,0.0,0.2058911320946491,0.41696097862051773,0.0,0.32953624032624745
2025-05-21T00:25:27.836822,0.10294556604732455,0.0,0.0,0.4218787421135268,0.0017420603510617208,0.34044561770965
2025-05-21T00:25:27.936123,0.10294556604732455,0.0,0.0,0.4313514589948358,0.005097659805818017,0.34044561770965
2025-05-21T00:25:28.036092,0.10294556604732455,0.0,0.0,0.4408688504273623,0.008469084699208797,0.34044561770965
2025-05-21T00:25:28.136184,0.10294556604732455,0.0,0.0,0.4507164078466445,0.011957467041979536,0.34044561770965
2025-05-21T00:25:28.236795,0.10294556604732455,0.0,0.0,0.4604521053720185,0.015406224322193194,0.34044561770965
2025-05-21T00:25:28.338347,0.10294556604732455,0.0,0.0,0.47020119832212326,0.01885972677535836,0.34044561770965
2025-05-21T00:25:28.436338,0.10294556604732455,0.0,0.0,0.4806149033037275,0.022548660287898353,0.34044561770965
2025-05-21T00:25:28.536045,0.10294556604732455,0.0,0.0,0.4894049393681921,0.025662428026846096,0.34044561770965
2025-05-21T00:25:28.636069,0.10294556604732455,0.0,0.0,0.4990819191250576,0.02909038522251583,0.34044561770965
2025-05-21T00:25:28.736115,0.10294556604732455,0.0,0.0,0.5087834455928717,0.032527037804198605,0.34044561770965
2025-05-21T00:25:28.836038,0.10294556604732455,0.0,0.0,0.5184855967177975,0.03596391166337653,0.34044561770965
2025-05-21T00:25:28.936312,0.10294556604732455,0.0,0.0,0.5282059091698625,0.03940721896083932,0.34044561770965
2025-05-21T00:25:29.036150,0.10294556604732455,0.0,0.0,0.537924185702452,0.04284980505757718,0.34044561770965
2025-05-21T00:25:29.136010,0.10294556604732455,0.0,0.0,0.5476159490109632,0.046282999153965415,0.34044561770965
2025-05-21T00:25:29.236021,0.10294556604732455,0.0,0.0,0.5573003089759273,0.04971357070226301,0.34044561770965
2025-05-21T00:25:29.336105,0.10294556604732455,0.0,0.0,0.5670005167231721,0.053149756142567145,0.34044561770965
2025-05-21T00:25:29.436047,0.10294556604732455,0.0,0.0,0.5767457923242603,0.05660190634437307,0.34044561770965
2025-05-21T00:25:29.536042,0.10294556604732455,0.0,0.0,0.5864170576253253,0.06002783926073534,0.34044561770965
2025-05-21T00:25:29.636063,0.10294556604732455,0.0,0.0,0.5961137025134879,0.06346276259977085,0.34044561770965
2025-05-21T00:25:29.736471,0.10294556604732455,0.0,0.0,0.6058127072174062,0.06689852187601024,0.34044561770965
2025-05-21T00:25:29.836040,0.10294556604732455,0.0,0.0,0.6155483353364345,0.07034725456983555,0.34044561770965
2025-05-21T00:25:29.936029,0.10294556604732455,0.0,0.0,0.6252514350147523,0.07378446444298759,0.34044561770965
2025-05-21T00:25:30.036018,0.10294556604732455,0.0,0.0,0.6349241578490782,0.0772109136735052,0.34044561770965
2025-05-21T00:25:30.136200,0.10294556604732455,0.0,0.0,0.6446317689398701,0.08064972166189997,0.34044561770965
2025-05-21T00:25:30.236066,0.10294556604732455,0.0,0.0,0.6543417167109691,0.08408935739203587,0.34044561770965
2025-05-21T00:25:30.336074,0.10294556604732455,0.0,0.0,0.6640345673855638,0.08752293667517491,0.34044561770965
2025-05-21T00:25:30.436107,0.10294556604732455,0.0,0.0,0.6737335026831364,0.09095867136502596,0.34044561770965
2025-05-21T00:25:30.536078,0.10294556604732455,0.0,0.0,0.6834408361485453,0.09439738100786733,0.34044561770965
2025-05-21T00:25:30.636080,0.10294556604732455,0.0,0.0,0.6931819705043368,0.09784806422183506,0.34044561770965
2025-05-21T00:25:30.735938,0.10294556604732455,0.0,0.0,0.7028639706535452,0.10127779983292877,0.34044561770965
2025-05-21T00:25:30.836012,0.10294556604732455,0.0,0.0,0.7125491866301069,0.10470867461334935,0.34044561770965
2025-05-21T00:25:30.936066,0.10294556604732455,0.0,0.0,0.7222589493176172,0.10814824477978296,0.34044561770965
2025-05-21T00:25:31.036083,0.10294556604732455,0.0,0.0,0.7319621184022809,0.11158547923932335,0.34044561770965
2025-05-21T00:25:31.136061,0.10294556604732455,0.0,0.0,0.741665310622393,0.11502272189432652,0.34044561770965
2025-05-21T00:25:31.236057,0.10294556604732455,0.0,0.0,0.7513609838217151,0.11845730102392514,0.34044561770965
2025-05-21T00:25:31.336306,0.10294556604732455,0.0,0.0,0.7610745175873447,0.12189820705079242,0.34044561770965
2025-05-21T00:25:31.435991,0.10294556604732455,0.0,0.0,0.7708065134409452,0.12534565305696077,0.34044561770965
2025-05-21T00:25:31.536058,0.10294556604732455,0.0,0.0,0.7804865008061267,0.12877467566279233,0.34044561770965
2025-05-21T00:25:31.636040,0.10294556604732455,0.0,0.0,0.7901856443227365,0.1322104841118084,0.34044561770965
2025-05-21T00:25:31.736086,0.10294556604732455,0.0,0.0,0.7999392024144181,0.13566556828929077,0.34044561770965
2025-05-21T00:25:31.836102,0.10294556604732455,0.0,0.0,0.8096137298137335,0.1390926567659055,0.34044561770965
2025-05-21T00:25:31.936092,0.10294556604732455,0.0,0.0,0.8192929305736631,0.14252140072600242,0.34044561770965
2025-05-21T00:25:32.036071,0.0,0.0,0.2058911320946491,0.8192929305736631,0.14252140072600242,0.3610547392984409
2025-05-21T00:25:32.136072,0.0,0.0,0.2058911320946491,0.8192929305736631,0.14252140072600242,0.38165929567801404
2025-05-21T00:25:32.236072,0.0,0.0,0.2058911320946491,0.8192929305736631,0.14252140072600242,0.40226699370694163
2025-05-21T00:25:32.336029,0.0,0.0,0.2058911320946491,0.8192929305736631,0.14252140072600242,0.4228349793244978
2025-05-21T00:25:32.436071,0.0,0.0,0.2058911320946491,0.8192929305736631,0.14252140072600242,0.4434049775611717
2025-05-21T00:25:32.536156,0.0,0.0,0.2058911320946491,0.8192929305736631,0.14252140072600242,0.4640289728961253
2025-05-21T00:25:32.636100,0.10294556604732455,0.0,0.0,0.8285099369466115,0.1471342985424832,0.4640289728961253
2025-05-21T00:25:32.736160,0.10294556604732455,0.0,0.0,0.8376966320894326,0.15173202629163288,0.4640289728961253
2025-05-21T00:25:32.836029,0.10294556604732455,0.0,0.0,0.8468945869433726,0.1563353892649251,0.4640289728961253
2025-05-21T00:25:32.936118,0.10294556604732455,0.0,0.0,0.8561018041717613,0.160943387841703,0.4640289728961253
2025-05-21T00:25:33.036047,0.10294556604732455,0.0,0.0,0.8653394423740504,0.16556661141002396,0.4640289728961253
2025-05-21T00:25:33.136187,0.10294556604732455,0.0,0.0,0.8745159971922379,0.17015926416199262,0.4640289728961253
2025-05-21T00:25:33.236100,0.10294556604732455,0.0,0.0,0.883715729895302,0.17476351690751787,0.4640289728961253
2025-05-21T00:25:33.336550,0.10294556604732455,0.0,0.0,0.8929386624319973,0.17937938063144213,0.4640289728961253
2025-05-21T00:25:33.436134,0.10294556604732455,0.0,0.0,0.9021404144204862,0.18398464398246664,0.4640289728961253
2025-05-21T00:25:33.536030,0.10294556604732455,0.0,0.0,0.9113238830963785,0.188580756959786,0.4640289728961253
2025-05-21T00:25:33.635954,0.10294556604732455,0.0,0.0,0.9205419430095485,0.19319418204870117,0.4640289728961253
2025-05-21T00:25:33.736076,0.10294556604732455,0.0,0.0,0.9297534621938424,0.1978043336545862,0.4640289728961253
2025-05-21T00:25:33.836099,0.10294556604732455,0.0,0.0,0.9389857449000047,0.20242487692136565,0.4640289728961253
2025-05-21T00:25:33.936303,0.10294556604732455,0.0,0.0,0.948168642908277,0.20702070429278305,0.4640289728961253
2025-05-21T00:25:34.036048,0.10294556604732455,0.0,0.0,0.9573772429082067,0.2116293949146311,0.4640289728961253
2025-05-21T00:25:34.136108,0.10294556604732455,0.0,0.0,0.9665872256796774,0.21623877758154927,0.4640289728961253
2025-05-21T00:25:34.236296,0.10294556604732455,0.0,0.0,0.9758036833337602,0.22085140077697046,0.4640289728961253
2025-05-21T00:25:34.336162,0.10294556604732455,0.0,0.0,0.9849963265890826,0.22545210541840596,0.4640289728961253
2025-05-21T00:25:34.436016,0.10294556604732455,0.0,0.0,0.9942019854558936,0.23005932407137467,0.4640289728961253
2025-05-21T00:25:34.536229,0.10294556604732455,0.0,0.0,1.0033927411183188,0.23465908401636523,0.4640289728961253
2025-05-21T00:25:34.635969,0.10294556604732455,0.0,0.0,1.0126092646186655,0.2392717401663136,0.4640289728961253
2025-05-21T00:25:34.736063,0.10294556604732455,0.0,0.0,1.0218248443225637,0.2438839239680395,0.4640289728961253
2025-05-21T00:25:34.836068,0.10294556604732455,0.0,0.0,1.0310486109119343,0.24850020511597432,0.4640289728961253
2025-05-21T00:25:34.936036,0.10294556604732455,0.0,0.0,1.040233835488196,0.2530971968806843,0.4640289728961253
2025-05-21T00:25:35.036152,0.10294556604732455,0.0,0.0,1.0494622552135455,0.25771580681520434,0.4640289728961253
2025-05-21T00:25:35.136028,0.10294556604732455,0.0,0.0,1.0586829709260241,0.2623305610700479,0.4640289728961253
2025-05-21T00:25:35.236065,0.10294556604732455,0.0,0.0,1.0678293242578576,0.2669080986788973,0.4640289728961253
2025-05-21T00:25:35.336053,0.10294556604732455,0.0,0.0,1.0771070189373244,0.2715513695845675,0.4640289728961253
2025-05-21T00:25:35.436269,0.10294556604732455,0.0,0.0,1.086294482286557,0.2761494818032006,0.4640289728961253
2025-05-21T00:25:35.536028,0.10294556604732455,0.0,0.0,1.095480892095568,0.2807470667493993,0.4640289728961253
2025-05-21T00:25:35.636062,0.10294556604732455,0.0,0.0,1.1046908309695294,0.28535642744663275,0.4640289728961253
2025-05-21T00:25:35.736076,0.10294556604732455,0.0,0.0,1.1139039524129104,0.2899673809460117,0.4640289728961253
2025-05-21T00:25:35.836233,0.10294556604732455,0.0,0.0,1.123102346241943,0.2945709636161516,0.4640289728961253
2025-05-21T00:25:35.936054,0.10294556604732455,0.0,0.0,1.1322943968808907,0.29917137166684277,0.4640289728961253
2025-05-21T00:25:36.041297,0.10294556604732455,0.0,0.0,1.1415668897055131,0.30381203916486815,0.4640289728961253
2025-05-21T00:25:36.136103,0.10294556604732455,0.0,0.2058911320946491,1.1506905337286275,0.30843671203422257,0.48448685352146154
2025-05-21T00:25:36.236030,0.10294556604732455,0.0,0.2058911320946491,1.1597951454545006,0.31328885666519407,0.5051208137754615
2025-05-21T00:25:36.336003,0.10294556604732455,0.0,0.2058911320946491,1.1687866892038978,0.3183215762726839,0.525729444481541
2025-05-21T00:25:36.436069,0.10294556604732455,0.0,0.2058911320946491,1.177621630558513,0.3235082347146759,0.5462194779244891
2025-05-21T00:25:36.536035,0.10294556604732455,0.0,0.2058911320946491,1.186387108133394,0.328898867031469,0.5668005701104462
2025-05-21T00:25:36.636092,0.10294556604732455,0.0,0.2058911320946491,1.1950623986245035,0.3344834658538088,0.5874356103064119
2025-05-21T00:25:36.736431,0.10294556604732455,0.0,0.2058911320946491,1.2036429900000305,0.3402611133016356,0.6081247948654708
2025-05-21T00:25:36.836035,0.10294556604732455,0.0,0.0,1.2120345691028225,0.3461027541119214,0.6081247948654708
2025-05-21T00:25:36.936195,0.10294556604732455,0.0,0.0,1.220483074819209,0.3519840233193291,0.6081247948654708
2025-05-21T00:25:37.036033,0.10294556604732455,0.0,0.0,1.2289353071539661,0.3578678867424012,0.6081247948654708
2025-05-21T00:25:37.136062,0.10294556604732455,0.0,0.0,1.2374091941630383,0.3637668246619016,0.6081247948654708
2025-05-21T00:25:37.236026,0.10294556604732455,0.0,0.0,1.245821602040939,0.3696229650343332,0.6081247948654708
2025-05-21T00:25:37.336058,0.10294556604732455,0.0,0.0,1.25427190056292,0.3755054822698173,0.6081247948654708
2025-05-21T00:25:37.436078,0.10294556604732455,0.0,0.0,1.262725623545025,0.38139038337915515,0.6081247948654708
2025-05-21T00:25:37.536028,0.10294556604732455,0.0,0.0,1.2711764860957324,0.3872732932526858,0.6081247948654708
2025-05-21T00:25:37.636031,0.10294556604732455,0.0,0.0,1.2796092594394306,0.3931436106631536,0.6081247948654708
2025-05-21T00:25:37.736043,0.10294556604732455,0.0,0.0,1.288069730622369,0.39903320940626213,0.6081247948654708
2025-05-21T00:25:37.836079,0.10294556604732455,0.0,0.0,1.2965304032441383,0.4049229483772444,0.6081247948654708
2025-05-21T00:25:37.936026,0.10294556604732455,0.0,0.0,1.3050230844961275,0.4108349695573657,0.6081247948654708
2025-05-21T00:25:38.036046,0.10294556604732455,0.0,0.0,1.313414804606101,0.4166767085271631,0.6081247948654708
2025-05-21T00:25:38.136045,0.10294556604732455,0.0,0.0,1.3218661908977685,0.42255998299316544,0.6081247948654708
2025-05-21T00:25:38.236109,0.10294556604732455,0.0,0.0,1.3303105268303568,0.42843834948358656,0.6081247948654708
2025-05-21T00:25:38.336044,0.10294556604732455,0.0,0.0,1.3387700311069073,0.4343272751329011,0.6081247948654708
2025-05-21T00:25:38.435970,0.10294556604732455,0.0,0.0,1.3472176303485552,0.44020791331487696,0.6081247948654708
2025-05-21T00:25:38.536040,0.10294556604732455,0.0,0.0,1.355672400812581,0.44609354360915837,0.6081247948654708
2025-05-21T00:25:38.636021,0.10294556604732455,0.0,0.0,1.36413470508888,0.451984418425918,0.6081247948654708
2025-05-21T00:25:38.735927,0.10294556604732455,0.0,0.0,1.3725692510942895,0.45785596984167487,0.6081247948654708
2025-05-21T00:25:38.836059,0.10294556604732455,0.0,0.0,1.3810078057324326,0.4637303117921193,0.6081247948654708
2025-05-21T00:25:38.936052,0.10294556604732455,0.0,0.0,1.3894492409458568,0.4696066590011584,0.6081247948654708
2025-05-21T00:25:39.036075,0.10294556604732455,0.0,0.0,1.3979073955822403,0.4754946451237188,0.6081247948654708
2025-05-21T00:25:39.136049,0.10294556604732455,0.0,0.0,1.4063594667659327,0.4813783963644919,0.6081247948654708
2025-05-21T00:25:39.236028,0.10294556604732455,0.0,0.0,1.4147946372317177,0.48725038248665736,0.6081247948654708
2025-05-21T00:25:39.336352,0.10294556604732455,0.0,0.0,1.4232543026593327,0.49313942031827085,0.6081247948654708
2025-05-21T00:25:39.436047,0.10294556604732455,0.0,0.0,1.4317252486614744,0.4990363109108144,0.6081247948654708
2025-05-21T00:25:39.536057,0.10294556604732455,0.0,0.0,1.4401695644501795,0.5049146633784481,0.6081247948654708
2025-05-21T00:25:39.636027,0.10294556604732455,0.0,0.0,1.4486033248441488,0.5107856679054974,0.6081247948654708
2025-05-21T00:25:39.736029,0.10294556604732455,0.0,0.0,1.4570523744453785,0.5166673157281643,0.6081247948654708
2025-05-21T00:25:39.836253,0.10294556604732455,0.0,0.0,1.4655139736857694,0.5225576997473659,0.6081247948654708
2025-05-21T00:25:39.936042,0.10294556604732455,0.0,0.0,1.473939132641662,0.5284227165442059,0.6081247948654708
2025-05-21T00:25:40.036066,0.10294556604732455,0.0,0.0,1.4823950513070234,0.5343091461373677,0.6081247948654708
2025-05-21T00:25:40.136028,0.10294556604732455,0.0,0.0,1.4908484922747656,0.5401938509276822,0.6081247948654708
2025-05-21T00:25:40.236060,0.10294556604732455,0.0,0.0,1.499305841155826,0.5460812761387477,0.6081247948654708
2025-05-21T00:25:40.336063,0.10294556604732455,0.0,0.0,1.5077441137796062,0.5519554217701689,0.6081247948654708
2025-05-21T00:25:40.436016,0.10294556604732455,0.0,0.0,1.5161913302874754,0.5578357935191846,0.6081247948654708
2025-05-21T00:25:40.536068,0.10294556604732455,0.0,0.0,1.5246462417586828,0.5637215219729775,0.6081247948654708
2025-05-21T00:25:40.636060,0.10294556604732455,0.0,0.0,1.5330917057487237,0.5696006737394915,0.6081247948654708
2025-05-21T00:25:40.735995,0.10294556604732455,0.0,0.0,1.5415422258534186,0.5754833452256367,0.6081247948654708
2025-05-21T00:25:40.836048,0.10294556604732455,0.0,0.0,1.5499908524331036,0.5813646985697687,0.6081247948654708
2025-05-21T00:25:40.936027,0.10294556604732455,0.0,0.0,1.5584295480784285,0.5872391386797248,0.6081247948654708
2025-05-21T00:25:41.036061,0.10294556604732455,0.0,0.0,1.5668940480379834,0.5931315419803084,0.6081247948654708
2025-05-21T00:25:41.136020,0.10294556604732455,0.0,0.0,1.5753503897248895,0.599018266052005,0.6081247948654708
2025-05-21T00:25:41.236104,0.10294556604732455,0.0,0.0,1.5837887026364357,0.604892439729001,0.6081247948654708
2025-05-21T00:25:41.336083,0.10294556604732455,0.0,0.0,1.5922343882091907,0.6107717457461762,0.6081247948654708
2025-05-21T00:25:41.436050,0.10294556604732455,0.0,0.0,1.6007065428443177,0.6166694777059624,0.6081247948654708
2025-05-21T00:25:41.536027,0.10294556604732455,0.0,0.0,1.6091305133111082,0.6225336671583472,0.6081247948654708
2025-05-21T00:25:41.636067,0.10294556604732455,0.0,0.0,1.6175746075170994,0.6284118653753198,0.6081247948654708
2025-05-21T00:25:41.736077,0.10294556604732455,0.0,0.0,1.6260448887710994,0.63430829321588,0.6081247948654708
2025-05-21T00:25:41.836043,0.10294556604732455,0.0,0.0,1.6345098117521994,0.6402009909949984,0.6081247948654708
2025-05-21T00:25:41.936046,0.10294556604732455,0.0,0.0,1.6429299750250872,0.6460625301405694,0.6081247948654708
2025-05-21T00:25:42.035943,0.10294556604732455,0.0,0.0,1.6513833555611799,0.6519471928625218,0.6081247948654708
2025-05-21T00:25:42.136070,0.10294556604732455,0.0,0.0,1.6598298267453748,0.6578270457684046,0.6081247948654708
2025-05-21T00:25:42.236064,0.10294556604732455,0.0,0.0,1.6682780101596322,0.6637080906112143,0.6081247948654708
2025-05-21T00:25:42.336067,0.10294556604732455,0.0,0.0,1.6767240583222827,0.6695876490385623,0.6081247948654708
2025-05-21T00:25:42.436006,0.10294556604732455,0.0,0.0,1.685171536700632,0.675468203083814,0.6081247948654708
2025-05-21T00:25:42.536457,0.10294556604732455,0.0,0.0,1.6936251186755558,0.6813530060336401,0.6081247948654708
2025-05-21T00:25:42.636036,0.10294556604732455,0.0,0.0,1.7020704416584151,0.6872320596406426,0.6081247948654708
2025-05-21T00:25:42.736062,0.10294556604732455,0.0,0.0,1.7105252524102068,0.6931177179804987,0.6081247948654708
2025-05-21T00:25:42.836044,0.10294556604732455,0.0,0.0,1.718967634386136,0.6989947242605444,0.6081247948654708
2025-05-21T00:25:42.936075,0.10294556604732455,0.0,0.0,1.7274120508942565,0.704873146842115,0.6081247948654708
2025-05-21T00:25:43.036276,0.10294556604732455,0.0,0.0,1.7359131522893747,0.7107910295473591,0.6081247948654708
2025-05-21T00:25:43.136064,0.10294556604732455,0.0,0.0,1.744316616283186,0.7166409438021961,0.6081247948654708
2025-05-21T00:25:43.236072,0.10294556604732455,0.0,0.0,1.752759199697946,0.7225180903101156,0.6081247948654708
2025-05-21T00:25:43.336166,0.10294556604732455,0.0,0.0,1.7612129629678175,0.7284030194650283,0.6081247948654708
2025-05-21T00:25:43.436031,0.10294556604732455,0.0,0.0,1.7696930140051133,0.7343062483574654,0.6081247948654708
2025-05-21T00:25:43.536033,0.10294556604732455,0.0,0.0,1.7781089067747873,0.7401648146721129,0.6081247948654708
2025-05-21T00:25:43.636043,0.10294556604732455,0.0,0.0,1.7865700829936335,0.7460549042127795,0.6081247948654708
2025-05-21T00:25:43.736114,0.10294556604732455,0.0,0.0,1.7950160102929853,0.7519343785034033,0.6081247948654708
2025-05-21T00:25:43.836166,0.10294556604732455,0.0,0.0,1.803474446943732,0.7578225609449869,0.6081247948654708
2025-05-21T00:25:43.936041,0.10294556604732455,0.0,0.0,1.8119006332376617,0.7636882929039831,0.6081247948654708
2025-05-21T00:25:44.036011,0.10294556604732455,0.0,0.0,1.820360117370329,0.7695772045305103,0.6081247948654708
2025-05-21T00:25:44.136059,0.10294556604732455,0.0,0.0,1.8288078979069247,0.7754579689175725,0.6081247948654708
2025-05-21T00:25:44.236069,0.0,0.0,-0.2058911320946491,1.8288078979069247,0.7754579689175725,0.5874516621710821
2025-05-21T00:25:44.336102,0.0,0.0,-0.2058911320946491,1.8288078979069247,0.7754579689175725,0.5669235362297109
2025-05-21T00:25:44.436069,0.0,0.0,-0.2058911320946491,1.8288078979069247,0.7754579689175725,0.5463421986023985
2025-05-21T00:25:44.536257,0.0,0.0,-0.2058911320946491,1.8288078979069247,0.7754579689175725,0.525739851195028
2025-05-21T00:25:44.636139,0.0,0.0,-0.2058911320946491,1.8288078979069247,0.7754579689175725,0.5050635768512848
2025-05-21T00:25:44.736080,0.0,0.0,-0.2058911320946491,1.8288078979069247,0.7754579689175725,0.4846182137350956
2025-05-21T00:25:44.835987,0.0,0.0,-0.2058911320946491,1.8288078979069247,0.7754579689175725,0.46398386077492626
2025-05-21T00:25:44.936265,0.0,0.0,-0.2058911320946491,1.8288078979069247,0.7754579689175725,0.44339152737487275
2025-05-21T00:25:45.036071,0.0,0.0,-0.2058911320946491,1.8288078979069247,0.7754579689175725,0.4228106806302714
2025-05-21T00:25:45.136081,0.0,0.0,-0.2058911320946491,1.8288078979069247,0.7754579689175725,0.4021836909107765
2025-05-21T00:25:45.236059,0.0,0.0,-0.2058911320946491,1.8288078979069247,0.7754579689175725,0.38164221295964845
2025-05-21T00:25:45.336313,0.0,0.0,-0.2058911320946491,1.8288078979069247,0.7754579689175725,0.3610335822535684
2025-05-21T00:25:45.436056,0.10294556604732455,0.0,0.0,1.8384454370413756,0.7790969430425903,0.3610335822535684
2025-05-21T00:25:45.536041,0.10294556604732455,0.0,0.0,1.8480658236890892,0.7827294406745379,0.3610335822535684
2025-05-21T00:25:45.636028,0.10294556604732455,0.0,0.0,1.857693558122286,0.7863647127078007,0.3610335822535684
2025-05-21T00:25:45.736115,0.10294556604732455,0.0,0.0,1.8673268722800842,0.7900020915520622,0.3610335822535684
2025-05-21T00:25:45.836022,0.10294556604732455,0.0,0.0,1.8770038139141891,0.7936559434041327,0.3610335822535684
2025-05-21T00:25:45.936029,0.10294556604732455,0.0,0.0,1.8866029379076608,0.7972804126122746,0.3610335822535684
2025-05-21T00:25:46.036018,0.10294556604732455,0.0,0.0,1.8962052535954517,0.8009060869509878,0.3610335822535684
2025-05-21T00:25:46.136053,0.10294556604732455,0.0,0.0,1.9058491990803708,0.8045474800071521,0.3610335822535684
2025-05-21T00:25:46.236049,0.10294556604732455,0.0,0.0,1.9155014567476178,0.8081920116048044,0.3610335822535684
2025-05-21T00:25:46.336102,0.10294556604732455,0.0,0.0,1.9250959194896735,0.8118147208021119,0.3610335822535684
2025-05-21T00:25:46.435970,0.10294556604732455,0.0,0.0,1.9347357318452583,0.8154545532575366,0.3610335822535684
2025-05-21T00:25:46.536051,0.10294556604732455,0.0,0.0,1.9443646602935962,0.8190902761310132,0.3610335822535684
2025-05-21T00:25:46.636053,0.10294556604732455,0.0,0.0,1.954010970846968,0.8227325621976009,0.3610335822535684
2025-05-21T00:25:46.736055,0.10294556604732455,0.0,0.0,1.9636567073545987,0.826374631514086,0.3610335822535684
2025-05-21T00:25:46.836633,0.10294556604732455,0.0,-0.2058911320946491,1.9734588943976241,0.830017338669388,0.34011898435332594
2025-05-21T00:25:46.936099,0.10294556604732455,0.0,-0.2058911320946491,1.9830309981373453,0.8333501417847493,0.3198472955405136
2025-05-21T00:25:47.036149,0.10294556604732455,0.0,-0.2058911320946491,1.9927927258607059,0.8365279102821876,0.2993151443609072
2025-05-21T00:25:47.136036,0.10294556604732455,0.0,-0.2058911320946491,2.002635915178489,0.8395100298400457,0.2787448515946065
2025-05-21T00:25:47.236029,0.10294556604732455,0.0,-0.2058911320946491,2.012549555431775,0.8422921339379338,0.25815134007604534
2025-05-21T00:25:47.336124,0.10294556604732455,0.0,-0.2058911320946491,2.0225169552014024,0.8448691446168534,0.23756077385375418
2025-05-21T00:25:47.435988,0.10294556604732455,0.0,-0.2058911320946491,2.0325729392379945,0.8472490928187837,0.21689294269265114
2025-05-21T00:25:47.536030,0.10294556604732455,0.0,-0.2058911320946491,2.0426156908381823,0.8494080816946038,0.19634827400389776
2025-05-21T00:25:47.636051,0.10294556604732455,0.0,-0.2058911320946491,2.052706077877967,0.851361320559493,0.1757926095424036
2025-05-21T00:25:47.736110,0.10294556604732455,0.0,-0.2058911320946491,2.0628588571697244,0.8531108185642176,0.15518751319184784
2025-05-21T00:25:47.836076,0.10294556604732455,0.0,-0.2058911320946491,2.0730641083356005,0.8546534738146454,0.13454486431385204
2025-05-21T00:25:47.936051,0.10294556604732455,0.0,-0.2058911320946491,2.0832249144802684,0.8559758942657498,0.11405159104500706
2025-05-21T00:25:48.036059,0.10294556604732455,0.0,-0.2058911320946491,2.093480772450352,0.8570971211104517,0.09341738534965094
2025-05-21T00:25:48.136028,0.10294556604732455,0.0,-0.2058911320946491,2.1037343209727934,0.8580045651094345,0.07282986260017175
2025-05-21T00:25:48.236031,0.10294556604732455,0.0,-0.2058911320946491,2.114042836179147,0.8587031443136438,0.05216527126496562
2025-05-21T00:25:48.336142,0.10294556604732455,0.0,-0.2058911320946491,2.1243041449830633,0.8591860803594608,0.03161966989906028
2025-05-21T00:25:48.435965,0.10294556604732455,0.0,-0.2058911320946491,2.1345745329439914,0.859458130608773,0.011071417766511882
2025-05-21T00:25:48.536039,0.10294556604732455,0.0,-0.2058911320946491,2.1448759546018485,0.8595191216890694,-0.009532058671095633
2025-05-21T00:25:48.636117,0.10294556604732455,0.0,-0.2058911320946491,2.1551945304120728,0.8593675106157423,-0.030171713164550248
2025-05-21T00:25:48.735929,0.10294556604732455,0.0,-0.2058911320946491,2.165460594406721,0.8590048902329434,-0.050716921824286665
2025-05-21T00:25:48.836035,0.10294556604732455,0.0,-0.2058911320946491,2.1757424987261986,0.8584298839460245,-0.07131313319776211
2025-05-21T00:25:48.936044,0.10294556604732455,0.0,-0.2058911320946491,2.185983250912377,0.8576454642864384,-0.09185490567851673
2025-05-21T00:25:49.036064,0.10294556604732455,0.0,-0.2058911320946491,2.196294994137666,0.8566417099661563,-0.11257614487864576
2025-05-21T00:25:49.136015,0.10294556604732455,0.0,-0.2058911320946491,2.206454602304823,0.8554404606462847,-0.13303716715333633
2025-05-21T00:25:49.236027,0.10294556604732455,0.0,-0.2058911320946491,2.2166547936840977,0.8540218922903504,-0.1536341639391505
2025-05-21T00:25:49.336239,0.10294556604732455,0.0,-0.2058911320946491,2.2268281346372354,0.8523927968327888,-0.1742403402316719
2025-05-21T00:25:49.436046,0.10294556604732455,0.0,-0.2058911320946491,2.23698350698986,0.8505511144229745,-0.1948826454917696
2025-05-21T00:25:49.536040,0.10294556604732455,0.0,-0.2058911320946491,2.2470458613114803,0.8485112041400128,-0.2154170056435789
2025-05-21T00:25:49.636021,0.10294556604732455,0.0,-0.2058911320946491,2.257078561136856,0.8462618193100799,-0.23598081875808632
2025-05-21T00:25:49.736067,0.10294556604732455,0.0,-0.2058911320946491,2.2670727657116903,0.8438041306630293,-0.25656500350512657
2025-05-21T00:25:49.836029,0.10294556604732455,0.0,-0.2058911320946491,2.277055864012852,0.8411298822031291,-0.277235436344601
2025-05-21T00:25:49.936025,0.10294556604732455,0.0,-0.2058911320946491,2.286923610401989,0.8382670012369637,-0.29778501386047074
2025-05-21T00:25:50.035972,0.10294556604732455,0.0,-0.2058911320946491,2.296729557193024,0.8352022438341749,-0.3183327260220361
2025-05-21T00:25:50.136062,0.10294556604732455,0.0,-0.2058911320946491,2.3064963206609805,0.8319278416341294,-0.33893507342940676
2025-05-21T00:25:50.236147,0.10294556604732455,0.0,-0.2058911320946491,2.3162109903012977,0.8284465809484014,-0.359574531569777
2025-05-21T00:25:50.336097,0.10294556604732455,0.0,-0.2058911320946491,2.325803733379706,0.8247841856555312,-0.38011100251724633
2025-05-21T00:25:50.436021,0.10294556604732455,0.0,-0.2058911320946491,2.3353425561601795,0.8209159824879583,-0.40069788711920046
2025-05-21T00:25:50.536096,0.10294556604732455,0.0,-0.2058911320946491,2.344779119322389,0.8168612197782646,-0.42123980686476825
2025-05-21T00:25:50.636035,0.10294556604732455,0.0,-0.2058911320946491,2.3542205368456703,0.8125719741428338,-0.44198019049065085
2025-05-21T00:25:50.736042,0.10294556604732455,0.0,-0.2058911320946491,2.363474192559859,0.8081348717305115,-0.4625053711357521
2025-05-21T00:25:50.836034,0.10294556604732455,0.0,-0.2058911320946491,2.3726458657572467,0.8035031392531022,-0.4830553413577911
2025-05-21T00:25:50.936074,0.10294556604732455,0.0,-0.2058911320946491,2.381737244830467,0.7986748777578688,-0.5036435022547954
2025-05-21T00:25:51.036084,0.10294556604732455,0.0,0.0,2.390738947659465,0.7936539018571951,-0.5242584162595838
2025-05-21T00:25:51.136045,0.10294556604732455,0.0,0.0,2.399643112732572,0.7885052453713998,-0.5242584162595838
2025-05-21T00:25:51.236067,0.10294556604732455,0.0,0.0,2.4085455354905765,0.7833575963446843,-0.5242584162595838
2025-05-21T00:25:51.336150,0.10294556604732455,0.0,0.0,2.4174618967693986,0.7782018876453302,-0.5242584162595838
2025-05-21T00:25:51.436063,0.10294556604732455,0.0,0.0,2.4263871396056933,0.7730410433618861,-0.5242584162595838
2025-05-21T00:25:51.536027,0.10294556604732455,0.0,0.0,2.4352896686024237,0.7678933329047389,-0.5242584162595838
2025-05-21T00:25:51.636035,0.10294556604732455,0.0,0.0,2.4442042238229083,0.7627386685227237,-0.5242584162595838
2025-05-21T00:25:51.736128,0.10294556604732455,0.0,0.0,2.453111533562297,0.7575881936961502,-0.5242584162595838
2025-05-21T00:25:51.836115,0.10294556604732455,0.0,0.0,2.4620214142788486,0.7524362322531295,-0.5242584162595838
2025-05-21T00:25:51.936045,0.10294556604732455,0.0,0.0,2.470922434685673,0.7472893941081125,-0.5242584162595838
2025-05-21T00:25:52.036202,0.10294556604732455,0.0,0.0,2.479842556815387,0.7421315107714762,-0.5242584162595838
2025-05-21T00:25:52.136190,0.10294556604732455,0.0,0.0,2.488761871530785,0.7369740943061208,-0.5242584162595838
2025-05-21T00:25:52.236073,0.10294556604732455,0.0,0.0,2.497671985972534,0.7318219977161504,-0.5242584162595838
2025-05-21T00:25:52.336040,0.10294556604732455,0.0,0.0,2.506597292552064,0.7266611165744473,-0.5242584162595838
2025-05-21T00:25:52.436060,0.10294556604732455,0.0,0.0,2.515491768653383,0.7215180625440228,-0.5242584162595838
2025-05-21T00:25:52.536076,0.10294556604732455,0.0,0.0,2.5244147379809467,0.716358532871817,-0.5242584162595838
2025-05-21T00:25:52.636212,0.10294556604732455,0.0,0.0,2.5333505621943253,0.7111915701173759,-0.5242584162595838
2025-05-21T00:25:52.736010,0.10294556604732455,0.0,0.0,2.5422375165938615,0.7060528653615156,-0.5242584162595838
2025-05-21T00:25:52.836100,0.10294556604732455,0.0,0.0,2.551141107977849,0.7009045406000514,-0.5242584162595838
2025-05-21T00:25:52.936063,0.10294556604732455,0.0,0.0,2.560059509040206,0.6957476524364086,-0.5242584162595838
2025-05-21T00:25:53.036039,0.10294556604732455,0.0,0.0,2.56900538343704,0.6905748783631287,-0.5242584162595838
2025-05-21T00:25:53.136082,0.10294556604732455,0.0,0.0,2.577882733855769,0.6854417269182939,-0.5242584162595838
2025-05-21T00:25:53.236029,0.10294556604732455,0.0,0.0,2.5867881737935847,0.6802923332673181,-0.5242584162595838
2025-05-21T00:25:53.336058,0.10294556604732455,0.0,0.0,2.5956998605684745,0.6751393275069586,-0.5242584162595838
2025-05-21T00:25:53.436055,0.10294556604732455,0.0,0.0,2.604643950154716,0.6699675854649313,-0.5242584162595838
2025-05-21T00:25:53.536081,0.10294556604732455,0.0,0.0,2.613531414500136,0.664828585842999,-0.5242584162595838
2025-05-21T00:25:53.636118,0.10294556604732455,0.0,0.0,2.6224279303849896,0.6596843523482859,-0.5242584162595838
2025-05-21T00:25:53.736308,0.10294556604732455,0.0,0.0,2.631360248720419,0.6545194167980907,-0.5242584162595838
2025-05-21T00:25:53.836098,0.10294556604732455,0.0,0.0,2.6402989201316474,0.64935080770808,-0.5242584162595838
2025-05-21T00:25:53.936137,0.10294556604732455,0.0,0.0,2.6491761430639054,0.6442177299797631,-0.5242584162595838
2025-05-21T00:25:54.036046,0.10294556604732455,0.0,0.0,2.6580914632032155,0.6390626232986395,-0.5242584162595838
2025-05-21T00:25:54.136074,0.10294556604732455,0.0,0.0,2.667006847085761,0.633907479759257,-0.5242584162595838
2025-05-21T00:25:54.236050,0.10294556604732455,0.0,0.0,2.675908632411411,0.6287601993151317,-0.5242584162595838
2025-05-21T00:25:54.336045,0.10294556604732455,0.0,0.0,2.6848181519162955,0.6236084467355788,-0.5242584162595838
2025-05-21T00:25:54.436071,0.10294556604732455,0.0,0.0,2.693742226126607,0.6184482781868833,-0.5242584162595838
2025-05-21T00:25:54.536064,0.10294556604732455,0.0,0.0,2.702651278181098,0.61329679590123,-0.5242584162595838
2025-05-21T00:25:54.636190,0.10294556604732455,0.0,0.0,2.7115853175838844,0.6081308651780413,-0.5242584162595838
2025-05-21T00:25:54.735963,0.10294556604732455,0.0,0.0,2.7204739080597973,0.6029912143935329,-0.5242584162595838
2025-05-21T00:25:54.836068,0.10294556604732455,0.0,0.0,2.7293883995370467,0.5978365868697766,-0.5242584162595838
2025-05-21T00:25:54.936107,0.10294556604732455,0.0,0.0,2.7383307468081863,0.5926658522868291,-0.5242584162595838
2025-05-21T00:25:55.036138,0.10294556604732455,0.0,0.0,2.747225924085095,0.5875223928155554,-0.5242584162595838
2025-05-21T00:25:55.136051,0.10294556604732455,0.0,0.0,2.7561535679165914,0.5823601602043549,-0.5242584162595838
2025-05-21T00:25:55.236152,0.10294556604732455,0.0,0.0,2.765050041305954,0.5772159512818146,-0.5242584162595838
2025-05-21T00:25:55.336162,0.10294556604732455,0.0,0.0,2.7739611331439797,0.5720632895318726,-0.5242584162595838
2025-05-21T00:25:55.436018,0.10294556604732455,0.0,0.0,2.7829061151355177,0.566891031474219,-0.5242584162595838
2025-05-21T00:25:55.536064,0.10294556604732455,0.0,0.0,2.79181038644735,0.5617423135579921,-0.5242584162595838
2025-05-21T00:25:55.636066,0.10294556604732455,0.0,0.0,2.8007015691481705,0.5566011638709503,-0.5242584162595838
2025-05-21T00:25:55.735952,0.10294556604732455,0.0,0.0,2.8096071578202024,0.5514516842173702,-0.5242584162595838
2025-05-21T00:25:55.836127,0.10294556604732455,0.0,0.0,2.818547380316827,0.5462821782430567,-0.5242584162595838
2025-05-21T00:25:55.936035,0.10294556604732455,0.0,0.0,2.8274183989075015,0.541152688051951,-0.5242584162595838
2025-05-21T00:25:56.036047,0.10294556604732455,0.0,0.0,2.8363273872187573,0.5360012426245567,-0.5242584162595838
2025-05-21T00:25:56.136066,0.10294556604732455,0.0,0.0,2.8452440884615022,0.5308453373478211,-0.5242584162595838
2025-05-21T00:25:56.236060,0.10294556604732455,0.0,0.0,2.8542543010306476,0.5256353610051052,-0.5242584162595838
2025-05-21T00:25:56.336064,0.10294556604732455,0.0,0.0,2.8631064516236298,0.5205167808586691,-0.5242584162595838
2025-05-21T00:25:56.436019,0.10294556604732455,0.0,0.0,2.8719689923639895,0.515392192816013,-0.5242584162595838
2025-05-21T00:25:56.536146,0.10294556604732455,0.0,0.0,2.880888094601936,0.5102348992115211,-0.5242584162595838
2025-05-21T00:25:56.636050,0.10294556604732455,0.0,0.0,2.88979757161133,0.5050831712041409,-0.5242584162595838
2025-05-21T00:25:56.736061,0.10294556604732455,0.0,0.0,2.898708429724159,0.49993064460114867,-0.5242584162595838
2025-05-21T00:25:56.836052,0.10294556604732455,0.0,0.0,2.9076227299717017,0.4947761276521694,-0.5242584162595838
2025-05-21T00:25:56.936108,0.10294556604732455,0.0,0.0,2.9165209244284216,0.4896309235566355,-0.5242584162595838
2025-05-21T00:25:57.036072,0.10294556604732455,0.0,0.0,2.9254534977367923,0.48446584057340425,-0.5242584162595838
2025-05-21T00:25:57.136095,0.10294556604732455,0.0,0.0,2.9343730886728774,0.47930826438892643,-0.5242584162595838
2025-05-21T00:25:57.236035,0.10294556604732455,0.0,0.0,2.9432606592570227,0.47416920333656226,-0.5242584162595838
2025-05-21T00:25:57.336186,0.10294556604732455,0.0,0.0,2.9521829061612515,0.469010091391292,-0.5242584162595838
2025-05-21T00:25:57.436019,0.10294556604732455,0.0,0.0,2.96110445188989,0.46385138488687094,-0.5242584162595838
2025-05-21T00:25:57.536059,0.10294556604732455,0.0,0.0,2.9699991192209154,0.4587082202816694,-0.5242584162595838
2025-05-21T00:25:57.636067,0.10294556604732455,0.0,0.0,2.9789515591710005,0.45353164980771066,-0.5242584162595838
2025-05-21T00:25:57.737007,0.10294556604732455,0.0,0.0,2.988468445470968,0.4480286994501419,-0.5242584162595838
2025-05-21T00:25:57.836237,0.10294556604732455,0.0,0.0,2.996783431818839,0.4432207238524558,-0.5242584162595838
2025-05-21T00:25:57.936078,0.10294556604732455,0.0,0.0,3.005708313443466,0.43806008843247946,-0.5242584162595838
2025-05-21T00:25:58.036039,0.10294556604732455,0.0,0.0,3.014586981222394,0.43292617525029164,-0.5242584162595838
2025-05-21T00:25:58.136742,0.10294556604732455,0.0,0.0,3.023935224169114,0.4275207395599998,-0.5242584162595838
2025-05-21T00:25:58.236289,0.10294556604732455,0.0,0.0,3.0324093773758967,0.4226207288895442,-0.5242584162595838
2025-05-21T00:25:58.336026,0.10294556604732455,0.0,0.0,3.041304597148296,0.4174772448460979,-0.5242584162595838
2025-05-21T00:25:58.436302,0.10294556604732455,0.0,0.0,3.0502356831145065,0.4123130218889104,-0.5242584162595838
2025-05-21T00:25:58.536135,0.10294556604732455,0.0,0.0,3.0597944487201625,0.4067858556551664,-0.5242584162595838
2025-05-21T00:25:58.636108,0.10294556604732455,0.0,0.0,3.068331835216508,0.4018492815917643,-0.5242584162595838
2025-05-21T00:25:58.736088,0.10294556604732455,0.0,0.0,3.077350100681065,0.39663464882232563,-0.5242584162595838
2025-05-21T00:25:58.839011,0.10294556604732455,0.0,0.0,3.085986012971666,0.39164110417656706,-0.5242584162595838
2025-05-21T00:25:58.936020,0.10294556604732455,0.0,0.0,3.094760694285835,0.38656731910092496,-0.5242584162595838
2025-05-21T00:25:59.036165,0.10294556604732455,0.0,0.0,3.103683897338595,0.3814076542817694,-0.5242584162595838
2025-05-21T00:25:59.136067,0.10294556604732455,0.0,0.0,3.1125995574418273,0.37625235102326443,-0.5242584162595838
2025-05-21T00:25:59.236049,0.10294556604732455,0.0,0.0,3.121498899276785,0.3711064834790682,-0.5242584162595838
2025-05-21T00:25:59.336163,0.10294556604732455,0.0,0.0,3.1304165991635515,0.36595000075627465,-0.5242584162595838
2025-05-21T00:25:59.436063,0.10294556604732455,0.0,0.0,3.1393611774479315,0.36077797613426155,-0.5242584162595838
2025-05-21T00:25:59.536039,0.10294556604732455,0.0,0.0,3.1482457733477562,0.355640635133985,-0.5242584162595838
2025-05-21T00:25:59.636030,0.10294556604732455,0.0,0.0,3.157151638240475,0.3504909957612825,-0.5242584162595838
2025-05-21T00:25:59.736043,0.10294556604732455,0.0,0.0,3.1660661722132146,0.34533634366535354,-0.5242584162595838
2025-05-21T00:25:59.836119,0.10294556604732455,0.0,0.0,3.174983255915372,0.3401802172390638,-0.5242584162595838
2025-05-21T00:25:59.936117,0.10294556604732455,0.0,0.0,3.1838873359974986,0.3350316098976139,-0.5242584162595838
2025-05-21T00:26:00.035939,0.10294556604732455,0.0,0.0,3.1927995752137623,0.32987828469900954,-0.5242584162595838
2025-05-21T00:26:00.136093,0.10294556604732455,0.0,0.0,3.201719994811908,0.3247202293571645,-0.5242584162595838
2025-05-21T00:26:00.236060,0.10294556604732455,0.0,0.0,3.2106837385624125,0.3195371226852731,-0.5242584162595838
2025-05-21T00:26:00.336043,0.10294556604732455,0.0,0.0,3.21954449449218,0.31441356667386955,-0.5242584162595838
2025-05-21T00:26:00.436084,0.10294556604732455,0.0,0.0,3.228449105767935,0.3092646521802611,-0.5242584162595838
2025-05-21T00:26:00.536147,0.10294556604732455,0.0,0.0,3.2373651270828354,0.3041091400582883,-0.5242584162595838
2025-05-21T00:26:00.636099,0.10294556604732455,0.0,0.0,3.2462736054482075,0.29895798949696606,-0.5242584162595838
2025-05-21T00:26:00.736003,0.10294556604732455,0.0,0.0,3.2551886493668305,0.2938030425349649,-0.5242584162595838
2025-05-21T00:26:00.836104,0.10294556604732455,0.0,0.0,3.2640985513311276,0.28865106880585795,-0.5242584162595838
2025-05-21T00:26:00.936183,0.10294556604732455,0.0,0.0,3.27300422499414,0.28350154000793254,-0.5242584162595838
2025-05-21T00:26:01.036102,0.10294556604732455,0.0,0.0,3.281932676239952,0.2783388405254511,-0.5242584162595838
2025-05-21T00:26:01.136085,0.10294556604732455,0.0,0.0,3.2908454891453345,0.27318518360251565,-0.5242584162595838
2025-05-21T00:26:01.236102,0.10294556604732455,0.0,0.0,3.299748018142065,0.2680374731453685,-0.5242584162595838
2025-05-21T00:26:01.336082,0.10294556604732455,0.0,0.0,3.308659938642151,0.2628843322380593,-0.5242584162595838
2025-05-21T00:26:01.436119,0.10294556604732455,0.0,0.0,3.317573218997927,0.2577304050212243,-0.5242584162595838
2025-05-21T00:26:01.536112,0.10294556604732455,0.0,0.0,3.326485288232229,0.2525771781113107,-0.5242584162595838
2025-05-21T00:26:01.636112,0.10294556604732455,0.0,0.0,3.335384205112284,0.24743155628884125,-0.5242584162595838
2025-05-21T00:26:01.736112,0.10294556604732455,0.0,0.0,3.344299546499339,0.24227643732163134,-0.5242584162595838
2025-05-21T00:26:01.836116,0.10294556604732455,0.0,0.0,3.3532284651955444,0.23711346754525048,-0.5242584162595838
2025-05-21T00:26:01.936106,0.10294556604732455,0.0,0.0,3.3621345425657143,0.23196370531168464,-0.5242584162595838
2025-05-21T00:26:02.036021,0.10294556604732455,0.0,0.0,3.371042234764516,0.22681300933555698,-0.5242584162595838
2025-05-21T00:26:02.136064,0.10294556604732455,0.0,0.0,3.3799492257877275,0.22166271880027852,-0.5242584162595838
2025-05-21T00:26:02.236159,0.10294556604732455,0.0,0.0,3.388873916182648,0.21650219395507922,-0.5242584162595838
2025-05-21T00:26:02.336302,0.10294556604732455,0.0,0.0,3.3977781025035005,0.21135352518319755,-0.5242584162595838
2025-05-21T00:26:02.436131,0.10294556604732455,0.0,0.0,3.406681757630724,0.2062051635634744,-0.5242584162595838
2025-05-21T00:26:02.536111,0.10294556604732455,0.0,0.0,3.4155936356353194,0.20105204722833783,-0.5242584162595838
2025-05-21T00:26:02.636098,0.10294556604732455,0.0,0.0,3.4245279937542827,0.19588593221385403,-0.5242584162595838
2025-05-21T00:26:02.736052,0.10294556604732455,0.0,0.0,3.4334733369574884,0.1907134652927327,-0.5242584162595838
2025-05-21T00:26:02.836063,0.10294556604732455,0.0,0.0,3.442341232129626,0.18558578115631902,-0.5242584162595838
2025-05-21T00:26:02.936072,0.10294556604732455,0.0,0.0,3.4512592294848248,0.18042912642831666,-0.5242584162595838
2025-05-21T00:26:03.036108,0.10294556604732455,0.0,0.0,3.460185683442593,0.1752675818379512,-0.5242584162595838
2025-05-21T00:26:03.136140,0.10294556604732455,0.0,0.0,3.469080053305186,0.17012458923795842,-0.5242584162595838
2025-05-21T00:26:03.236101,0.10294556604732455,0.0,0.0,3.477987936733694,0.1649737826870537,-0.5242584162595838
2025-05-21T00:26:03.336098,0.10294556604732455,0.0,0.0,3.4869000909589767,0.15982050663279473,-0.5242584162595838
2025-05-21T00:26:03.436062,0.10294556604732455,0.0,0.0,3.495868105506256,0.15463493045754909,-0.5242584162595838
2025-05-21T00:26:03.536105,0.10294556604732455,0.0,0.0,3.504781237127816,0.1494810892433185,-0.5242584162595838
2025-05-21T00:26:03.635974,0.10294556604732455,0.0,0.0,3.5136410794045423,0.14435806153362749,-0.5242584162595838
2025-05-21T00:26:03.736066,0.10294556604732455,0.0,0.0,3.5225469018017708,0.1392084467330977,-0.5242584162595838
2025-05-21T00:26:03.836226,0.10294556604732455,0.0,0.0,3.531461202049314,0.13405392978411845,-0.5242584162595838
2025-05-21T00:26:03.936097,0.10294556604732455,0.0,0.0,3.54038096296736,0.12889625531094995,-0.5242584162595838
2025-05-21T00:26:04.036061,0.10294556604732455,0.0,0.0,3.549280474784279,0.12375028947806302,-0.5242584162595838
2025-05-21T00:26:04.136137,0.10294556604732455,0.0,0.0,3.55819736725673,0.11859427362655034,-0.5242584162595838
2025-05-21T00:26:04.236085,0.10294556604732455,0.0,0.0,3.5671947886832958,0.11339169350781078,-0.5242584162595838
2025-05-21T00:26:04.336095,0.10294556604732455,0.0,0.0,3.5760386101601793,0.1082779295072198,-0.5242584162595838
2025-05-21T00:26:04.436064,0.10294556604732455,0.0,0.0,3.58493193888326,0.10313553892545767,-0.5242584162595838
2025-05-21T00:26:04.536108,0.10294556604732455,0.0,0.0,3.5938357639924443,0.0979870790170438,-0.5242584162595838
2025-05-21T00:26:04.636171,0.10294556604732455,0.0,0.0,3.6027798323309406,0.09281534926110284,-0.5242584162595838
2025-05-21T00:26:04.736105,0.10294556604732455,0.0,0.0,3.611669570185091,0.08767503502793209,-0.5242584162595838
2025-05-21T00:26:04.836079,0.10294556604732455,0.0,0.0,3.6205809382438034,0.08252221355886769,-0.5242584162595838
2025-05-21T00:26:04.936122,0.10294556604732455,0.0,0.0,3.629487610550838,0.07737210731488432,-0.5242584162595838
2025-05-21T00:26:05.036252,0.10294556604732455,0.0,0.0,3.6384131296078195,0.07221110331231778,-0.5242584162595838
2025-05-21T00:26:05.136027,0.10294556604732455,0.0,0.0,3.647341347128435,0.06704853897678612,-0.5242584162595838
2025-05-21T00:26:05.236034,0.10294556604732455,0.0,0.0,3.6562311062303303,0.06190821245752903,-0.5242584162595838
2025-05-21T00:26:05.336218,0.10294556604732455,0.0,0.0,3.6651352925511826,0.056759543685647396,-0.5242584162595838
2025-05-21T00:26:05.436090,0.10294556604732455,0.0,0.0,3.674085119028615,0.05158448440030841,-0.5242584162595838
2025-05-21T00:26:05.536069,0.10294556604732455,0.0,0.0,3.68295263174134,0.046457021413448825,-0.5242584162595838
2025-05-21T00:26:05.635924,0.10294556604732455,0.0,0.0,3.691874241213214,0.04129827805076876,-0.5242584162595838
2025-05-21T00:26:05.736600,0.10294556604732455,0.0,0.0,3.7007885839562475,0.03614373652961682,-0.5242584162595838
2025-05-21T00:26:05.836066,0.10294556604732455,0.0,0.0,3.7097051364647764,0.030987917255485567,-0.5242584162595838
2025-05-21T00:26:05.936029,0.10294556604732455,0.0,0.0,3.718635521255397,0.025824099739147267,-0.5242584162595838
2025-05-21T00:26:06.036064,0.10294556604732455,0.0,0.0,3.72751631380884,0.020688957948325468,-0.5242584162595838
2025-05-21T00:26:06.136033,0.10294556604732455,0.0,0.0,3.7364656303403883,0.015514193529058634,-0.5242584162595838
2025-05-21T00:26:06.236180,0.10294556604732455,0.0,0.0,3.74538046178156,0.010359369427920883,-0.5242584162595838
2025-05-21T00:26:06.336201,0.10294556604732455,0.0,0.0,3.7542468058683016,0.005232582175809974,-0.5242584162595838
2025-05-21T00:26:06.436065,0.10294556604732455,0.0,0.0,3.7631705188669455,7.262249058229185e-05,-0.5242584162595838
2025-05-21T00:26:06.536110,0.10294556604732455,0.0,0.0,3.772088494974399,-0.005084019951333713,-0.5242584162595838
2025-05-21T00:26:06.636078,0.10294556604732455,0.0,0.0,3.781036642879964,-0.010258108635851871,-0.5242584162595838
2025-05-21T00:26:06.736029,0.10294556604732455,0.0,0.0,3.7899287817293166,-0.015399811196778988,-0.5242584162595838
2025-05-21T00:26:06.836021,0.10294556604732455,0.0,0.0,3.7988193057500377,-0.0205405800151443,-0.5242584162595838
2025-05-21T00:26:06.936125,0.10294556604732455,0.0,0.0,3.8080641784166085,-0.025886243895394213,-0.5242584162595838
2025-05-21T00:26:07.036330,0.10294556604732455,0.0,0.0,3.816673892237441,-0.03086463979669609,-0.5242584162595838
2025-05-21T00:26:07.136054,0.10294556604732455,0.0,0.0,3.825621551444868,-0.03603844590122844,-0.5242584162595838
2025-05-21T00:26:07.236021,0.10294556604732455,0.0,0.0,3.8344576387425175,-0.04114773776639184,-0.5242584162595838
2025-05-21T00:26:07.336052,0.10294556604732455,0.0,0.0,3.8433745312149687,-0.04630375361790453,-0.5242584162595838
2025-05-21T00:26:07.435946,0.10294556604732455,0.0,0.0,3.8523251013634807,-0.0514792429162654,-0.5242584162595838
2025-05-21T00:26:07.536021,0.10294556604732455,0.0,0.0,3.8612262280090315,-0.056626142491714146,-0.5242584162595838
2025-05-21T00:26:07.636084,0.10294556604732455,0.0,0.0,3.8700883225467435,-0.061750472526557146,-0.5242584162595838
2025-05-21T00:26:07.737584,0.10294556604732455,0.0,0.0,3.879491193446242,-0.06718749574482791,-0.5242584162595838
2025-05-21T00:26:07.836324,0.10294556604732455,0.0,0.0,3.888044940706352,-0.07213353009471142,-0.5242584162595838
2025-05-21T00:26:07.936042,0.10294556604732455,0.0,0.0,3.896843568229304,-0.0772211615896582,-0.5242584162595838
2025-05-21T00:26:08.036105,0.10294556604732455,0.0,0.0,3.905755871188803,-0.08237452364652154,-0.5242584162595838
2025-05-21T00:26:08.136152,0.10294556604732455,0.0,0.0,3.914669470260756,-0.08752863515465159,-0.5242584162595838
2025-05-21T00:26:08.236039,0.0,0.0,0.2058911320946491,3.9191296694359563,-0.09010765668253094,-0.5138596059845542
2025-05-21T00:26:08.336029,0.0,0.0,0.2058911320946491,3.9191296694359563,-0.09010765668253094,-0.4932869078929665
2025-05-21T00:26:08.436071,0.0,0.0,0.2058911320946491,3.9191296694359563,-0.09010765668253094,-0.47278479873531193
2025-05-21T00:26:08.536036,0.0,0.0,0.2058911320946491,3.9191296694359563,-0.09010765668253094,-0.4521784260897062
2025-05-21T00:26:08.636067,0.0,0.0,0.2058911320946491,3.9191296694359563,-0.09010765668253094,-0.43154323862892685
2025-05-21T00:26:08.736054,0.0,0.0,0.2058911320946491,3.9191296694359563,-0.09010765668253094,-0.4110059822691192
2025-05-21T00:26:08.836060,0.0,0.0,0.2058911320946491,3.9191296694359563,-0.09010765668253094,-0.39045066142552365
2025-05-21T00:26:08.935980,0.0,0.0,0.2058911320946491,3.9191296694359563,-0.09010765668253094,-0.3698339802429733
2025-05-21T00:26:09.036042,0.0,0.0,0.2058911320946491,3.9191296694359563,-0.09010765668253094,-0.34915461333814685
2025-05-21T00:26:09.136065,0.0,0.0,0.2058911320946491,3.9191296694359563,-0.09010765668253094,-0.3286470062941223
2025-05-21T00:26:09.236077,0.0,0.0,0.2058911320946491,3.9191296694359563,-0.09010765668253094,-0.3080900164493068
2025-05-21T00:26:09.336039,0.0,0.0,0.2058911320946491,3.9191296694359563,-0.09010765668253094,-0.2874889453369862
2025-05-21T00:26:09.436067,0.0,0.0,0.2058911320946491,3.9191296694359563,-0.09010765668253094,-0.2668301955060488
2025-05-21T00:26:09.536020,0.0,0.0,0.2058911320946491,3.9191296694359563,-0.09010765668253094,-0.24632337387436243
2025-05-21T00:26:09.636001,0.0,0.0,0.2058911320946491,3.9191296694359563,-0.09010765668253094,-0.22571793390590852
2025-05-21T00:26:09.736094,0.0,0.0,0.2058911320946491,3.9191296694359563,-0.09010765668253094,-0.2051203971491118
2025-05-21T00:26:09.836069,0.0,0.0,0.2058911320946491,3.9191296694359563,-0.09010765668253094,-0.18450651399801776
2025-05-21T00:26:09.935999,0.0,0.0,0.2058911320946491,3.9191296694359563,-0.09010765668253094,-0.16391629139362474
2025-05-21T00:26:10.036082,0.0,0.0,0.2058911320946491,3.9191296694359563,-0.09010765668253094,-0.14335866340128423
2025-05-21T00:26:10.136102,0.0,0.0,0.2058911320946491,3.9191296694359563,-0.09010765668253094,-0.12277781665668328
2025-05-21T00:26:10.235970,0.0,0.0,0.2058911320946491,3.9191296694359563,-0.09010765668253094,-0.10215823926613421
2025-05-21T00:26:10.336078,0.0,0.0,0.2058911320946491,3.9191296694359563,-0.09010765668253094,-0.08159403344545746
2025-05-21T00:26:10.436042,0.0,0.0,0.2058911320946491,3.9191296694359563,-0.09010765668253094,-0.06105059196348339
2025-05-21T00:26:10.536056,0.0,0.0,0.2058911320946491,3.9191296694359563,-0.09010765668253094,-0.04041555176751822
2025-05-21T00:26:10.636064,0.0,0.0,0.2058911320946491,3.9191296694359563,-0.09010765668253094,-0.01977628998023251
2025-05-21T00:26:10.736044,0.0,0.0,0.2058911320946491,3.9191296694359563,-0.09010765668253094,0.0007667097073009721
2025-05-21T00:26:10.836063,0.0,0.0,0.2058911320946491,3.9191296694359563,-0.09010765668253094,0.021374751354126698
2025-05-21T00:26:10.936046,0.0,0.0,0.2058911320946491,3.9191296694359563,-0.09010765668253094,0.04194170611798853
2025-05-21T00:26:11.036070,0.0,0.0,0.2058911320946491,3.9191296694359563,-0.09010765668253094,0.06256982486772023
2025-05-21T00:26:11.136077,0.0,0.0,0.2058911320946491,3.9191296694359563,-0.09010765668253094,0.08308003359011672
2025-05-21T00:26:11.236019,0.0,0.0,0.2058911320946491,3.9191296694359563,-0.09010765668253094,0.10369907100968279
2025-05-21T00:26:11.336065,0.0,0.0,0.2058911320946491,3.9191296694359563,-0.09010765668253094,0.12430102571088407
2025-05-21T00:26:11.436053,0.0,0.0,0.2058911320946491,3.9191296694359563,-0.09010765668253094,0.14495128327091056
2025-05-21T00:26:11.536043,0.0,0.0,0.2058911320946491,3.9191296694359563,-0.09010765668253094,0.16548367989187307
2025-05-21T00:26:11.636055,0.0,0.0,0.2058911320946491,3.9191296694359563,-0.09010765668253094,0.18605156733288686
2025-05-21T00:26:11.736060,0.0,0.0,0.2058911320946491,3.9191296694359563,-0.09010765668253094,0.20666113071611836
2025-05-21T00:26:11.836052,0.0,0.0,0.2058911320946491,3.9191296694359563,-0.09010765668253094,0.22731300818909306
2025-05-21T00:26:11.936032,0.0,0.0,0.2058911320946491,3.9191296694359563,-0.09010765668253094,0.24784825192978308
2025-05-21T00:26:12.036046,0.0,0.0,0.2058911320946491,3.9191296694359563,-0.09010765668253094,0.26841196686774804
2025-05-21T00:26:12.136092,0.0,0.0,0.2058911320946491,3.9191296694359563,-0.09010765668253094,0.28897553454089925
2025-05-21T00:26:12.235932,0.0,0.0,0.2058911320946491,3.9191296694359563,-0.09010765668253094,0.3096488635883725
2025-05-21T00:26:12.336069,0.0,0.0,0.2058911320946491,3.9191296694359563,-0.09010765668253094,0.3302208253558927
2025-05-21T00:26:12.436136,0.0,0.0,0.2058911320946491,3.9191296694359563,-0.09010765668253094,0.3507911181221934
2025-05-21T00:26:12.536054,0.0,0.0,0.2058911320946491,3.9191296694359563,-0.09010765668253094,0.3713554221194122
2025-05-21T00:26:12.636106,0.0,0.0,0.2058911320946491,3.9191296694359563,-0.09010765668253094,0.3919620402063737
2025-05-21T00:26:12.736139,0.0,0.0,0.2058911320946491,3.9191296694359563,-0.09010765668253094,0.412567038380387
2025-05-21T00:26:12.836100,0.0,0.0,0.2058911320946491,3.9191296694359563,-0.09010765668253094,0.43311784310303597
2025-05-21T00:26:12.936042,0.0,0.0,0.2058911320946491,3.9191296694359563,-0.09010765668253094,0.45372721013318307
2025-05-21T00:26:13.036053,0.0,0.0,0.2058911320946491,3.9191296694359563,-0.09010765668253094,0.47438777623015405
2025-05-21T00:26:13.136034,0.0,0.0,0.2058911320946491,3.9191296694359563,-0.09010765668253094,0.49491217146291655
2025-05-21T00:26:13.236008,0.0,0.0,0.2058911320946491,3.9191296694359563,-0.09010765668253094,0.5154977797698206
2025-05-21T00:26:13.336074,0.0,0.0,0.2058911320946491,3.9191296694359563,-0.09010765668253094,0.5360851061662152
2025-05-21T00:26:13.436037,0.0,0.0,0.2058911320946491,3.9191296694359563,-0.09010765668253094,0.556662860349733
2025-05-21T00:26:13.535969,0.0,0.0,0.2058911320946491,3.9191296694359563,-0.09010765668253094,0.5772656495515442
2025-05-21T00:26:13.636020,0.0,0.0,0.2058911320946491,3.9191296694359563,-0.09010765668253094,0.5978495397689577
2025-05-21T00:26:13.736025,0.0,0.0,0.2058911320946491,3.9191296694359563,-0.09010765668253094,0.6184050078773669
2025-05-21T00:26:13.836197,0.0,0.0,0.2058911320946491,3.9191296694359563,-0.09010765668253094,0.6391193747195326
2025-05-21T00:26:13.936083,0.0,0.0,0.2058911320946491,3.9191296694359563,-0.09010765668253094,0.6596269817635577
2025-05-21T00:26:14.036024,0.0,0.0,0.2058911320946491,3.9191296694359563,-0.09010765668253094,0.6802216714006271
2025-05-21T00:26:14.136061,0.10294556604732455,0.0,0.0,3.923101122076268,-0.08682646434678475,0.6905103766834371
2025-05-21T00:26:14.236196,0.10294556604732455,0.0,0.0,3.9310482657931747,-0.08026057790253897,0.6905103766834371
2025-05-21T00:26:14.336107,0.10294556604732455,0.0,0.0,3.938964851141345,-0.07371993861452851,0.6905103766834371
2025-05-21T00:26:14.436059,0.10294556604732455,0.0,0.0,3.9469085132855906,-0.067156928626473,0.6905103766834371
2025-05-21T00:26:14.536116,0.10294556604732455,0.0,0.0,3.9548533864116315,-0.060592918131916536,0.6905103766834371
2025-05-21T00:26:14.636072,0.10294556604732455,0.0,0.0,3.9628047307216403,-0.054023561180745534,0.6905103766834371
2025-05-21T00:26:14.736067,0.10294556604732455,0.0,0.0,3.970706954582584,-0.047494787274519966,0.6905103766834371
2025-05-21T00:26:14.836074,0.10294556604732455,0.0,0.0,3.9786568230085297,-0.04092664969064702,0.6905103766834371
2025-05-21T00:26:14.936053,0.10294556604732455,0.0,0.0,3.9865931435756425,-0.03436970527325363,0.6905103766834371
2025-05-21T00:26:15.036252,0.10294556604732455,0.0,0.0,3.994528328847322,-0.02781369883070489,0.6905103766834371
2025-05-21T00:26:15.136034,0.10294556604732455,0.0,0.0,4.002482341101598,-0.021242137638648947,0.6905103766834371
2025-05-21T00:26:15.236038,0.10294556604732455,0.0,0.0,4.010407989891641,-0.014694010184795318,0.6905103766834371
2025-05-21T00:26:15.336150,0.10294556604732455,0.0,0.0,4.018342039867888,-0.008138941717091237,0.6905103766834371
2025-05-21T00:26:15.436122,0.10294556604732455,0.0,0.0,4.0262836395587644,-0.0015776357166701967,0.6905103766834371
2025-05-21T00:26:15.536040,0.10294556604732455,0.0,0.0,4.034200849319422,0.004963519457504825,0.6905103766834371
2025-05-21T00:26:15.635987,0.10294556604732455,0.0,0.0,4.042159875795193,0.01153922337179133,0.6905103766834371
2025-05-21T00:26:15.736300,0.10294556604732455,0.0,0.0,4.050072752511615,0.018076798608642582,0.6905103766834371
2025-05-21T00:26:15.836309,0.10294556604732455,0.0,0.0,4.058008694646916,0.024633430367754422,0.6905103766834371
2025-05-21T00:26:15.936024,0.10294556604732455,0.0,0.0,4.065942328348171,0.031188154911348798,0.6905103766834371
2025-05-21T00:26:16.036035,0.10294556604732455,0.0,0.0,4.07387783528689,0.037744427113436854,0.6905103766834371
2025-05-21T00:26:16.136080,0.10294556604732455,0.0,0.0,4.081829501263938,0.044314049824147175,0.6905103766834371
2025-05-21T00:26:16.236051,0.10294556604732455,0.0,0.0,4.089755585250564,0.05086253683502459,0.6905103766834371
2025-05-21T00:26:16.336018,0.10294556604732455,0.0,0.0,4.097715709178587,0.057439147458327594,0.6905103766834371
2025-05-21T00:26:16.436042,0.10294556604732455,0.0,0.0,4.105628472365466,0.06397662889769438,0.6905103766834371
2025-05-21T00:26:16.536115,0.10294556604732455,0.0,0.0,4.11355241821236,0.07052334938928102,0.6905103766834371
2025-05-21T00:26:16.636045,0.10294556604732455,0.0,0.0,4.121553469540741,0.07713377400573387,0.6905103766834371
2025-05-21T00:26:16.736039,0.10294556604732455,0.0,0.0,4.129438058479293,0.08364797803603913,0.6905103766834371
2025-05-21T00:26:16.836029,0.10294556604732455,0.0,0.0,4.13736179618869,0.09019452656557092,0.6905103766834371
2025-05-21T00:26:16.936123,0.10294556604732455,0.0,0.0,4.145300008914857,0.09675303427437207,0.6905103766834371
2025-05-21T00:26:17.036088,0.10294556604732455,0.0,0.0,4.153241078801197,0.10331390255319893,0.6905103766834371
2025-05-21T00:26:17.136029,0.10294556604732455,0.0,0.0,4.16124670915449,0.10992811033485855,0.6905103766834371
2025-05-21T00:26:17.236141,0.10294556604732455,0.0,0.0,4.169109481499139,0.11642428961523234,0.6905103766834371
2025-05-21T00:26:17.336160,0.10294556604732455,0.0,0.0,4.17705021079685,0.12298487650160582,0.6905103766834371
2025-05-21T00:26:17.436109,0.10294556604732455,0.0,0.0,4.18499336205815,0.12954746440098122,0.6905103766834371
2025-05-21T00:26:17.536034,0.10294556604732455,0.0,0.0,4.1929200136924925,0.13609642039928097,0.6905103766834371
2025-05-21T00:26:17.636016,0.10294556604732455,0.0,0.0,4.200863032502659,0.14265889886825783,0.6905103766834371
2025-05-21T00:26:17.736369,0.10294556604732455,0.0,0.0,4.208800280227709,0.14921660929844102,0.6905103766834371
2025-05-21T00:26:17.836028,0.10294556604732455,0.0,0.0,4.216738152365246,0.15577483561478878,0.6905103766834371
2025-05-21T00:26:17.935986,0.10294556604732455,0.0,0.0,4.224707793853315,0.1623593095938728,0.6905103766834371
2025-05-21T00:26:18.036075,0.10294556604732455,0.0,0.0,4.232606706435912,0.16888534774013478,0.6905103766834371
2025-05-21T00:26:18.136043,0.10294556604732455,0.0,0.0,4.240540264450805,0.17544000975207283,0.6905103766834371
2025-05-21T00:26:18.236057,0.10294556604732455,0.0,0.0,4.248480539630342,0.18200022144850844,0.6905103766834371
2025-05-21T00:26:18.336065,0.10294556604732455,0.0,0.0,4.256413113722526,0.1885540705489145,0.6905103766834371
2025-05-21T00:26:18.436076,0.10294556604732455,0.0,0.0,4.264352896940709,0.19511387578958408,0.6905103766834371
2025-05-21T00:26:18.536151,0.10294556604732455,0.0,0.0,4.272283086912483,0.20166575514281634,0.6905103766834371
2025-05-21T00:26:18.635963,0.10294556604732455,0.0,0.0,4.280225046113579,0.20822735816860485,0.6905103766834371
2025-05-21T00:26:18.736026,0.10294556604732455,0.0,0.0,4.288164640115856,0.21478700708013368,0.6905103766834371
2025-05-21T00:26:18.836061,0.10294556604732455,0.0,0.0,4.296095832931931,0.22133971497781205,0.6905103766834371
2025-05-21T00:26:18.936148,0.10294556604732455,0.0,0.0,4.304036581151231,0.2279003174970996,0.6905103766834371
2025-05-21T00:26:19.036190,0.10294556604732455,0.0,0.0,4.311989174286215,0.23447070622059973,0.6905103766834371
2025-05-21T00:26:19.136109,0.10294556604732455,0.0,0.0,4.319890130400592,0.2409984327215821,0.6905103766834371
2025-05-21T00:26:19.236067,0.10294556604732455,0.0,0.0,4.327836952450459,0.24756405340628856,0.6905103766834371
2025-05-21T00:26:19.336407,0.10294556604732455,0.0,0.0,4.335774843509588,0.2541222953555504,0.6905103766834371
2025-05-21T00:26:19.436049,0.10294556604732455,0.0,0.0,4.343753340302034,0.26071408553842274,0.6905103766834371
2025-05-21T00:26:19.536050,0.10294556604732455,0.0,0.0,4.351649395724459,0.267237763114659,0.6905103766834371
2025-05-21T00:26:19.636016,0.10294556604732455,0.0,0.0,4.35958878158924,0.273797240064133,0.6905103766834371
2025-05-21T00:26:19.736134,0.10294556604732455,0.0,0.0,4.367523285683659,0.2803526837217749,0.6905103766834371
2025-05-21T00:26:19.836325,0.10294556604732455,0.0,0.0,4.375458357425796,0.2869085963668392,0.6905103766834371
2025-05-21T00:26:19.936141,0.10294556604732455,0.0,0.0,4.383391215341837,0.2934626799609564,0.6905103766834371
2025-05-21T00:26:20.036075,0.10294556604732455,0.0,0.0,4.391333609739516,0.3000246425437687,0.6905103766834371
2025-05-21T00:26:20.136173,0.10294556604732455,0.0,0.0,4.399257725880724,0.3065715037315821,0.6905103766834371
2025-05-21T00:26:20.236073,0.10294556604732455,0.0,0.0,4.407223412756368,0.31315271043162396,0.6905103766834371
2025-05-21T00:26:20.336105,0.10294556604732455,0.0,0.0,4.415158995381449,0.31970904516536836,0.6905103766834371
2025-05-21T00:26:20.436071,0.10294556604732455,0.0,0.0,4.423067160621825,0.3262427278066143,0.6905103766834371
2025-05-21T00:26:20.536227,0.10294556604732455,0.0,0.0,4.431012166198999,0.33280684773156927,0.6905103766834371
2025-05-21T00:26:20.636088,0.10294556604732455,0.0,0.0,4.438952479221718,0.33936709069383303,0.6905103766834371
2025-05-21T00:26:20.736071,0.10294556604732455,0.0,0.0,4.446891127144467,0.34592595795965797,0.6905103766834371
2025-05-21T00:26:20.836070,0.10294556604732455,0.0,0.0,4.454814618873188,0.35247230326130674,0.6905103766834371
2025-05-21T00:26:20.936372,0.10294556604732455,0.0,0.0,4.46275680513337,0.3590340938820642,0.6905103766834371
2025-05-21T00:26:21.036091,0.10294556604732455,0.0,0.0,4.470718291415913,0.3656118300751808,0.6905103766834371
2025-05-21T00:26:21.136051,0.10294556604732455,0.0,0.0,4.4786318682311865,0.3721499837298529,0.6905103766834371
2025-05-21T00:26:21.236065,0.10294556604732455,0.0,0.0,4.486565180265401,0.37870444251390795,0.6905103766834371
2025-05-21T00:26:21.336208,0.10294556604732455,0.0,0.0,4.494513099767521,0.3852709699076309,0.6905103766834371
2025-05-21T00:26:21.436101,0.10294556604732455,0.0,0.0,4.502499638235951,0.39186940407898624,0.6905103766834371
2025-05-21T00:26:21.536056,0.10294556604732455,0.0,0.0,4.510369752157732,0.39837164893002214,0.6905103766834371
2025-05-21T00:26:21.636124,0.10294556604732455,0.0,0.0,4.518323518431331,0.4049430068941951,0.6905103766834371
2025-05-21T00:26:21.736355,0.10294556604732455,0.0,0.0,4.526262998904065,0.4115025620082394,0.6905103766834371
2025-05-21T00:26:21.836098,0.10294556604732455,0.0,0.0,4.534219357435569,0.418076061681641,0.6905103766834371
2025-05-21T00:26:21.935993,0.10294556604732455,0.0,0.0,4.542132347681536,0.42461373071597674,0.6905103766834371
2025-05-21T00:26:22.036041,0.10294556604732455,0.0,0.0,4.550061988927184,0.4311651567147008,0.6905103766834371
2025-05-21T00:26:22.136127,0.10294556604732455,0.0,0.0,4.557984685949101,0.43771084543395833,0.6905103766834371
2025-05-21T00:26:22.236478,0.10294556604732455,0.0,0.0,4.5659680266687275,0.4443066376428345,0.6905103766834371
2025-05-21T00:26:22.336083,0.10294556604732455,0.0,0.0,4.573877402890898,0.4508413207905814,0.6905103766834371
2025-05-21T00:26:22.436058,0.10294556604732455,0.0,0.0,4.581813893752325,0.4573984059042015,0.6905103766834371
2025-05-21T00:26:22.536494,0.10294556604732455,0.0,0.0,4.589748605984241,0.46395402152389825,0.6905103766834371
2025-05-21T00:26:22.636086,0.10294556604732455,0.0,0.0,4.597718361001854,0.47053858930046677,0.6905103766834371
2025-05-21T00:26:22.736087,0.10294556604732455,0.0,0.0,4.605622344570718,0.47706881706770154,0.6905103766834371
2025-05-21T00:26:22.836037,0.10294556604732455,0.0,0.0,4.613555486310618,0.4836231351555299,0.6905103766834371
2025-05-21T00:26:22.936169,0.10294556604732455,0.0,0.0,4.621489195698235,0.4901779222307806,0.6905103766834371
2025-05-21T00:26:23.036100,0.10294556604732455,0.0,0.0,4.629431230585693,0.4967395877882254,0.6905103766834371
2025-05-21T00:26:23.136066,0.10294556604732455,0.0,0.0,4.63736978390049,0.50329837688948,0.6905103766834371
2025-05-21T00:26:23.236433,0.10294556604732455,0.0,0.0,4.645300711814296,0.5098508659263613,0.6905103766834371
2025-05-21T00:26:23.336249,0.10294556604732455,0.0,0.0,4.653234932084858,0.516406075090292,0.6905103766834371
2025-05-21T00:26:23.436046,0.10294556604732455,0.0,0.0,4.661185103256252,0.5229744628007902,0.6905103766834371
2025-05-21T00:26:23.536097,0.10294556604732455,0.0,0.0,4.66911436607009,0.5295255761412326,0.6905103766834371
2025-05-21T00:26:23.636051,0.10294556604732455,0.0,0.0,4.677045502121392,0.5360782371401688,0.6905103766834371
2025-05-21T00:26:23.736090,0.10294556604732455,0.0,0.0,4.684984623083906,0.5426374952288456,0.6905103766834371
2025-05-21T00:26:23.836083,0.10294556604732455,0.0,0.0,4.692921624828278,0.5491950024311457,0.6905103766834371
2025-05-21T00:26:23.936069,0.10294556604732455,0.0,0.0,4.700853650194336,0.5557483981770435,0.6905103766834371
2025-05-21T00:26:24.036112,0.10294556604732455,0.0,0.0,4.708790916840976,0.5623061242401408,0.6905103766834371
2025-05-21T00:26:24.136187,0.10294556604732455,0.0,0.0,4.716720614851397,0.5688575971376071,0.6905103766834371
2025-05-21T00:26:24.236063,0.10294556604732455,0.0,0.0,4.724664977094493,0.5754211855434835,0.6905103766834371
2025-05-21T00:26:24.336111,0.10294556604732455,0.0,0.0,4.732612328948896,0.5819872439497842,0.6905103766834371
2025-05-21T00:26:24.436091,0.10294556604732455,0.0,0.0,4.740518242519997,0.5885190662742549,0.6905103766834371
2025-05-21T00:26:24.536086,0.10294556604732455,0.0,0.0,4.748470211242493,0.5950889391115904,0.6905103766834371
2025-05-21T00:26:24.636126,0.10294556604732455,0.0,0.0,4.756444507441837,0.6016772587875375,0.6905103766834371
2025-05-21T00:26:24.736124,0.10294556604732455,0.0,0.0,4.764344536398277,0.6082042192757301,0.6905103766834371
2025-05-21T00:26:24.836029,0.10294556604732455,0.0,0.0,4.772272758524635,0.6147544728058983,0.6905103766834371
2025-05-21T00:26:24.936142,0.10294556604732455,0.0,0.0,4.7802195238097305,0.6213200465918626,0.6905103766834371
2025-05-21T00:26:25.036036,0.10294556604732455,0.0,0.0,4.7881591934983705,0.6278797580350477,0.6905103766834371
2025-05-21T00:26:25.136042,0.10294556604732455,0.0,0.0,4.796112486732206,0.6344507251763687,0.6905103766834371
2025-05-21T00:26:25.236027,0.10294556604732455,0.0,0.0,4.804021352071431,0.6409849862354354,0.6905103766834371
2025-05-21T00:26:25.336014,0.0,0.0,0.0,4.804021352071431,0.6409849862354354,0.6905103766834371
2025-05-21T00:26:25.436181,0.0,0.0,0.0,4.804021352071431,0.6409849862354354,0.6905103766834371
2025-05-21T00:26:25.536086,0.0,0.0,0.0,4.804021352071431,0.6409849862354354,0.6905103766834371
2025-05-21T00:26:25.636050,0.0,0.0,0.0,4.804021352071431,0.6409849862354354,0.6905103766834371
2025-05-21T00:26:25.736193,0.0,0.0,0.0,4.804021352071431,0.6409849862354354,0.6905103766834371
2025-05-21T00:26:25.836124,0.0,0.0,0.0,4.804021352071431,0.6409849862354354,0.6905103766834371
2025-05-21T00:26:25.936069,0.0,0.0,0.0,4.804021352071431,0.6409849862354354,0.6905103766834371
2025-05-21T00:26:26.036049,0.0,0.0,0.0,4.804021352071431,0.6409849862354354,0.6905103766834371
2025-05-21T00:26:26.136082,0.0,0.0,0.0,4.804021352071431,0.6409849862354354,0.6905103766834371
2025-05-21T00:26:26.236056,0.0,0.0,0.0,4.804021352071431,0.6409849862354354,0.6905103766834371
2025-05-21T00:26:26.336071,0.0,0.0,0.0,4.804021352071431,0.6409849862354354,0.6905103766834371
2025-05-21T00:26:26.436051,0.0,0.0,0.0,4.804021352071431,0.6409849862354354,0.6905103766834371
2025-05-21T00:26:26.536328,0.0,0.0,0.0,4.804021352071431,0.6409849862354354,0.6905103766834371
2025-05-21T00:26:26.636040,0.0,0.0,0.0,4.804021352071431,0.6409849862354354,0.6905103766834371
2025-05-21T00:26:26.736082,0.0,0.0,0.0,4.804021352071431,0.6409849862354354,0.6905103766834371
2025-05-21T00:26:26.836068,0.0,0.0,0.0,4.804021352071431,0.6409849862354354,0.6905103766834371
2025-05-21T00:26:26.936214,0.0,0.0,0.0,4.804021352071431,0.6409849862354354,0.6905103766834371
2025-05-21T00:26:27.036111,0.0,0.0,0.0,4.804021352071431,0.6409849862354354,0.6905103766834371
2025-05-21T00:26:27.136033,0.0,0.0,0.0,4.804021352071431,0.6409849862354354,0.6905103766834371
2025-05-21T00:26:27.236071,0.0,0.0,0.0,4.804021352071431,0.6409849862354354,0.6905103766834371
2025-05-21T00:26:27.336064,0.0,0.0,0.0,4.804021352071431,0.6409849862354354,0.6905103766834371
2025-05-21T00:26:27.436037,0.0,0.0,0.0,4.804021352071431,0.6409849862354354,0.6905103766834371
2025-05-21T00:26:27.536035,0.0,0.0,0.0,4.804021352071431,0.6409849862354354,0.6905103766834371
2025-05-21T00:26:27.636074,0.0,0.0,0.0,4.804021352071431,0.6409849862354354,0.6905103766834371
2025-05-21T00:26:27.736081,0.0,0.0,0.0,4.804021352071431,0.6409849862354354,0.6905103766834371
2025-05-21T00:26:27.836070,0.0,0.0,0.0,4.804021352071431,0.6409849862354354,0.6905103766834371
2025-05-21T00:26:27.936056,0.0,0.0,0.0,4.804021352071431,0.6409849862354354,0.6905103766834371
2025-05-21T00:26:28.036143,0.0,0.0,0.0,4.804021352071431,0.6409849862354354,0.6905103766834371
2025-05-21T00:26:28.136257,0.0,0.0,0.0,4.804021352071431,0.6409849862354354,0.6905103766834371
2025-05-21T00:26:28.236132,0.0,0.0,0.0,4.804021352071431,0.6409849862354354,0.6905103766834371
2025-05-21T00:26:28.336090,0.0,0.0,0.0,4.804021352071431,0.6409849862354354,0.6905103766834371
2025-05-21T00:26:28.436053,0.0,0.0,0.0,4.804021352071431,0.6409849862354354,0.6905103766834371
2025-05-21T00:26:28.538017,0.0,0.0,0.0,4.804021352071431,0.6409849862354354,0.6905103766834371
2025-05-21T00:26:28.636131,0.0,0.0,0.0,4.804021352071431,0.6409849862354354,0.6905103766834371
2025-05-21T00:26:28.736059,0.0,0.0,0.0,4.804021352071431,0.6409849862354354,0.6905103766834371
2025-05-21T00:26:28.836059,0.0,0.0,0.0,4.804021352071431,0.6409849862354354,0.6905103766834371
2025-05-21T00:26:28.936127,0.0,0.0,0.0,4.804021352071431,0.6409849862354354,0.6905103766834371
2025-05-21T00:26:29.036486,0.0,0.0,0.0,4.804021352071431,0.6409849862354354,0.6905103766834371
2025-05-21T00:26:29.137120,0.0,0.0,0.0,4.804021352071431,0.6409849862354354,0.6905103766834371
2025-05-21T00:26:29.236100,0.0,0.0,0.0,4.804021352071431,0.6409849862354354,0.6905103766834371
2025-05-21T00:26:29.336099,0.0,0.0,0.0,4.804021352071431,0.6409849862354354,0.6905103766834371
2025-05-21T00:26:29.436537,0.0,0.0,0.0,4.804021352071431,0.6409849862354354,0.6905103766834371
2025-05-21T00:26:29.536224,0.0,0.0,0.0,4.804021352071431,0.6409849862354354,0.6905103766834371
2025-05-21T00:26:29.636020,0.0,0.0,0.0,4.804021352071431,0.6409849862354354,0.6905103766834371
2025-05-21T00:26:29.736107,0.0,0.0,0.0,4.804021352071431,0.6409849862354354,0.6905103766834371
2025-05-21T00:26:29.836038,0.0,0.0,0.0,4.804021352071431,0.6409849862354354,0.6905103766834371
2025-05-21T00:26:29.936008,0.0,0.0,0.0,4.804021352071431,0.6409849862354354,0.6905103766834371
2025-05-21T00:26:30.036062,0.0,0.0,0.0,4.804021352071431,0.6409849862354354,0.6905103766834371
2025-05-21T00:26:30.136229,0.0,0.0,0.0,4.804021352071431,0.6409849862354354,0.6905103766834371
2025-05-21T00:26:30.236049,0.0,0.0,0.0,4.804021352071431,0.6409849862354354,0.6905103766834371
2025-05-21T00:26:30.336030,0.0,0.0,0.0,4.804021352071431,0.6409849862354354,0.6905103766834371
2025-05-21T00:26:30.436046,0.0,0.0,0.0,4.804021352071431,0.6409849862354354,0.6905103766834371
2025-05-21T00:26:30.536031,0.0,0.0,0.0,4.804021352071431,0.6409849862354354,0.6905103766834371
2025-05-21T00:26:30.636024,0.0,0.0,0.0,4.804021352071431,0.6409849862354354,0.6905103766834371
2025-05-21T00:26:30.736034,0.0,0.0,0.0,4.804021352071431,0.6409849862354354,0.6905103766834371
2025-05-21T00:26:30.836065,0.0,0.0,0.0,4.804021352071431,0.6409849862354354,0.6905103766834371
2025-05-21T00:26:30.936051,0.0,0.0,0.0,4.804021352071431,0.6409849862354354,0.6905103766834371
2025-05-21T00:26:31.036029,0.0,0.0,0.0,4.804021352071431,0.6409849862354354,0.6905103766834371
2025-05-21T00:26:31.136025,0.0,0.0,0.0,4.804021352071431,0.6409849862354354,0.6905103766834371
2025-05-21T00:26:31.236034,0.0,0.0,0.0,4.804021352071431,0.6409849862354354,0.6905103766834371
2025-05-21T00:26:31.336068,0.0,0.0,0.0,4.804021352071431,0.6409849862354354,0.6905103766834371
2025-05-21T00:26:31.436049,0.0,0.0,0.0,4.804021352071431,0.6409849862354354,0.6905103766834371
2025-05-21T00:26:31.536032,0.0,0.0,0.0,4.804021352071431,0.6409849862354354,0.6905103766834371
2025-05-21T00:26:31.636020,0.0,0.0,0.0,4.804021352071431,0.6409849862354354,0.6905103766834371
2025-05-21T00:26:31.736097,0.0,0.0,0.0,4.804021352071431,0.6409849862354354,0.6905103766834371
2025-05-21T00:26:31.836261,0.0,0.0,0.0,4.804021352071431,0.6409849862354354,0.6905103766834371
2025-05-21T00:26:31.936092,0.0,0.0,0.0,4.804021352071431,0.6409849862354354,0.6905103766834371
2025-05-21T00:26:32.036024,0.0,0.0,0.0,4.804021352071431,0.6409849862354354,0.6905103766834371
2025-05-21T00:26:32.136047,0.0,0.0,0.0,4.804021352071431,0.6409849862354354,0.6905103766834371
2025-05-21T00:26:32.236076,0.0,0.0,0.0,4.804021352071431,0.6409849862354354,0.6905103766834371
2025-05-21T00:26:32.336182,0.0,0.0,0.0,4.804021352071431,0.6409849862354354,0.6905103766834371
2025-05-21T00:26:32.436189,0.0,0.0,0.0,4.804021352071431,0.6409849862354354,0.6905103766834371
2025-05-21T00:26:32.536119,0.0,0.0,0.0,4.804021352071431,0.6409849862354354,0.6905103766834371
2025-05-21T00:26:32.636083,0.0,0.0,0.0,4.804021352071431,0.6409849862354354,0.6905103766834371
2025-05-21T00:26:32.736278,0.0,0.0,0.0,4.804021352071431,0.6409849862354354,0.6905103766834371
2025-05-21T00:26:32.836038,0.0,0.0,0.0,4.804021352071431,0.6409849862354354,0.6905103766834371
2025-05-21T00:26:32.936111,0.0,0.0,0.0,4.804021352071431,0.6409849862354354,0.6905103766834371
2025-05-21T00:26:33.036114,0.0,0.0,0.0,4.804021352071431,0.6409849862354354,0.6905103766834371
2025-05-21T00:26:33.136087,0.0,0.0,0.0,4.804021352071431,0.6409849862354354,0.6905103766834371
2025-05-21T00:26:33.236031,0.0,0.0,0.0,4.804021352071431,0.6409849862354354,0.6905103766834371
2025-05-21T00:26:33.336279,0.0,0.0,0.0,4.804021352071431,0.6409849862354354,0.6905103766834371
2025-05-21T00:26:33.436091,0.0,0.0,0.0,4.804021352071431,0.6409849862354354,0.6905103766834371
2025-05-21T00:26:33.536046,0.0,0.0,0.0,4.804021352071431,0.6409849862354354,0.6905103766834371
2025-05-21T00:26:33.636028,0.0,0.0,0.0,4.804021352071431,0.6409849862354354,0.6905103766834371
2025-05-21T00:26:33.736224,0.0,0.0,0.0,4.804021352071431,0.6409849862354354,0.6905103766834371
2025-05-21T00:26:33.836060,0.0,0.0,0.0,4.804021352071431,0.6409849862354354,0.6905103766834371
2025-05-21T00:26:33.936019,0.0,0.0,0.0,4.804021352071431,0.6409849862354354,0.6905103766834371
2025-05-21T00:26:34.036038,0.0,0.0,0.0,4.804021352071431,0.6409849862354354,0.6905103766834371
2025-05-21T00:26:34.136201,0.0,0.0,0.0,4.804021352071431,0.6409849862354354,0.6905103766834371
2025-05-21T00:26:34.236241,0.0,0.0,0.0,4.804021352071431,0.6409849862354354,0.6905103766834371
2025-05-21T00:26:34.336302,0.0,0.0,0.0,4.804021352071431,0.6409849862354354,0.6905103766834371
2025-05-21T00:26:34.436044,0.0,0.0,0.0,4.804021352071431,0.6409849862354354,0.6905103766834371
2025-05-21T00:26:34.536195,0.0,0.0,0.0,4.804021352071431,0.6409849862354354,0.6905103766834371
2025-05-21T00:26:34.636044,0.0,0.0,0.0,4.804021352071431,0.6409849862354354,0.6905103766834371
2025-05-21T00:26:34.736025,0.0,0.0,0.0,4.804021352071431,0.6409849862354354,0.6905103766834371
2025-05-21T00:26:34.836020,0.0,0.0,0.0,4.804021352071431,0.6409849862354354,0.6905103766834371
2025-05-21T00:26:34.936166,0.0,0.0,0.0,4.804021352071431,0.6409849862354354,0.6905103766834371
2025-05-21T00:26:35.036040,0.0,0.0,0.0,4.804021352071431,0.6409849862354354,0.6905103766834371
2025-05-21T00:26:35.136098,0.0,0.0,0.0,4.804021352071431,0.6409849862354354,0.6905103766834371
2025-05-21T00:26:35.236408,0.0,0.0,0.0,4.804021352071431,0.6409849862354354,0.6905103766834371
2025-05-21T00:26:35.336085,0.0,0.0,0.0,4.804021352071431,0.6409849862354354,0.6905103766834371
2025-05-21T00:26:35.436029,0.0,0.0,0.0,4.804021352071431,0.6409849862354354,0.6905103766834371
2025-05-21T00:26:35.536020,0.0,0.0,0.0,4.804021352071431,0.6409849862354354,0.6905103766834371
2025-05-21T00:26:35.636018,0.0,0.0,0.0,4.804021352071431,0.6409849862354354,0.6905103766834371
2025-05-21T00:26:35.736062,0.0,0.0,0.0,4.804021352071431,0.6409849862354354,0.6905103766834371
2025-05-21T00:26:35.836052,0.0,0.0,0.0,4.804021352071431,0.6409849862354354,0.6905103766834371
2025-05-21T00:26:35.936015,0.0,0.0,0.0,4.804021352071431,0.6409849862354354,0.6905103766834371
2025-05-21T00:26:36.036023,0.0,0.0,0.0,4.804021352071431,0.6409849862354354,0.6905103766834371
2025-05-21T00:26:36.136070,0.0,0.0,0.0,4.804021352071431,0.6409849862354354,0.6905103766834371
2025-05-21T00:26:36.236016,0.0,0.0,0.0,4.804021352071431,0.6409849862354354,0.6905103766834371
2025-05-21T00:26:36.336055,0.0,0.0,0.0,4.804021352071431,0.6409849862354354,0.6905103766834371
2025-05-21T00:26:36.436071,0.0,0.0,0.0,4.804021352071431,0.6409849862354354,0.6905103766834371
2025-05-21T00:26:36.536118,0.0,0.0,0.0,4.804021352071431,0.6409849862354354,0.6905103766834371
2025-05-21T00:26:36.636023,0.0,0.0,0.0,4.804021352071431,0.6409849862354354,0.6905103766834371
2025-05-21T00:26:36.736366,0.0,0.0,0.0,4.804021352071431,0.6409849862354354,0.6905103766834371
2025-05-21T00:26:36.836062,0.0,0.0,0.0,4.804021352071431,0.6409849862354354,0.6905103766834371
2025-05-21T00:26:36.936029,0.0,0.0,0.0,4.804021352071431,0.6409849862354354,0.6905103766834371
2025-05-21T00:26:37.036067,0.0,0.0,0.0,4.804021352071431,0.6409849862354354,0.6905103766834371
2025-05-21T00:26:37.136016,0.0,0.0,0.0,4.804021352071431,0.6409849862354354,0.6905103766834371
2025-05-21T00:26:37.236026,0.0,0.0,0.0,4.804021352071431,0.6409849862354354,0.6905103766834371
2025-05-21T00:26:37.340403,0.0,0.0,0.0,4.804021352071431,0.6409849862354354,0.6905103766834371
2025-05-21T00:26:37.436128,0.0,0.0,0.0,4.804021352071431,0.6409849862354354,0.6905103766834371
2025-05-21T00:26:37.536036,0.0,0.0,0.0,4.804021352071431,0.6409849862354354,0.6905103766834371
2025-05-21T00:26:37.636022,0.0,0.0,0.0,4.804021352071431,0.6409849862354354,0.6905103766834371
2025-05-21T00:26:37.736057,0.0,0.0,0.0,4.804021352071431,0.6409849862354354,0.6905103766834371
2025-05-21T00:26:37.836073,0.0,0.0,0.0,4.804021352071431,0.6409849862354354,0.6905103766834371
2025-05-21T00:26:37.936025,0.0,0.0,0.0,4.804021352071431,0.6409849862354354,0.6905103766834371
2025-05-21T00:26:38.036025,0.0,0.0,0.0,4.804021352071431,0.6409849862354354,0.6905103766834371
2025-05-21T00:26:38.139027,0.0,0.0,0.0,4.804021352071431,0.6409849862354354,0.6905103766834371
2025-05-21T00:26:38.236256,0.0,0.0,0.0,4.804021352071431,0.6409849862354354,0.6905103766834371
2025-05-21T00:26:38.336044,0.0,0.0,0.0,4.804021352071431,0.6409849862354354,0.6905103766834371
2025-05-21T00:26:38.436065,0.0,0.0,0.0,4.804021352071431,0.6409849862354354,0.6905103766834371
2025-05-21T00:26:38.536039,0.0,0.0,0.0,4.804021352071431,0.6409849862354354,0.6905103766834371
2025-05-21T00:26:38.636053,0.0,0.0,0.0,4.804021352071431,0.6409849862354354,0.6905103766834371
2025-05-21T00:26:38.736022,0.0,0.0,0.0,4.804021352071431,0.6409849862354354,0.6905103766834371
2025-05-21T00:26:38.836024,0.0,0.0,0.0,4.804021352071431,0.6409849862354354,0.6905103766834371
2025-05-21T00:26:38.936083,0.0,0.0,0.0,4.804021352071431,0.6409849862354354,0.6905103766834371
2025-05-21T00:26:39.036074,0.0,0.0,0.0,4.804021352071431,0.6409849862354354,0.6905103766834371
2025-05-21T00:26:39.136069,0.0,0.0,0.0,4.804021352071431,0.6409849862354354,0.6905103766834371
2025-05-21T00:26:39.236060,0.0,0.0,0.0,4.804021352071431,0.6409849862354354,0.6905103766834371
2025-05-21T00:26:39.336208,0.0,0.0,0.0,4.804021352071431,0.6409849862354354,0.6905103766834371
2025-05-21T00:26:39.436035,0.0,0.0,0.0,4.804021352071431,0.6409849862354354,0.6905103766834371
2025-05-21T00:26:39.536076,0.0,0.0,0.0,4.804021352071431,0.6409849862354354,0.6905103766834371
2025-05-21T00:26:39.636035,0.0,0.0,0.0,4.804021352071431,0.6409849862354354,0.6905103766834371
2025-05-21T00:26:39.736160,0.0,0.0,0.0,4.804021352071431,0.6409849862354354,0.6905103766834371
2025-05-21T00:26:39.836040,0.0,0.0,0.0,4.804021352071431,0.6409849862354354,0.6905103766834371
2025-05-21T00:26:39.936031,0.0,0.0,0.0,4.804021352071431,0.6409849862354354,0.6905103766834371
2025-05-21T00:26:40.036057,0.0,0.0,0.0,4.804021352071431,0.6409849862354354,0.6905103766834371
2025-05-21T00:26:40.136061,0.0,0.0,0.0,4.804021352071431,0.6409849862354354,0.6905103766834371
2025-05-21T00:26:40.236055,0.0,0.0,0.0,4.804021352071431,0.6409849862354354,0.6905103766834371
2025-05-21T00:26:40.336039,0.0,0.0,0.0,4.804021352071431,0.6409849862354354,0.6905103766834371
2025-05-21T00:26:40.436031,0.0,0.0,0.0,4.804021352071431,0.6409849862354354,0.6905103766834371
2025-05-21T00:26:40.536068,0.0,0.0,0.0,4.804021352071431,0.6409849862354354,0.6905103766834371
2025-05-21T00:26:40.636100,0.0,0.0,0.0,4.804021352071431,0.6409849862354354,0.6905103766834371
2025-05-21T00:26:40.736035,0.0,0.0,0.0,4.804021352071431,0.6409849862354354,0.6905103766834371
2025-05-21T00:26:40.836033,0.0,0.0,0.0,4.804021352071431,0.6409849862354354,0.6905103766834371
2025-05-21T00:26:40.936041,0.0,0.0,0.0,4.804021352071431,0.6409849862354354,0.6905103766834371
2025-05-21T00:26:41.036040,0.0,0.0,0.0,4.804021352071431,0.6409849862354354,0.6905103766834371
2025-05-21T00:26:41.136031,0.0,0.0,0.0,4.804021352071431,0.6409849862354354,0.6905103766834371
2025-05-21T00:26:41.236079,0.0,0.0,0.0,4.804021352071431,0.6409849862354354,0.6905103766834371
2025-05-21T00:26:41.336043,0.0,0.0,0.0,4.804021352071431,0.6409849862354354,0.6905103766834371
2025-05-21T00:26:41.436089,0.0,0.0,0.0,4.804021352071431,0.6409849862354354,0.6905103766834371
2025-05-21T00:26:41.536028,0.0,0.0,0.0,4.804021352071431,0.6409849862354354,0.6905103766834371
2025-05-21T00:26:41.636065,0.0,0.0,0.0,4.804021352071431,0.6409849862354354,0.6905103766834371
2025-05-21T00:26:41.736065,0.0,0.0,0.0,4.804021352071431,0.6409849862354354,0.6905103766834371
2025-05-21T00:26:41.836034,0.0,0.0,0.0,4.804021352071431,0.6409849862354354,0.6905103766834371
2025-05-21T00:26:41.936066,0.0,0.0,0.0,4.804021352071431,0.6409849862354354,0.6905103766834371
2025-05-21T00:26:42.036023,0.0,0.0,0.0,4.804021352071431,0.6409849862354354,0.6905103766834371
2025-05-21T00:26:42.136077,0.0,0.0,0.0,4.804021352071431,0.6409849862354354,0.6905103766834371
2025-05-21T00:26:42.236095,0.0,0.0,0.0,4.804021352071431,0.6409849862354354,0.6905103766834371
2025-05-21T00:26:42.336030,0.0,0.0,0.0,4.804021352071431,0.6409849862354354,0.6905103766834371
2025-05-21T00:26:42.436030,0.0,0.0,0.0,4.804021352071431,0.6409849862354354,0.6905103766834371
2025-05-21T00:26:42.536182,0.0,0.0,0.0,4.804021352071431,0.6409849862354354,0.6905103766834371
2025-05-21T00:26:42.636032,0.0,0.0,0.0,4.804021352071431,0.6409849862354354,0.6905103766834371
2025-05-21T00:26:42.736111,0.0,0.0,0.0,4.804021352071431,0.6409849862354354,0.6905103766834371
2025-05-21T00:26:42.836036,0.0,0.0,0.0,4.804021352071431,0.6409849862354354,0.6905103766834371
2025-05-21T00:26:42.936162,0.0,0.0,0.0,4.804021352071431,0.6409849862354354,0.6905103766834371
2025-05-21T00:26:43.036080,0.0,0.0,0.0,4.804021352071431,0.6409849862354354,0.6905103766834371
2025-05-21T00:26:43.136015,0.0,0.0,0.0,4.804021352071431,0.6409849862354354,0.6905103766834371
2025-05-21T00:26:43.236047,0.0,0.0,0.0,4.804021352071431,0.6409849862354354,0.6905103766834371
2025-05-21T00:26:43.336150,0.0,0.0,0.0,4.804021352071431,0.6409849862354354,0.6905103766834371
2025-05-21T00:26:43.436050,0.0,0.0,0.0,4.804021352071431,0.6409849862354354,0.6905103766834371
2025-05-21T00:26:43.536023,0.0,0.0,0.0,4.804021352071431,0.6409849862354354,0.6905103766834371
2025-05-21T00:26:43.636030,0.0,0.0,0.0,4.804021352071431,0.6409849862354354,0.6905103766834371
2025-05-21T00:26:43.736066,0.0,0.0,0.0,4.804021352071431,0.6409849862354354,0.6905103766834371
2025-05-21T00:26:43.836062,0.0,0.0,0.0,4.804021352071431,0.6409849862354354,0.6905103766834371
2025-05-21T00:26:43.936016,0.0,0.0,0.0,4.804021352071431,0.6409849862354354,0.6905103766834371
2025-05-21T00:26:44.036019,0.0,0.0,0.0,4.804021352071431,0.6409849862354354,0.6905103766834371
2025-05-21T00:26:44.136038,0.0,0.0,0.0,4.804021352071431,0.6409849862354354,0.6905103766834371
2025-05-21T00:26:44.236028,0.0,0.0,0.0,4.804021352071431,0.6409849862354354,0.6905103766834371
2025-05-21T00:26:44.336027,0.0,0.0,0.0,4.804021352071431,0.6409849862354354,0.6905103766834371
2025-05-21T00:26:44.436052,0.0,0.0,0.0,4.804021352071431,0.6409849862354354,0.6905103766834371
2025-05-21T00:26:44.536042,0.0,0.0,0.0,4.804021352071431,0.6409849862354354,0.6905103766834371
2025-05-21T00:26:44.636029,0.0,0.0,0.0,4.804021352071431,0.6409849862354354,0.6905103766834371
2025-05-21T00:26:44.736037,0.0,0.0,0.0,4.804021352071431,0.6409849862354354,0.6905103766834371
2025-05-21T00:26:44.836121,0.0,0.0,0.0,4.804021352071431,0.6409849862354354,0.6905103766834371
2025-05-21T00:26:44.936101,0.0,0.0,0.0,4.804021352071431,0.6409849862354354,0.6905103766834371
2025-05-21T00:26:45.036200,0.0,0.0,0.0,4.804021352071431,0.6409849862354354,0.6905103766834371
2025-05-21T00:26:45.136013,0.0,0.0,0.0,4.804021352071431,0.6409849862354354,0.6905103766834371
2025-05-21T00:26:45.236019,0.0,0.0,0.0,4.804021352071431,0.6409849862354354,0.6905103766834371
2025-05-21T00:26:45.336110,0.0,0.0,0.0,4.804021352071431,0.6409849862354354,0.6905103766834371
2025-05-21T00:26:45.436160,0.0,0.0,0.0,4.804021352071431,0.6409849862354354,0.6905103766834371
2025-05-21T00:26:45.536116,0.0,0.0,0.0,4.804021352071431,0.6409849862354354,0.6905103766834371
2025-05-21T00:26:45.636051,0.0,0.0,0.0,4.804021352071431,0.6409849862354354,0.6905103766834371
2025-05-21T00:26:45.736063,0.0,0.0,0.0,4.804021352071431,0.6409849862354354,0.6905103766834371
2025-05-21T00:26:45.836106,0.0,0.0,0.0,4.804021352071431,0.6409849862354354,0.6905103766834371
2025-05-21T00:26:45.936052,0.0,0.0,0.0,4.804021352071431,0.6409849862354354,0.6905103766834371
2025-05-21T00:26:46.036047,0.0,0.0,0.0,4.804021352071431,0.6409849862354354,0.6905103766834371
2025-05-21T00:26:46.136035,0.0,0.0,0.0,4.804021352071431,0.6409849862354354,0.6905103766834371
2025-05-21T00:26:46.236043,0.0,0.0,0.0,4.804021352071431,0.6409849862354354,0.6905103766834371
2025-05-21T00:26:46.336030,0.0,0.0,0.0,4.804021352071431,0.6409849862354354,0.6905103766834371
2025-05-21T00:26:46.436075,0.0,0.0,0.0,4.804021352071431,0.6409849862354354,0.6905103766834371
2025-05-21T00:26:46.536036,0.0,0.0,0.0,4.804021352071431,0.6409849862354354,0.6905103766834371
2025-05-21T00:26:46.636047,0.0,0.0,0.0,4.804021352071431,0.6409849862354354,0.6905103766834371
2025-05-21T00:26:46.736028,0.0,0.0,0.0,4.804021352071431,0.6409849862354354,0.6905103766834371
2025-05-21T00:26:46.836023,0.0,0.0,0.0,4.804021352071431,0.6409849862354354,0.6905103766834371
2025-05-21T00:26:46.936069,0.0,0.0,0.0,4.804021352071431,0.6409849862354354,0.6905103766834371
2025-05-21T00:26:47.036038,0.0,0.0,0.0,4.804021352071431,0.6409849862354354,0.6905103766834371
2025-05-21T00:26:47.136031,0.0,0.0,0.0,4.804021352071431,0.6409849862354354,0.6905103766834371
2025-05-21T00:26:47.236110,0.0,0.0,0.0,4.804021352071431,0.6409849862354354,0.6905103766834371
2025-05-21T00:26:47.336048,0.0,0.0,0.0,4.804021352071431,0.6409849862354354,0.6905103766834371
2025-05-21T00:26:47.436030,0.0,0.0,0.0,4.804021352071431,0.6409849862354354,0.6905103766834371
2025-05-21T00:26:47.536003,0.0,0.0,0.0,4.804021352071431,0.6409849862354354,0.6905103766834371
2025-05-21T00:26:47.636022,0.0,0.0,0.0,4.804021352071431,0.6409849862354354,0.6905103766834371
2025-05-21T00:26:47.736035,0.0,0.0,0.0,4.804021352071431,0.6409849862354354,0.6905103766834371
2025-05-21T00:26:47.836029,0.0,0.0,0.0,4.804021352071431,0.6409849862354354,0.6905103766834371
2025-05-21T00:26:47.936024,0.0,0.0,0.0,4.804021352071431,0.6409849862354354,0.6905103766834371
2025-05-21T00:26:48.036019,0.0,0.0,0.0,4.804021352071431,0.6409849862354354,0.6905103766834371
2025-05-21T00:26:48.136105,0.0,0.0,0.0,4.804021352071431,0.6409849862354354,0.6905103766834371
2025-05-21T00:26:48.236031,0.0,0.0,0.0,4.804021352071431,0.6409849862354354,0.6905103766834371
2025-05-21T00:26:48.336058,0.0,0.0,0.0,4.804021352071431,0.6409849862354354,0.6905103766834371
2025-05-21T00:26:48.436019,0.0,0.0,0.0,4.804021352071431,0.6409849862354354,0.6905103766834371
2025-05-21T00:26:48.536052,0.0,0.0,0.0,4.804021352071431,0.6409849862354354,0.6905103766834371
2025-05-21T00:26:48.636025,0.0,0.0,0.0,4.804021352071431,0.6409849862354354,0.6905103766834371
2025-05-21T00:26:48.736042,0.0,0.0,0.0,4.804021352071431,0.6409849862354354,0.6905103766834371
2025-05-21T00:26:48.836034,0.0,0.0,0.0,4.804021352071431,0.6409849862354354,0.6905103766834371
2025-05-21T00:26:48.936042,0.0,0.0,0.0,4.804021352071431,0.6409849862354354,0.6905103766834371
2025-05-21T00:26:49.036023,0.0,0.0,0.0,4.804021352071431,0.6409849862354354,0.6905103766834371
2025-05-21T00:26:49.136018,0.0,0.0,0.0,4.804021352071431,0.6409849862354354,0.6905103766834371
2025-05-21T00:26:49.236053,0.0,0.0,0.0,4.804021352071431,0.6409849862354354,0.6905103766834371
2025-05-21T00:26:49.336046,0.0,0.0,0.0,4.804021352071431,0.6409849862354354,0.6905103766834371
2025-05-21T00:26:49.436035,0.0,0.0,0.0,4.804021352071431,0.6409849862354354,0.6905103766834371
2025-05-21T00:26:49.536015,0.0,0.0,0.0,4.804021352071431,0.6409849862354354,0.6905103766834371
2025-05-21T00:26:49.636029,0.0,0.0,0.0,4.804021352071431,0.6409849862354354,0.6905103766834371
2025-05-21T00:26:49.736130,0.0,0.0,0.0,4.804021352071431,0.6409849862354354,0.6905103766834371
2025-05-21T00:26:49.836037,0.0,0.0,0.0,4.804021352071431,0.6409849862354354,0.6905103766834371
2025-05-21T00:26:49.936022,0.0,0.0,0.0,4.804021352071431,0.6409849862354354,0.6905103766834371
2025-05-21T00:26:50.036023,0.0,0.0,0.0,4.804021352071431,0.6409849862354354,0.6905103766834371
2025-05-21T00:26:50.136048,0.0,0.0,0.0,4.804021352071431,0.6409849862354354,0.6905103766834371
2025-05-21T00:26:50.236112,0.0,0.0,0.0,4.804021352071431,0.6409849862354354,0.6905103766834371
2025-05-21T00:26:50.336062,0.0,0.0,0.0,4.804021352071431,0.6409849862354354,0.6905103766834371
2025-05-21T00:26:50.436048,0.0,0.0,0.0,4.804021352071431,0.6409849862354354,0.6905103766834371
2025-05-21T00:26:50.536096,0.0,0.0,0.0,4.804021352071431,0.6409849862354354,0.6905103766834371
2025-05-21T00:26:50.636051,0.0,0.0,0.0,4.804021352071431,0.6409849862354354,0.6905103766834371
2025-05-21T00:26:50.736039,0.0,0.0,0.0,4.804021352071431,0.6409849862354354,0.6905103766834371
2025-05-21T00:26:50.836023,0.0,0.0,0.0,4.804021352071431,0.6409849862354354,0.6905103766834371
2025-05-21T00:26:50.936031,0.0,0.0,0.0,4.804021352071431,0.6409849862354354,0.6905103766834371
2025-05-21T00:26:51.036135,0.0,0.0,0.0,4.804021352071431,0.6409849862354354,0.6905103766834371
2025-05-21T00:26:51.136080,0.0,0.0,0.0,4.804021352071431,0.6409849862354354,0.6905103766834371
2025-05-21T00:26:51.236031,0.0,0.0,0.0,4.804021352071431,0.6409849862354354,0.6905103766834371
2025-05-21T00:26:51.336055,0.0,0.0,0.0,4.804021352071431,0.6409849862354354,0.6905103766834371
2025-05-21T00:26:51.436056,0.0,0.0,0.0,4.804021352071431,0.6409849862354354,0.6905103766834371
2025-05-21T00:26:51.536036,0.0,0.0,0.0,4.804021352071431,0.6409849862354354,0.6905103766834371
2025-05-21T00:26:51.636035,0.0,0.0,0.0,4.804021352071431,0.6409849862354354,0.6905103766834371
2025-05-21T00:26:51.736094,0.0,0.0,0.0,4.804021352071431,0.6409849862354354,0.6905103766834371
2025-05-21T00:26:51.836020,0.0,0.0,0.0,4.804021352071431,0.6409849862354354,0.6905103766834371
2025-05-21T00:26:51.936037,0.0,0.0,0.0,4.804021352071431,0.6409849862354354,0.6905103766834371
2025-05-21T00:26:52.036027,0.0,0.0,0.0,4.804021352071431,0.6409849862354354,0.6905103766834371
2025-05-21T00:26:52.136056,0.0,0.0,0.0,4.804021352071431,0.6409849862354354,0.6905103766834371
2025-05-21T00:26:52.236063,0.0,0.0,0.0,4.804021352071431,0.6409849862354354,0.6905103766834371
2025-05-21T00:26:52.336098,0.0,0.0,0.0,4.804021352071431,0.6409849862354354,0.6905103766834371
2025-05-21T00:26:52.436071,0.0,0.0,0.0,4.804021352071431,0.6409849862354354,0.6905103766834371
2025-05-21T00:26:52.536039,0.0,0.0,0.0,4.804021352071431,0.6409849862354354,0.6905103766834371
2025-05-21T00:26:52.636073,0.0,0.0,0.0,4.804021352071431,0.6409849862354354,0.6905103766834371
2025-05-21T00:26:52.736092,0.0,0.0,0.0,4.804021352071431,0.6409849862354354,0.6905103766834371
2025-05-21T00:26:52.836107,0.0,0.0,0.0,4.804021352071431,0.6409849862354354,0.6905103766834371
2025-05-21T00:26:52.936070,0.0,0.0,0.0,4.804021352071431,0.6409849862354354,0.6905103766834371
2025-05-21T00:26:53.036124,0.0,0.0,0.0,4.804021352071431,0.6409849862354354,0.6905103766834371
2025-05-21T00:26:53.136120,0.0,0.0,0.0,4.804021352071431,0.6409849862354354,0.6905103766834371
2025-05-21T00:26:53.236021,0.0,0.0,0.0,4.804021352071431,0.6409849862354354,0.6905103766834371
2025-05-21T00:26:53.336032,0.0,0.0,0.0,4.804021352071431,0.6409849862354354,0.6905103766834371
2025-05-21T00:26:53.436129,0.0,0.0,0.0,4.804021352071431,0.6409849862354354,0.6905103766834371
2025-05-21T00:26:53.536000,0.0,0.0,0.0,4.804021352071431,0.6409849862354354,0.6905103766834371
2025-05-21T00:26:53.636026,0.0,0.0,0.0,4.804021352071431,0.6409849862354354,0.6905103766834371
2025-05-21T00:26:53.736063,0.0,0.0,0.0,4.804021352071431,0.6409849862354354,0.6905103766834371
2025-05-21T00:26:53.836017,0.0,0.0,0.0,4.804021352071431,0.6409849862354354,0.6905103766834371
2025-05-21T00:26:53.936023,0.0,0.0,0.0,4.804021352071431,0.6409849862354354,0.6905103766834371
2025-05-21T00:26:54.036102,0.0,0.0,0.0,4.804021352071431,0.6409849862354354,0.6905103766834371
2025-05-21T00:26:54.136065,0.0,0.0,0.0,4.804021352071431,0.6409849862354354,0.6905103766834371
2025-05-21T00:26:54.236034,0.0,0.0,0.0,4.804021352071431,0.6409849862354354,0.6905103766834371
2025-05-21T00:26:54.336029,0.0,0.0,0.0,4.804021352071431,0.6409849862354354,0.6905103766834371
2025-05-21T00:26:54.436019,0.0,0.0,0.0,4.804021352071431,0.6409849862354354,0.6905103766834371
2025-05-21T00:26:54.536040,0.0,0.0,0.0,4.804021352071431,0.6409849862354354,0.6905103766834371
2025-05-21T00:26:54.636076,0.0,0.0,0.0,4.804021352071431,0.6409849862354354,0.6905103766834371
2025-05-21T00:26:54.736035,0.0,0.0,0.0,4.804021352071431,0.6409849862354354,0.6905103766834371
2025-05-21T00:26:54.836042,0.0,0.0,0.0,4.804021352071431,0.6409849862354354,0.6905103766834371
2025-05-21T00:26:54.936033,0.0,0.0,0.0,4.804021352071431,0.6409849862354354,0.6905103766834371
2025-05-21T00:26:55.036102,0.0,0.0,0.0,4.804021352071431,0.6409849862354354,0.6905103766834371
2025-05-21T00:26:55.136024,0.0,0.0,0.0,4.804021352071431,0.6409849862354354,0.6905103766834371
2025-05-21T00:26:55.236041,0.0,0.0,0.0,4.804021352071431,0.6409849862354354,0.6905103766834371
2025-05-21T00:26:55.336035,0.0,0.0,0.0,4.804021352071431,0.6409849862354354,0.6905103766834371
2025-05-21T00:26:55.436028,0.0,0.0,0.0,4.804021352071431,0.6409849862354354,0.6905103766834371
2025-05-21T00:26:55.536020,0.0,0.0,0.0,4.804021352071431,0.6409849862354354,0.6905103766834371
2025-05-21T00:26:55.636044,0.0,0.0,0.0,4.804021352071431,0.6409849862354354,0.6905103766834371
2025-05-21T00:26:55.736043,0.0,0.0,0.0,4.804021352071431,0.6409849862354354,0.6905103766834371
2025-05-21T00:26:55.836033,0.0,0.0,0.0,4.804021352071431,0.6409849862354354,0.6905103766834371
2025-05-21T00:26:55.936398,0.0,0.0,0.0,4.804021352071431,0.6409849862354354,0.6905103766834371
2025-05-21T00:26:56.036019,0.0,0.0,0.0,4.804021352071431,0.6409849862354354,0.6905103766834371
2025-05-21T00:26:56.136061,0.0,0.0,0.0,4.804021352071431,0.6409849862354354,0.6905103766834371
2025-05-21T00:26:56.236030,0.0,0.0,0.0,4.804021352071431,0.6409849862354354,0.6905103766834371
2025-05-21T00:26:56.336020,0.0,0.0,0.0,4.804021352071431,0.6409849862354354,0.6905103766834371
2025-05-21T00:26:56.436077,0.0,0.0,0.0,4.804021352071431,0.6409849862354354,0.6905103766834371
2025-05-21T00:26:56.536093,0.0,0.0,0.0,4.804021352071431,0.6409849862354354,0.6905103766834371
2025-05-21T00:26:56.636059,0.0,0.0,0.0,4.804021352071431,0.6409849862354354,0.6905103766834371
2025-05-21T00:26:56.736034,0.0,0.0,0.0,4.804021352071431,0.6409849862354354,0.6905103766834371
2025-05-21T00:26:56.836019,0.0,0.0,0.0,4.804021352071431,0.6409849862354354,0.6905103766834371
2025-05-21T00:26:56.936070,0.0,0.0,0.0,4.804021352071431,0.6409849862354354,0.6905103766834371
2025-05-21T00:26:57.036087,0.0,0.0,0.0,4.804021352071431,0.6409849862354354,0.6905103766834371
2025-05-21T00:26:57.136053,0.0,0.0,0.0,4.804021352071431,0.6409849862354354,0.6905103766834371
2025-05-21T00:26:57.236031,0.0,0.0,0.0,4.804021352071431,0.6409849862354354,0.6905103766834371
2025-05-21T00:26:57.336046,0.0,0.0,0.0,4.804021352071431,0.6409849862354354,0.6905103766834371
2025-05-21T00:26:57.436050,0.0,0.0,0.0,4.804021352071431,0.6409849862354354,0.6905103766834371
2025-05-21T00:26:57.536063,0.0,0.0,0.0,4.804021352071431,0.6409849862354354,0.6905103766834371
2025-05-21T00:26:57.636081,0.0,0.0,0.0,4.804021352071431,0.6409849862354354,0.6905103766834371
2025-05-21T00:26:57.736125,0.0,0.0,0.0,4.804021352071431,0.6409849862354354,0.6905103766834371
2025-05-21T00:26:57.836086,0.0,0.0,0.0,4.804021352071431,0.6409849862354354,0.6905103766834371
2025-05-21T00:26:57.936071,0.0,0.0,0.0,4.804021352071431,0.6409849862354354,0.6905103766834371
2025-05-21T00:26:58.036071,0.0,0.0,0.0,4.804021352071431,0.6409849862354354,0.6905103766834371
2025-05-21T00:26:58.136270,0.0,0.0,0.0,4.804021352071431,0.6409849862354354,0.6905103766834371
2025-05-21T00:26:58.236037,0.0,0.0,0.0,4.804021352071431,0.6409849862354354,0.6905103766834371
2025-05-21T00:26:58.336107,0.0,0.0,0.0,4.804021352071431,0.6409849862354354,0.6905103766834371
2025-05-21T00:26:58.440570,0.0,0.0,0.0,4.804021352071431,0.6409849862354354,0.6905103766834371
2025-05-21T00:26:58.536608,0.0,0.0,0.0,4.804021352071431,0.6409849862354354,0.6905103766834371
2025-05-21T00:26:58.636169,0.0,0.0,0.0,4.804021352071431,0.6409849862354354,0.6905103766834371
2025-05-21T00:26:58.736076,0.0,0.0,0.0,4.804021352071431,0.6409849862354354,0.6905103766834371
2025-05-21T00:26:58.836101,0.0,0.0,0.0,4.804021352071431,0.6409849862354354,0.6905103766834371
2025-05-21T00:26:58.936167,0.0,0.0,0.0,4.804021352071431,0.6409849862354354,0.6905103766834371
2025-05-21T00:26:59.036058,0.0,0.0,0.0,4.804021352071431,0.6409849862354354,0.6905103766834371
2025-05-21T00:26:59.136100,0.0,0.0,0.0,4.804021352071431,0.6409849862354354,0.6905103766834371
2025-05-21T00:26:59.237990,0.0,0.0,0.0,4.804021352071431,0.6409849862354354,0.6905103766834371
2025-05-21T00:26:59.337975,0.0,0.0,0.0,4.804021352071431,0.6409849862354354,0.6905103766834371
2025-05-21T00:26:59.436157,0.0,0.0,0.0,4.804021352071431,0.6409849862354354,0.6905103766834371
2025-05-21T00:26:59.536068,0.0,0.0,0.0,4.804021352071431,0.6409849862354354,0.6905103766834371
2025-05-21T00:26:59.636081,0.0,0.0,0.0,4.804021352071431,0.6409849862354354,0.6905103766834371
2025-05-21T00:26:59.736050,0.0,0.0,0.0,4.804021352071431,0.6409849862354354,0.6905103766834371
2025-05-21T00:26:59.836123,0.0,0.0,0.0,4.804021352071431,0.6409849862354354,0.6905103766834371
2025-05-21T00:26:59.936102,0.0,0.0,0.0,4.804021352071431,0.6409849862354354,0.6905103766834371
2025-05-21T00:27:00.036038,0.0,0.0,0.0,4.804021352071431,0.6409849862354354,0.6905103766834371
2025-05-21T00:27:00.136104,0.0,0.0,0.0,4.804021352071431,0.6409849862354354,0.6905103766834371
2025-05-21T00:27:00.236079,0.0,0.0,0.0,4.804021352071431,0.6409849862354354,0.6905103766834371
2025-05-21T00:27:00.336067,0.0,0.0,0.0,4.804021352071431,0.6409849862354354,0.6905103766834371
2025-05-21T00:27:00.436068,0.0,0.0,0.0,4.804021352071431,0.6409849862354354,0.6905103766834371
2025-05-21T00:27:00.536095,0.0,0.0,0.0,4.804021352071431,0.6409849862354354,0.6905103766834371
2025-05-21T00:27:00.636081,0.0,0.0,0.0,4.804021352071431,0.6409849862354354,0.6905103766834371
2025-05-21T00:27:00.736047,0.0,0.0,0.0,4.804021352071431,0.6409849862354354,0.6905103766834371
2025-05-21T00:27:00.836034,0.0,0.0,0.0,4.804021352071431,0.6409849862354354,0.6905103766834371
2025-05-21T00:27:00.936135,0.0,0.0,0.0,4.804021352071431,0.6409849862354354,0.6905103766834371
2025-05-21T00:27:01.036064,0.0,0.0,0.0,4.804021352071431,0.6409849862354354,0.6905103766834371
2025-05-21T00:27:01.136058,0.0,0.0,0.0,4.804021352071431,0.6409849862354354,0.6905103766834371
2025-05-21T00:27:01.236028,0.0,0.0,0.0,4.804021352071431,0.6409849862354354,0.6905103766834371
2025-05-21T00:27:01.336052,0.0,0.0,0.0,4.804021352071431,0.6409849862354354,0.6905103766834371
2025-05-21T00:27:01.436100,0.0,0.0,0.0,4.804021352071431,0.6409849862354354,0.6905103766834371
2025-05-21T00:27:01.536065,0.0,0.0,0.0,4.804021352071431,0.6409849862354354,0.6905103766834371
2025-05-21T00:27:01.636036,0.0,0.0,0.0,4.804021352071431,0.6409849862354354,0.6905103766834371
2025-05-21T00:27:01.736193,0.0,0.0,0.0,4.804021352071431,0.6409849862354354,0.6905103766834371
2025-05-21T00:27:01.836333,0.0,0.0,0.0,4.804021352071431,0.6409849862354354,0.6905103766834371
2025-05-21T00:27:01.936070,0.0,0.0,0.0,4.804021352071431,0.6409849862354354,0.6905103766834371
2025-05-21T00:27:02.036059,0.0,0.0,0.0,4.804021352071431,0.6409849862354354,0.6905103766834371
2025-05-21T00:27:02.136110,0.0,0.0,0.0,4.804021352071431,0.6409849862354354,0.6905103766834371
2025-05-21T00:27:02.236245,0.0,0.0,0.0,4.804021352071431,0.6409849862354354,0.6905103766834371
2025-05-21T00:27:02.336036,0.0,0.0,0.0,4.804021352071431,0.6409849862354354,0.6905103766834371
2025-05-21T00:27:02.436021,0.0,0.0,0.0,4.804021352071431,0.6409849862354354,0.6905103766834371
2025-05-21T00:27:02.536218,0.0,0.0,0.0,4.804021352071431,0.6409849862354354,0.6905103766834371
2025-05-21T00:27:02.636076,0.0,0.0,0.0,4.804021352071431,0.6409849862354354,0.6905103766834371
2025-05-21T00:27:02.736065,0.0,0.0,0.0,4.804021352071431,0.6409849862354354,0.6905103766834371
2025-05-21T00:27:02.836064,0.0,0.0,0.0,4.804021352071431,0.6409849862354354,0.6905103766834371
2025-05-21T00:27:02.936104,0.0,0.0,0.0,4.804021352071431,0.6409849862354354,0.6905103766834371
2025-05-21T00:27:03.036131,0.0,0.0,0.0,4.804021352071431,0.6409849862354354,0.6905103766834371
2025-05-21T00:27:03.136022,0.0,0.0,0.0,4.804021352071431,0.6409849862354354,0.6905103766834371
2025-05-21T00:27:03.236021,0.0,0.0,0.0,4.804021352071431,0.6409849862354354,0.6905103766834371
2025-05-21T00:27:03.336038,0.0,0.0,0.0,4.804021352071431,0.6409849862354354,0.6905103766834371
2025-05-21T00:27:03.436021,0.0,0.0,0.0,4.804021352071431,0.6409849862354354,0.6905103766834371
2025-05-21T00:27:03.536025,0.0,0.0,0.0,4.804021352071431,0.6409849862354354,0.6905103766834371
2025-05-21T00:27:03.636018,0.0,0.0,0.0,4.804021352071431,0.6409849862354354,0.6905103766834371
2025-05-21T00:27:03.736041,0.0,0.0,0.0,4.804021352071431,0.6409849862354354,0.6905103766834371
2025-05-21T00:27:03.836029,0.0,0.0,0.0,4.804021352071431,0.6409849862354354,0.6905103766834371
2025-05-21T00:27:03.936026,0.0,0.0,0.0,4.804021352071431,0.6409849862354354,0.6905103766834371
2025-05-21T00:27:04.036025,0.0,0.0,0.0,4.804021352071431,0.6409849862354354,0.6905103766834371
2025-05-21T00:27:04.136027,0.0,0.0,0.0,4.804021352071431,0.6409849862354354,0.6905103766834371
2025-05-21T00:27:04.236029,0.0,0.0,0.0,4.804021352071431,0.6409849862354354,0.6905103766834371
2025-05-21T00:27:04.336070,0.0,0.0,0.0,4.804021352071431,0.6409849862354354,0.6905103766834371
2025-05-21T00:27:04.436038,0.0,0.0,0.0,4.804021352071431,0.6409849862354354,0.6905103766834371
2025-05-21T00:27:04.536023,0.0,0.0,0.0,4.804021352071431,0.6409849862354354,0.6905103766834371
2025-05-21T00:27:04.636135,0.0,0.0,0.0,4.804021352071431,0.6409849862354354,0.6905103766834371
2025-05-21T00:27:04.736063,0.0,0.0,0.0,4.804021352071431,0.6409849862354354,0.6905103766834371
2025-05-21T00:27:04.836024,0.0,0.0,0.0,4.804021352071431,0.6409849862354354,0.6905103766834371
2025-05-21T00:27:04.936109,0.0,0.0,0.0,4.804021352071431,0.6409849862354354,0.6905103766834371
2025-05-21T00:27:05.036017,0.0,0.0,0.0,4.804021352071431,0.6409849862354354,0.6905103766834371
2025-05-21T00:27:05.136034,0.0,0.0,0.0,4.804021352071431,0.6409849862354354,0.6905103766834371
2025-05-21T00:27:05.236013,0.0,0.0,0.0,4.804021352071431,0.6409849862354354,0.6905103766834371
2025-05-21T00:27:05.336047,0.0,0.0,0.0,4.804021352071431,0.6409849862354354,0.6905103766834371
2025-05-21T00:27:05.436051,0.0,0.0,0.0,4.804021352071431,0.6409849862354354,0.6905103766834371
2025-05-21T00:27:05.536063,0.0,0.0,0.0,4.804021352071431,0.6409849862354354,0.6905103766834371
2025-05-21T00:27:05.636081,0.0,0.0,0.0,4.804021352071431,0.6409849862354354,0.6905103766834371
2025-05-21T00:27:05.736179,0.0,0.0,0.0,4.804021352071431,0.6409849862354354,0.6905103766834371
2025-05-21T00:27:05.836068,0.0,0.0,0.0,4.804021352071431,0.6409849862354354,0.6905103766834371
2025-05-21T00:27:05.936035,0.0,0.0,0.0,4.804021352071431,0.6409849862354354,0.6905103766834371
2025-05-21T00:27:06.036020,0.0,0.0,0.0,4.804021352071431,0.6409849862354354,0.6905103766834371
2025-05-21T00:27:06.136027,0.0,0.0,0.0,4.804021352071431,0.6409849862354354,0.6905103766834371
2025-05-21T00:27:06.236033,0.0,0.0,0.0,4.804021352071431,0.6409849862354354,0.6905103766834371
2025-05-21T00:27:06.336029,0.0,0.0,0.0,4.804021352071431,0.6409849862354354,0.6905103766834371
2025-05-21T00:27:06.436022,0.0,0.0,0.0,4.804021352071431,0.6409849862354354,0.6905103766834371
2025-05-21T00:27:06.536230,0.0,0.0,0.0,4.804021352071431,0.6409849862354354,0.6905103766834371
2025-05-21T00:27:06.636019,0.0,0.0,0.0,4.804021352071431,0.6409849862354354,0.6905103766834371
2025-05-21T00:27:06.736049,0.0,0.0,0.0,4.804021352071431,0.6409849862354354,0.6905103766834371
2025-05-21T00:27:06.836018,0.0,0.0,0.0,4.804021352071431,0.6409849862354354,0.6905103766834371
2025-05-21T00:27:06.936293,0.10294556604732455,0.0,0.0,4.807990742258373,0.6442644745835472,0.6905103766834371
2025-05-21T00:27:07.036104,0.10294556604732455,0.0,0.0,4.815993269470817,0.6508761185672981,0.6905103766834371
2025-05-21T00:27:07.136021,0.10294556604732455,0.0,0.0,4.823868700359543,0.6573827562671899,0.6905103766834371
2025-05-21T00:27:07.236022,0.10294556604732455,0.0,0.0,4.8317941788552705,0.6639307430248168,0.6905103766834371
2025-05-21T00:27:07.336040,0.10294556604732455,0.0,0.0,4.8397458069891375,0.670500334469699,0.6905103766834371
2025-05-21T00:27:07.436022,0.10294556604732455,0.0,0.0,4.847685855109588,0.6770603585711658,0.6905103766834371
2025-05-21T00:27:07.536012,0.10294556604732455,0.0,0.0,4.8556091954655844,0.6836065788095019,0.6905103766834371
2025-05-21T00:27:07.636107,0.10294556604732455,0.0,0.0,4.863619499451744,0.6902246479209387,0.6905103766834371
2025-05-21T00:27:07.736110,0.10294556604732455,0.0,0.0,4.87160352134863,0.6968210029147218,0.6905103766834371
2025-05-21T00:27:07.836118,0.10294556604732455,0.0,0.0,4.879473162230648,0.7033228569429057,0.6905103766834371
2025-05-21T00:27:07.935997,0.10294556604732455,0.0,0.0,4.88735773224761,0.7098370453402969,0.6905103766834371
2025-05-21T00:27:08.036006,0.10294556604732455,0.0,0.0,4.895293996049951,0.7163939428589481,0.6905103766834371
2025-05-21T00:27:08.136087,0.10294556604732455,0.0,0.0,4.903224942885347,0.7229464475287434,0.6905103766834371
2025-05-21T00:27:08.235950,0.10294556604732455,0.0,0.0,4.911199220163101,0.7295347515717765,0.6905103766834371
2025-05-21T00:27:08.337371,0.10294556604732455,0.0,0.0,4.919179098231657,0.7361276829573765,0.6905103766834371
2025-05-21T00:27:08.436053,0.10294556604732455,0.0,0.0,4.927060129911186,0.7426389479998352,0.6905103766834371
2025-05-21T00:27:08.536050,0.10294556604732455,0.0,0.0,4.934986270662583,0.7491874819094548,0.6905103766834371
2025-05-21T00:27:08.636008,0.10294556604732455,0.0,0.0,4.942912108668532,0.7557357656924492,0.6905103766834371
2025-05-21T00:27:08.736026,0.10294556604732455,0.0,0.0,4.9508552410082425,0.7622983379589104,0.6905103766834371
2025-05-21T00:27:08.836021,0.10294556604732455,0.0,0.0,4.958783387448237,0.7688485289574223,0.6905103766834371
2025-05-21T00:27:08.936052,0.10294556604732455,0.0,0.0,4.9667224327243895,0.7754077245144428,0.6905103766834371
2025-05-21T00:27:09.036017,0.10294556604732455,0.0,0.0,4.974655706915424,0.7819621520326697,0.6905103766834371
2025-05-21T00:27:09.136018,0.10294556604732455,0.0,0.0,4.982584610219042,0.7885129683477446,0.6905103766834371
2025-05-21T00:27:09.235962,0.10294556604732455,0.0,0.0,4.990518338528249,0.7950677710559094,0.6905103766834371
2025-05-21T00:27:09.336053,0.10294556604732455,0.0,0.0,4.9984664850894545,0.8016344860446013,0.6905103766834371
2025-05-21T00:27:09.436088,0.10294556604732455,0.0,0.0,5.006388992895467,0.808180018434718,0.6905103766834371
2025-05-21T00:27:09.535957,0.10294556604732455,0.0,0.0,5.014338691027097,0.8147480153223642,0.6905103766834371
2025-05-21T00:27:09.636069,0.10294556604732455,0.0,0.0,5.022273668161281,0.8213038498028581,0.6905103766834371
2025-05-21T00:27:09.736064,0.10294556604732455,0.0,0.0,5.030196573320694,0.8278497104841704,0.6905103766834371
2025-05-21T00:27:09.836046,0.0,0.0,-0.2058911320946491,5.034189237064012,0.8311484273165977,0.6802075830668036
2025-05-21T00:27:09.936063,0.0,0.0,-0.2058911320946491,5.034189237064012,0.8311484273165977,0.6596453407769737
2025-05-21T00:27:10.036061,0.0,0.0,-0.2058911320946491,5.034189237064012,0.8311484273165977,0.6390725445088434
2025-05-21T00:27:10.136120,0.0,0.0,-0.2058911320946491,5.034189237064012,0.8311484273165977,0.6184880161439049
2025-05-21T00:27:10.236099,0.0,0.0,-0.2058911320946491,5.034189237064012,0.8311484273165977,0.5978890067389738
2025-05-21T00:27:10.336039,0.0,0.0,-0.2058911320946491,5.034189237064012,0.8311484273165977,0.5773267644491437
2025-05-21T00:27:10.435953,0.0,0.0,-0.2058911320946491,5.034189237064012,0.8311484273165977,0.5566960440210408
2025-05-21T00:27:10.536040,0.0,0.0,-0.2058911320946491,5.034189237064012,0.8311484273165977,0.5360956110562451
2025-05-21T00:27:10.636027,0.0,0.0,-0.2058911320946491,5.034189237064012,0.8311484273165977,0.5155128498690686
2025-05-21T00:27:10.736034,0.0,0.0,-0.2058911320946491,5.034189237064012,0.8311484273165977,0.4949502639613402
2025-05-21T00:27:10.836002,0.0,0.0,-0.2058911320946491,5.034189237064012,0.8311484273165977,0.47434438219844566
2025-05-21T00:27:10.936076,0.0,0.0,-0.2058911320946491,5.034189237064012,0.8311484273165977,0.45376736433899545
2025-05-21T00:27:11.036071,0.0,0.0,-0.2058911320946491,5.034189237064012,0.8311484273165977,0.4331818542086338
2025-05-21T00:27:11.136014,0.0,0.0,-0.2058911320946491,5.034189237064012,0.8311484273165977,0.41258529921726067
2025-05-21T00:27:11.236036,0.0,0.0,-0.2058911320946491,5.034189237064012,0.8311484273165977,0.39200322526588094
2025-05-21T00:27:11.336048,0.0,0.0,-0.2058911320946491,5.034189237064012,0.8311484273165977,0.37142252578609325
2025-05-21T00:27:11.435951,0.0,0.0,-0.2058911320946491,5.034189237064012,0.8311484273165977,0.35081198063743857
2025-05-21T00:27:11.536045,0.0,0.0,-0.2058911320946491,5.034189237064012,0.8311484273165977,0.3302374662798177
2025-05-21T00:27:11.636077,0.0,0.0,-0.22648024530411404,5.034189237064012,0.8311484273165977,0.30757256225648444
2025-05-21T00:27:11.736049,0.0,0.0,-0.22648024530411404,5.034189237064012,0.8311484273165977,0.28490711826216764
2025-05-21T00:27:11.836089,0.0,0.0,-0.22648024530411404,5.034189237064012,0.8311484273165977,0.2622623011593941
2025-05-21T00:27:11.936102,0.0,0.0,-0.22648024530411404,5.034189237064012,0.8311484273165977,0.23962558362136258
2025-05-21T00:27:12.036115,0.0,0.0,-0.22648024530411404,5.034189237064012,0.8311484273165977,0.21699334784248814
2025-05-21T00:27:12.136031,0.0,0.0,-0.24912826983452546,5.034189237064012,0.8311484273165977,0.19208012884010195
2025-05-21T00:27:12.236050,0.0,0.0,-0.24912826983452546,5.034189237064012,0.8311484273165977,0.16710305826899985
2025-05-21T00:27:12.336099,0.0,0.0,-0.24912826983452546,5.034189237064012,0.8311484273165977,0.1422688964182055
2025-05-21T00:27:12.436100,0.0,0.0,-0.24912826983452546,5.034189237064012,0.8311484273165977,0.11730305184383562
2025-05-21T00:27:12.536040,0.0,0.0,-0.24912826983452546,5.034189237064012,0.8311484273165977,0.09238478411276008
2025-05-21T00:27:12.636103,0.0,0.0,-0.24912826983452546,5.034189237064012,0.8311484273165977,0.06748463240815772
2025-05-21T00:27:12.736103,0.0,0.0,-0.274041096817978,5.034189237064012,0.8311484273165977,0.04135364816658038
2025-05-21T00:27:12.836023,0.0,0.0,-0.274041096817978,5.034189237064012,0.8311484273165977,0.013933426506615111
2025-05-21T00:27:12.936105,0.0,0.0,-0.30144520649977585,5.034189237064012,0.8311484273165977,-0.014846806838439086
2025-05-21T00:27:13.036064,0.0,0.0,-0.30144520649977585,5.034189237064012,0.8311484273165977,-0.04507941152931716
2025-05-21T00:27:13.136075,0.0,0.0,-0.3315897271497535,5.034189237064012,0.8311484273165977,-0.07815186409759091
2025-05-21T00:27:13.236017,0.0,0.0,-0.3315897271497535,5.034189237064012,0.8311484273165977,-0.1112542002691659
2025-05-21T00:27:13.336037,0.0,0.0,-0.3315897271497535,5.034189237064012,0.8311484273165977,-0.14444223439306603
2025-05-21T00:27:13.436140,0.0,0.0,-0.3315897271497535,5.034189237064012,0.8311484273165977,-0.17766687197815356
2025-05-21T00:27:13.536092,0.0,0.0,-0.3315897271497535,5.034189237064012,0.8311484273165977,-0.21076066997735676
2025-05-21T00:27:13.636044,0.0,0.0,-0.3315897271497535,5.034189237064012,0.8311484273165977,-0.2439079896681875
2025-05-21T00:27:13.736048,0.0,0.0,-0.3315897271497535,5.034189237064012,0.8311484273165977,-0.27710732896476564
2025-05-21T00:27:13.836022,0.0,0.0,-0.3315897271497535,5.034189237064012,0.8311484273165977,-0.31030050180351937
2025-05-21T00:27:13.936029,0.0,0.0,-0.3315897271497535,5.034189237064012,0.8311484273165977,-0.34339082128805254
2025-05-21T00:27:14.036022,0.0,0.0,-0.3315897271497535,5.034189237064012,0.8311484273165977,-0.3765213018055942
2025-05-21T00:27:14.136014,0.0,0.0,-0.3315897271497535,5.034189237064012,0.8311484273165977,-0.40979811711073205
2025-05-21T00:27:14.236083,0.0,0.0,-0.3315897271497535,5.034189237064012,0.8311484273165977,-0.44299010409221223
2025-05-21T00:27:14.336037,0.0,0.0,-0.3315897271497535,5.034189237064012,0.8311484273165977,-0.47605235828793013
2025-05-21T00:27:14.435952,0.0,0.0,-0.3315897271497535,5.034189237064012,0.8311484273165977,-0.5092842691309643
2025-05-21T00:27:14.536027,0.0,0.0,-0.3315897271497535,5.034189237064012,0.8311484273165977,-0.5424647928254633
2025-05-21T00:27:14.636023,0.0,0.0,-0.3315897271497535,5.034189237064012,0.8311484273165977,-0.575587367627846
2025-05-21T00:27:14.736033,0.0,0.0,-0.3315897271497535,5.034189237064012,0.8311484273165977,-0.6087334224042515
2025-05-21T00:27:14.836011,0.0,0.0,-0.3315897271497535,5.034189237064012,0.8311484273165977,-0.6418621636644581
2025-05-21T00:27:14.936068,0.0,0.0,-0.3315897271497535,5.034189237064012,0.8311484273165977,-0.675047351730901
2025-05-21T00:27:15.036083,0.0,0.0,-0.3315897271497535,5.034189237064012,0.8311484273165977,-0.7081819432203256
2025-05-21T00:27:15.136142,0.0,0.0,-0.3315897271497535,5.034189237064012,0.8311484273165977,-0.7413453115129292
2025-05-21T00:27:15.236063,0.0,0.0,-0.3315897271497535,5.034189237064012,0.8311484273165977,-0.7744243258247847
2025-05-21T00:27:15.336032,0.0,0.0,-0.3315897271497535,5.034189237064012,0.8311484273165977,-0.8075744125159212
2025-05-21T00:27:15.435988,0.0,0.0,-0.3315897271497535,5.034189237064012,0.8311484273165977,-0.8408962113403149
2025-05-21T00:27:15.536055,0.0,0.0,-0.3315897271497535,5.034189237064012,0.8311484273165977,-0.8740508042890919
2025-05-21T00:27:15.636015,0.0,0.0,-0.3315897271497535,5.034189237064012,0.8311484273165977,-0.9070491803063235
2025-05-21T00:27:15.736044,0.0,0.0,-0.3315897271497535,5.034189237064012,0.8311484273165977,-0.9402220354571184
2025-05-21T00:27:15.836205,0.0,0.0,-0.3315897271497535,5.034189237064012,0.8311484273165977,-0.9733956811794293
2025-05-21T00:27:15.936031,0.0,0.0,-0.3315897271497535,5.034189237064012,0.8311484273165977,-1.0065597609863977
2025-05-21T00:27:16.036085,0.0,0.0,-0.3315897271497535,5.034189237064012,0.8311484273165977,-1.0397481113389047
2025-05-21T00:27:16.136068,0.0,0.0,-0.3315897271497535,5.034189237064012,0.8311484273165977,-1.0728732159701377
2025-05-21T00:27:16.236000,0.0,0.0,-0.3315897271497535,5.034189237064012,0.8311484273165977,-1.106196595937563
2025-05-21T00:27:16.336029,0.0,0.0,-0.3315897271497535,5.034189237064012,0.8311484273165977,-1.1392038263557733
2025-05-21T00:27:16.435949,0.0,0.0,-0.3315897271497535,5.034189237064012,0.8311484273165977,-1.172351541332362
2025-05-21T00:27:16.536024,0.0,0.0,-0.3315897271497535,5.034189237064012,0.8311484273165977,-1.2055575214296737
2025-05-21T00:27:16.636090,0.0,0.0,-0.3315897271497535,5.034189237064012,0.8311484273165977,-1.2386712418310781
2025-05-21T00:27:16.736078,0.0,0.0,-0.3315897271497535,5.034189237064012,0.8311484273165977,-1.2718410928101123
2025-05-21T00:27:16.836037,0.0,0.0,-0.3315897271497535,5.034189237064012,0.8311484273165977,-1.304970940870441
2025-05-21T00:27:16.936105,0.0,0.0,-0.3315897271497535,5.034189237064012,0.8311484273165977,-1.3381649833378628
2025-05-21T00:27:17.036041,0.0,0.0,-0.3315897271497535,5.034189237064012,0.8311484273165977,-1.3713107218856617
2025-05-21T00:27:17.136019,0.0,0.0,-0.3315897271497535,5.034189237064012,0.8311484273165977,-1.404460650462495
2025-05-21T00:27:17.236077,0.0,0.0,-0.3315897271497535,5.034189237064012,0.8311484273165977,-1.4375788771215399
2025-05-21T00:27:17.336097,0.0,0.0,-0.3315897271497535,5.034189237064012,0.8311484273165977,-1.4707782954752693
2025-05-21T00:27:17.436296,0.0,0.0,-0.3315897271497535,5.034189237064012,0.8311484273165977,-1.503943323968057
2025-05-21T00:27:17.536088,0.0,0.0,-0.3315897271497535,5.034189237064012,0.8311484273165977,-1.5371081943465408
2025-05-21T00:27:17.636080,0.0,0.0,-0.3315897271497535,5.034189237064012,0.8311484273165977,-1.570230452920317
2025-05-21T00:27:17.736043,0.0,0.0,-0.3315897271497535,5.034189237064012,0.8311484273165977,-1.6034361167890223
2025-05-21T00:27:17.836082,0.0,0.0,-0.3315897271497535,5.034189237064012,0.8311484273165977,-1.6365804323080926
2025-05-21T00:27:17.936032,0.0,0.0,-0.36474869986472885,5.034189237064012,0.8311484273165977,-1.6713905926912125
2025-05-21T00:27:18.036056,0.0,0.0,-0.36474869986472885,5.034189237064012,0.8311484273165977,-1.7078783853596848
2025-05-21T00:27:18.136071,0.0,0.0,-0.36474869986472885,5.034189237064012,0.8311484273165977,-1.7443453069401365
2025-05-21T00:27:18.236079,0.0,0.0,-0.36474869986472885,5.034189237064012,0.8311484273165977,-1.7809874586970913
2025-05-21T00:27:18.336108,0.0,0.0,-0.36474869986472885,5.034189237064012,0.8311484273165977,-1.8173247186432175
2025-05-21T00:27:18.436045,0.0,0.0,-0.48548051951995425,5.034189237064012,0.8311484273165977,-1.8575973144161937
2025-05-21T00:27:18.536181,0.0,0.0,-0.6461745714810593,5.034189237064012,0.8311484273165977,-1.9137668349351087
2025-05-21T00:27:18.636081,0.0,0.0,-0.8600583546412901,5.034189237064012,0.8311484273165977,-1.9885589367371694
2025-05-21T00:27:18.736053,0.0,0.0,-0.8600583546412901,5.034189237064012,0.8311484273165977,-2.0744266889111946
2025-05-21T00:27:18.836039,0.0,0.0,-0.8600583546412901,5.034189237064012,0.8311484273165977,-2.1603217132527037
2025-05-21T00:27:18.936063,0.0,0.0,-0.8600583546412901,5.034189237064012,0.8311484273165977,-2.246362735964504
2025-05-21T00:27:19.036082,0.0,0.0,-0.8600583546412901,5.034189237064012,0.8311484273165977,-2.3325632906033915
2025-05-21T00:27:19.136071,0.0,0.0,-0.8600583546412901,5.034189237064012,0.8311484273165977,-2.4184421156875233
2025-05-21T00:27:19.236081,0.0,0.0,-0.8600583546412901,5.034189237064012,0.8311484273165977,-2.504236868676403
2025-05-21T00:27:19.336104,0.0,0.0,-0.8600583546412901,5.034189237064012,0.8311484273165977,-2.5903607331601095
2025-05-21T00:27:19.436038,0.0,0.0,-0.8600583546412901,5.034189237064012,0.8311484273165977,-2.6764675781708753
2025-05-21T00:27:19.536070,0.0,0.0,-0.8600583546412901,5.034189237064012,0.8311484273165977,-2.762392950488232
2025-05-21T00:27:19.636072,0.0,0.0,-0.8600583546412901,5.034189237064012,0.8311484273165977,-2.8483859905895716
2025-05-21T00:27:19.736057,0.0,0.0,-0.8600583546412901,5.034189237064012,0.8311484273165977,-2.934376159936439
2025-05-21T00:27:19.836083,0.0,0.0,-0.8600583546412901,5.034189237064012,0.8311484273165977,-3.020811501280359
2025-05-21T00:27:19.936054,0.0,0.0,-0.8600583546412901,5.034189237064012,0.8311484273165977,-3.106390742629947
2025-05-21T00:27:20.036034,0.0,0.0,-0.8600583546412901,5.034189237064012,0.8311484273165977,3.09081587822066
2025-05-21T00:27:20.136233,0.0,0.0,0.0,5.034189237064012,0.8311484273165977,3.0478374029123856
2025-05-21T00:27:20.236129,0.0,0.0,0.0,5.034189237064012,0.8311484273165977,3.0478374029123856
2025-05-21T00:27:20.336059,0.0,0.0,0.0,5.034189237064012,0.8311484273165977,3.0478374029123856
2025-05-21T00:27:20.436039,0.0,0.0,0.0,5.034189237064012,0.8311484273165977,3.0478374029123856
2025-05-21T00:27:20.536339,0.43002917732064505,0.0,0.0,4.99136899391873,0.8351748543602707,3.0478374029123856
2025-05-21T00:27:20.636095,0.43002917732064505,0.0,0.0,4.948461168993103,0.8392095167997055,3.0478374029123856
2025-05-21T00:27:20.736101,0.43002917732064505,0.0,0.0,4.905773727591678,0.843223456372649,3.0478374029123856
2025-05-21T00:27:20.836047,0.43002917732064505,0.0,0.0,4.862949707609715,0.8472502385557663,3.0478374029123856
2025-05-21T00:27:20.936043,0.43002917732064505,0.0,0.0,4.820127218777758,0.8512768767634332,3.0478374029123856
2025-05-21T00:27:21.036076,0.43002917732064505,0.0,0.0,4.777284824995722,0.8553053866519551,3.0478374029123856
2025-05-21T00:27:21.136067,0.43002917732064505,0.0,0.0,4.734482853573846,0.8593300955885869,3.0478374029123856
2025-05-21T00:27:21.235964,0.43002917732064505,0.0,0.0,4.691716302755443,0.8633514738931333,3.0478374029123856
2025-05-21T00:27:21.336079,0.43002917732064505,0.0,0.0,4.648853493639995,0.8673819034543269,3.0478374029123856
2025-05-21T00:27:21.436275,0.43002917732064505,0.0,0.0,4.605897998910847,0.8714210483294501,3.0478374029123856
2025-05-21T00:27:21.536024,0.43002917732064505,0.0,0.0,4.563229543769497,0.8754332026068089,3.0478374029123856
2025-05-21T00:27:21.636037,0.43002917732064505,0.0,0.0,4.520456970427737,0.8794551472147935,3.0478374029123856
2025-05-21T00:27:21.736257,0.43002917732064505,0.0,0.0,4.477617026485711,0.8834834267425947,3.0478374029123856
2025-05-21T00:27:21.836082,0.43002917732064505,0.0,0.0,4.4345784413495695,0.887530384685492,3.0478374029123856
2025-05-21T00:27:21.936007,0.43002917732064505,0.0,0.0,4.391946325501696,0.891539121945495,3.0478374029123856
2025-05-21T00:27:22.036058,0.43002917732064505,0.0,0.0,4.349143537466483,0.8955639076690337,3.0478374029123856
2025-05-21T00:27:22.136073,0.43002917732064505,0.0,0.0,4.306379844794757,0.8995850172194061,3.0478374029123856
2025-05-21T00:27:22.235951,0.43002917732064505,0.0,0.0,4.263564093022827,0.9036110219350914,3.0478374029123856
2025-05-21T00:27:22.336022,0.43002917732064505,0.0,0.0,4.22075170978091,0.9076367099047858,3.0478374029123856
2025-05-21T00:27:22.436027,0.43002917732064505,0.0,0.0,4.177943511682344,0.9116620043415826,3.0478374029123856
2025-05-21T00:27:22.536276,0.43002917732064505,0.0,0.0,4.13508641886025,0.9156918963944282,3.0478374029123856
2025-05-21T00:27:22.636049,0.43002917732064505,0.0,0.0,4.092031909764047,0.9197403516820093,3.0478374029123856
2025-05-21T00:27:22.736032,0.43002917732064505,0.0,0.0,4.0495272876733415,0.9237371005861774,3.0478374029123856
2025-05-21T00:27:22.836033,0.43002917732064505,0.0,0.0,4.006704900918051,0.927763729195481,3.0478374029123856
2025-05-21T00:27:22.936082,0.43002917732064505,0.0,0.0,3.963871387806051,0.9317914040263907,3.0478374029123856
2025-05-21T00:27:23.036155,0.43002917732064505,0.0,0.0,3.9210058226205913,0.935822092743395,3.0478374029123856
2025-05-21T00:27:23.136079,0.43002917732064505,0.0,0.0,3.8782337596621663,0.9398439893595627,3.0478374029123856
2025-05-21T00:27:23.235998,0.43002917732064505,0.0,0.0,3.8354078002235292,0.9438709539115838,3.0478374029123856
2025-05-21T00:27:23.336221,0.43002917732064505,0.0,0.0,3.792598581358291,0.9478963443320142,3.0478374029123856
2025-05-21T00:27:23.436032,0.43002917732064505,0.0,0.0,3.749762414252947,0.9519242687203712,3.0478374029123856
2025-05-21T00:27:23.535976,0.43002917732064505,0.0,0.0,3.7069657508177585,0.9559484785421084,3.0478374029123856
2025-05-21T00:27:23.636016,0.43002917732064505,0.0,0.0,3.664188277795979,0.9599708838715342,3.0478374029123856
2025-05-21T00:27:23.736056,0.43002917732064505,0.0,0.0,3.6214160106842197,0.9639927996844286,3.0478374029123856
2025-05-21T00:27:23.836104,0.43002917732064505,0.0,0.0,3.578555141025445,0.9680230468767184,3.0478374029123856
2025-05-21T00:27:23.936037,0.43002917732064505,0.0,0.0,3.535728160820137,0.9720501074123731,3.0478374029123856
2025-05-21T00:27:24.036028,0.43002917732064505,0.0,0.0,3.4929837606384875,0.9760694028720707,3.0478374029123856
2025-05-21T00:27:24.136066,0.43002917732064505,0.0,0.0,3.4500908389062532,0.9801026639504551,3.0478374029123856
2025-05-21T00:27:24.236023,0.43002917732064505,0.0,0.0,3.407237012537506,0.9841322488556731,3.0478374029123856
2025-05-21T00:27:24.336026,0.43002917732064505,0.0,0.0,3.364435245268964,0.9881569385955782,3.0478374029123856
2025-05-21T00:27:24.436021,0.43002917732064505,0.0,0.0,3.321667877837224,0.9921783936870314,3.0478374029123856
2025-05-21T00:27:24.536178,0.43002917732064505,0.0,0.0,3.2788428370885905,0.9962052718537823,3.0478374029123856
2025-05-21T00:27:24.636072,0.43002917732064505,0.0,0.0,3.2360423968167202,1.0002298368149638,3.0478374029123856
2025-05-21T00:27:24.736035,0.43002917732064505,0.0,0.0,3.1932935052617197,1.0042495546026493,3.0478374029123856
2025-05-21T00:27:24.835924,0.43002917732064505,0.0,0.0,3.150416303336214,1.0082813375330766,3.0478374029123856
2025-05-21T00:27:24.936082,0.43002917732064505,0.0,0.0,3.107587996134234,1.0123085228474549,3.0478374029123856
2025-05-21T00:27:25.036030,0.43002917732064505,0.0,0.0,3.064707119448714,1.0163406513189628,3.0478374029123856
2025-05-21T00:27:25.136015,0.43002917732064505,0.0,0.0,3.0219566967437075,1.0203605130820985,3.0478374029123856
2025-05-21T00:27:25.236052,0.43002917732064505,0.0,0.0,2.979176059345249,1.0243832159607884,3.0478374029123856
2025-05-21T00:27:25.336084,0.43002917732064505,0.0,0.0,2.936356836966638,1.0284095470208279,3.0478374029123856
2025-05-21T00:27:25.436127,0.0,0.0,0.0,2.9149054253821682,1.030426643080643,3.0478374029123856
2025-05-21T00:27:25.536074,0.0,0.0,0.0,2.9149054253821682,1.030426643080643,3.0478374029123856
2025-05-21T00:27:25.636077,0.0,0.0,0.0,2.9149054253821682,1.030426643080643,3.0478374029123856
2025-05-21T00:27:25.736037,0.0,0.0,0.0,2.9149054253821682,1.030426643080643,3.0478374029123856
2025-05-21T00:27:25.836068,0.0,0.0,0.0,2.9149054253821682,1.030426643080643,3.0478374029123856
2025-05-21T00:27:25.936010,0.0,0.0,0.0,2.9149054253821682,1.030426643080643,3.0478374029123856
2025-05-21T00:27:26.036020,0.0,0.0,0.0,2.9149054253821682,1.030426643080643,3.0478374029123856
2025-05-21T00:27:26.136028,0.0,0.0,0.0,2.9149054253821682,1.030426643080643,3.0478374029123856
2025-05-21T00:27:26.236184,0.0,0.0,0.0,2.9149054253821682,1.030426643080643,3.0478374029123856
2025-05-21T00:27:26.336038,0.0,0.0,0.0,2.9149054253821682,1.030426643080643,3.0478374029123856
2025-05-21T00:27:26.436026,0.0,0.0,0.0,2.9149054253821682,1.030426643080643,3.0478374029123856
2025-05-21T00:27:26.536034,0.0,0.0,0.0,2.9149054253821682,1.030426643080643,3.0478374029123856
2025-05-21T00:27:26.636065,0.0,0.0,0.0,2.9149054253821682,1.030426643080643,3.0478374029123856
2025-05-21T00:27:26.736029,0.0,0.0,0.0,2.9149054253821682,1.030426643080643,3.0478374029123856
2025-05-21T00:27:26.836021,0.0,0.0,0.0,2.9149054253821682,1.030426643080643,3.0478374029123856
2025-05-21T00:27:26.936036,0.0,0.0,0.0,2.9149054253821682,1.030426643080643,3.0478374029123856
2025-05-21T00:27:27.036078,0.0,0.0,0.0,2.9149054253821682,1.030426643080643,3.0478374029123856
2025-05-21T00:27:27.136026,0.0,0.0,0.0,2.9149054253821682,1.030426643080643,3.0478374029123856
2025-05-21T00:27:27.236015,0.0,0.0,0.0,2.9149054253821682,1.030426643080643,3.0478374029123856
2025-05-21T00:27:27.336049,0.0,0.0,0.0,2.9149054253821682,1.030426643080643,3.0478374029123856
2025-05-21T00:27:27.436020,0.0,0.0,0.0,2.9149054253821682,1.030426643080643,3.0478374029123856
2025-05-21T00:27:27.536028,0.0,0.0,0.0,2.9149054253821682,1.030426643080643,3.0478374029123856
2025-05-21T00:27:27.636030,0.0,0.0,0.0,2.9149054253821682,1.030426643080643,3.0478374029123856
2025-05-21T00:27:27.736086,0.0,0.0,0.0,2.9149054253821682,1.030426643080643,3.0478374029123856
2025-05-21T00:27:27.836122,0.0,0.0,0.0,2.9149054253821682,1.030426643080643,3.0478374029123856
2025-05-21T00:27:27.936022,0.0,0.0,0.0,2.9149054253821682,1.030426643080643,3.0478374029123856
2025-05-21T00:27:28.036028,0.0,0.0,0.0,2.9149054253821682,1.030426643080643,3.0478374029123856
2025-05-21T00:27:28.136032,0.0,0.0,0.0,2.9149054253821682,1.030426643080643,3.0478374029123856
2025-05-21T00:27:28.236046,0.0,0.0,0.0,2.9149054253821682,1.030426643080643,3.0478374029123856
2025-05-21T00:27:28.336019,0.0,0.0,0.0,2.9149054253821682,1.030426643080643,3.0478374029123856
2025-05-21T00:27:28.436063,0.0,0.0,0.0,2.9149054253821682,1.030426643080643,3.0478374029123856
2025-05-21T00:27:28.536049,0.0,0.0,0.0,2.9149054253821682,1.030426643080643,3.0478374029123856
2025-05-21T00:27:28.636103,0.0,0.0,0.0,2.9149054253821682,1.030426643080643,3.0478374029123856
2025-05-21T00:27:28.736109,0.0,0.0,0.0,2.9149054253821682,1.030426643080643,3.0478374029123856
2025-05-21T00:27:28.836110,0.0,0.0,0.0,2.9149054253821682,1.030426643080643,3.0478374029123856
2025-05-21T00:27:28.936433,0.0,0.0,0.0,2.9149054253821682,1.030426643080643,3.0478374029123856
2025-05-21T00:27:29.036059,0.0,0.0,0.0,2.9149054253821682,1.030426643080643,3.0478374029123856
2025-05-21T00:27:29.136099,0.0,0.0,-0.8600583546412901,2.9149054253821682,1.030426643080643,3.001405820082063
2025-05-21T00:27:29.236049,0.0,0.0,-0.8600583546412901,2.9149054253821682,1.030426643080643,2.918907308388725
2025-05-21T00:27:29.336063,0.0,0.0,-0.8600583546412901,2.9149054253821682,1.030426643080643,2.832841884263912
2025-05-21T00:27:29.436146,0.0,0.0,-0.8600583546412901,2.9149054253821682,1.030426643080643,2.7466757786786884
2025-05-21T00:27:29.538133,0.0,0.0,-0.8600583546412901,2.9149054253821682,1.030426643080643,2.6607942878939754
2025-05-21T00:27:29.636281,0.0,0.0,-0.8600583546412901,2.9149054253821682,1.030426643080643,2.5745172481537972
2025-05-21T00:27:29.737550,0.0,0.0,-0.8600583546412901,2.9149054253821682,1.030426643080643,2.4879018694937045
2025-05-21T00:27:29.836126,0.0,0.0,-0.8600583546412901,2.9149054253821682,1.030426643080643,2.400859978740626
2025-05-21T00:27:29.936041,0.0,0.0,-0.8600583546412901,2.9149054253821682,1.030426643080643,2.3168049029617848
2025-05-21T00:27:30.036029,0.0,0.0,-0.8600583546412901,2.9149054253821682,1.030426643080643,2.2309551955301554
2025-05-21T00:27:30.136091,0.0,0.0,-0.8600583546412901,2.9149054253821682,1.030426643080643,2.1449026898004666
2025-05-21T00:27:30.236026,0.0,0.0,-0.8600583546412901,2.9149054253821682,1.030426643080643,2.0588770461304806
2025-05-21T00:27:30.336005,0.0,0.0,-0.8600583546412901,2.9149054253821682,1.030426643080643,1.9729291178851307
2025-05-21T00:27:30.436028,0.0,0.0,-0.8600583546412901,2.9149054253821682,1.030426643080643,1.8867734700483416
2025-05-21T00:27:30.536086,0.0,0.0,-0.8600583546412901,2.9149054253821682,1.030426643080643,1.8009754361972075
2025-05-21T00:27:30.636069,0.0,0.0,-0.8600583546412901,2.9149054253821682,1.030426643080643,1.714518769248638
2025-05-21T00:27:30.736007,0.0,0.0,-0.8600583546412901,2.9149054253821682,1.030426643080643,1.6288886745341173
2025-05-21T00:27:30.836062,0.0,0.0,-0.8600583546412901,2.9149054253821682,1.030426643080643,1.542908347774011
2025-05-21T00:27:30.936066,0.0,0.0,-0.8600583546412901,2.9149054253821682,1.030426643080643,1.4569302766067036
2025-05-21T00:27:31.036139,0.0,0.0,-0.8600583546412901,2.9149054253821682,1.030426643080643,1.3706083300644272
2025-05-21T00:27:31.136050,0.0,0.0,-0.8600583546412901,2.9149054253821682,1.030426643080643,1.2848490513986661
2025-05-21T00:27:31.236035,0.0,0.0,-0.8600583546412901,2.9149054253821682,1.030426643080643,1.198809669117992
2025-05-21T00:27:31.336087,0.0,0.0,-0.8600583546412901,2.9149054253821682,1.030426643080643,1.1128121178310533
2025-05-21T00:27:31.436068,0.0,0.0,-0.8600583546412901,2.9149054253821682,1.030426643080643,1.0265953639347876
2025-05-21T00:27:31.536039,0.0,0.0,-0.8600583546412901,2.9149054253821682,1.030426643080643,0.9408543350653122
2025-05-21T00:27:31.636037,0.0,0.0,-0.8600583546412901,2.9149054253821682,1.030426643080643,0.854789731156064
2025-05-21T00:27:31.736053,0.0,0.0,-0.8600583546412901,2.9149054253821682,1.030426643080643,0.7686199346008048
2025-05-21T00:27:31.836055,0.0,0.0,-0.8600583546412901,2.9149054253821682,1.030426643080643,0.6827712524386298
2025-05-21T00:27:31.936052,0.0,0.0,-0.8600583546412901,2.9149054253821682,1.030426643080643,0.5968077400975739
2025-05-21T00:27:32.036109,0.0,0.0,0.0,2.9149054253821682,1.030426643080643,0.5968077400975739
2025-05-21T00:27:32.136057,0.0,0.0,0.0,2.9149054253821682,1.030426643080643,0.5968077400975739
2025-05-21T00:27:32.236069,0.43002917732064505,0.0,0.0,2.9149054253821682,1.030426643080643,0.5968077400975739
2025-05-21T00:27:32.336109,0.43002917732064505,0.0,0.0,2.9502307520798765,1.0544288117997842,0.5968077400975739
2025-05-21T00:27:32.436047,0.43002917732064505,0.0,0.0,2.985831690189685,1.0786182476225186,0.5968077400975739
2025-05-21T00:27:32.536041,0.43002917732064505,0.0,0.0,3.021433730745142,1.1028084325136671,0.5968077400975739
2025-05-21T00:27:32.636194,0.43002917732064505,0.0,0.0,3.0570251708616727,1.1269914148239084,0.5968077400975739
2025-05-21T00:27:32.736043,0.43002917732064505,0.0,0.0,3.092558520572883,1.151134926990777,0.5968077400975739
2025-05-21T00:27:32.836035,0.43002917732064505,0.0,0.0,3.1280970432982897,1.1752819540171284,0.5968077400975739
2025-05-21T00:27:32.936092,0.43002917732064505,0.0,0.0,3.1636719467300938,1.199453700301154,0.5968077400975739
2025-05-21T00:27:33.036089,0.43002917732064505,0.0,0.0,3.1993528545511674,1.2236974723942542,0.5968077400975739
2025-05-21T00:27:33.136026,0.43002917732064505,0.0,0.0,3.234829894730798,1.2478027244513425,0.5968077400975739
2025-05-21T00:27:33.235999,0.43002917732064505,0.0,0.0,3.2703508631293414,1.2719378240037114,0.5968077400975739
2025-05-21T00:27:33.336044,0.43002917732064505,0.0,0.0,3.30596494578342,1.2961361910267708,0.5968077400975739
2025-05-21T00:27:33.436122,0.43002917732064505,0.0,0.0,3.341552484938425,1.3203165227872382,0.5968077400975739
2025-05-21T00:27:33.536025,0.43002917732064505,0.0,0.0,3.3771223849630556,1.3444848694530755,0.5968077400975739
2025-05-21T00:27:33.636072,0.43002917732064505,0.0,0.0,3.4126416572913714,1.368618816592499,0.5968077400975739
2025-05-21T00:27:33.736035,0.43002917732064505,0.0,0.0,3.4483445292219015,1.3928775124332393,0.5968077400975739
2025-05-21T00:27:33.836070,0.43002917732064505,0.0,0.0,3.483869737796016,1.417015493017971,0.5968077400975739
2025-05-21T00:27:33.936009,0.43002917732064505,0.0,0.0,3.5194416731049207,1.4411852225793427,0.5968077400975739
2025-05-21T00:27:34.036055,0.43002917732064505,0.0,0.0,3.555036420558396,1.465370452094827,0.5968077400975739
2025-05-21T00:27:34.136027,0.43002917732064505,0.0,0.0,3.590547127732058,1.4894985795488773,0.5968077400975739
2025-05-21T00:27:34.236212,0.43002917732064505,0.0,0.0,3.6260951484507435,1.5136520600877217,0.5968077400975739
2025-05-21T00:27:34.336047,0.43002917732064505,0.0,0.0,3.6617187290981,1.5378568806232742,0.5968077400975739
2025-05-21T00:27:34.436023,0.43002917732064505,0.0,0.0,3.697249110686411,1.5619983760674887,0.5968077400975739
2025-05-21T00:27:34.536042,0.43002917732064505,0.0,0.0,3.7327463341017584,1.5861173418386247,0.5968077400975739
2025-05-21T00:27:34.636054,0.43002917732064505,0.0,0.0,3.768481092152581,1.6103977030427343,0.5968077400975739
2025-05-21T00:27:34.736019,0.43002917732064505,0.0,0.0,3.803974075392358,1.6345137877815075,0.5968077400975739
2025-05-21T00:27:34.836052,0.43002917732064505,0.0,0.0,3.8395050506052484,1.6586556865702529,0.5968077400975739
2025-05-21T00:27:34.936103,0.43002917732064505,0.0,0.0,3.8750773251281987,1.6828256466142135,0.5968077400975739
2025-05-21T00:27:35.036043,0.43002917732064505,0.0,0.0,3.910667323585035,1.7070076493734514,0.5968077400975739
2025-05-21T00:27:35.136013,0.0,0.0,0.0,3.946268855319423,1.7311974885407164,0.5968077400975739
2025-05-21T00:27:35.236054,0.0,0.0,0.0,3.946268855319423,1.7311974885407164,0.5968077400975739
2025-05-21T00:27:35.336069,0.0,0.0,0.0,3.946268855319423,1.7311974885407164,0.5968077400975739
2025-05-21T00:27:35.436045,0.0,0.0,0.0,3.946268855319423,1.7311974885407164,0.5968077400975739
2025-05-21T00:27:35.536043,0.0,0.0,0.0,3.946268855319423,1.7311974885407164,0.5968077400975739
2025-05-21T00:27:35.636055,0.0,0.0,0.0,3.946268855319423,1.7311974885407164,0.5968077400975739
2025-05-21T00:27:35.736380,0.0,0.0,0.0,3.946268855319423,1.7311974885407164,0.5968077400975739
2025-05-21T00:27:35.836110,0.0,0.0,0.0,3.946268855319423,1.7311974885407164,0.5968077400975739
2025-05-21T00:27:35.936066,0.0,0.0,0.0,3.946268855319423,1.7311974885407164,0.5968077400975739
2025-05-21T00:27:36.036032,0.0,0.0,0.0,3.946268855319423,1.7311974885407164,0.5968077400975739
2025-05-21T00:27:36.136074,0.0,0.0,0.0,3.946268855319423,1.7311974885407164,0.5968077400975739
2025-05-21T00:27:36.236094,0.0,0.0,0.0,3.946268855319423,1.7311974885407164,0.5968077400975739
2025-05-21T00:27:36.336065,0.0,0.0,0.0,3.946268855319423,1.7311974885407164,0.5968077400975739
2025-05-21T00:27:36.436050,0.0,0.0,0.0,3.946268855319423,1.7311974885407164,0.5968077400975739
2025-05-21T00:27:36.536248,0.0,0.0,0.0,3.946268855319423,1.7311974885407164,0.5968077400975739
2025-05-21T00:27:36.636073,0.0,0.0,0.0,3.946268855319423,1.7311974885407164,0.5968077400975739
2025-05-21T00:27:36.736075,0.0,0.0,0.0,3.946268855319423,1.7311974885407164,0.5968077400975739
2025-05-21T00:27:36.836044,0.0,0.0,0.0,3.946268855319423,1.7311974885407164,0.5968077400975739
2025-05-21T00:27:36.936290,0.0,0.0,0.0,3.946268855319423,1.7311974885407164,0.5968077400975739
2025-05-21T00:27:37.036034,0.0,0.0,0.0,3.946268855319423,1.7311974885407164,0.5968077400975739
2025-05-21T00:27:37.136067,0.0,0.0,0.0,3.946268855319423,1.7311974885407164,0.5968077400975739
2025-05-21T00:27:37.236039,0.0,0.0,0.0,3.946268855319423,1.7311974885407164,0.5968077400975739
2025-05-21T00:27:37.336068,0.0,0.0,0.0,3.946268855319423,1.7311974885407164,0.5968077400975739
2025-05-21T00:27:37.436114,0.0,0.0,0.0,3.946268855319423,1.7311974885407164,0.5968077400975739
2025-05-21T00:27:37.536037,0.0,0.0,0.0,3.946268855319423,1.7311974885407164,0.5968077400975739
2025-05-21T00:27:37.636079,0.0,0.0,0.0,3.946268855319423,1.7311974885407164,0.5968077400975739
2025-05-21T00:27:37.736048,0.0,0.0,0.0,3.946268855319423,1.7311974885407164,0.5968077400975739
2025-05-21T00:27:37.836042,0.0,0.0,0.0,3.946268855319423,1.7311974885407164,0.5968077400975739
2025-05-21T00:27:37.936030,0.0,0.0,0.0,3.946268855319423,1.7311974885407164,0.5968077400975739
2025-05-21T00:27:38.036095,0.0,0.0,0.0,3.946268855319423,1.7311974885407164,0.5968077400975739
2025-05-21T00:27:38.136847,0.0,0.0,0.0,3.946268855319423,1.7311974885407164,0.5968077400975739
2025-05-21T00:27:38.236081,0.0,0.0,0.0,3.946268855319423,1.7311974885407164,0.5968077400975739
2025-05-21T00:27:38.336031,0.0,0.0,0.0,3.946268855319423,1.7311974885407164,0.5968077400975739
2025-05-21T00:27:38.436073,0.0,0.0,0.0,3.946268855319423,1.7311974885407164,0.5968077400975739
2025-05-21T00:27:38.536081,0.0,0.0,0.0,3.946268855319423,1.7311974885407164,0.5968077400975739
2025-05-21T00:27:38.636071,0.0,0.0,0.0,3.946268855319423,1.7311974885407164,0.5968077400975739
2025-05-21T00:27:38.736113,0.0,0.0,0.0,3.946268855319423,1.7311974885407164,0.5968077400975739
2025-05-21T00:27:38.836108,0.0,0.0,0.0,3.946268855319423,1.7311974885407164,0.5968077400975739
2025-05-21T00:27:38.936124,0.0,0.0,0.0,3.946268855319423,1.7311974885407164,0.5968077400975739
2025-05-21T00:27:39.036149,0.0,0.0,0.0,3.946268855319423,1.7311974885407164,0.5968077400975739
2025-05-21T00:27:39.136069,0.0,0.0,0.0,3.946268855319423,1.7311974885407164,0.5968077400975739
2025-05-21T00:27:39.236033,0.0,0.0,0.0,3.946268855319423,1.7311974885407164,0.5968077400975739
2025-05-21T00:27:39.336097,0.0,0.0,0.0,3.946268855319423,1.7311974885407164,0.5968077400975739
2025-05-21T00:27:39.436035,0.0,0.0,0.0,3.946268855319423,1.7311974885407164,0.5968077400975739
2025-05-21T00:27:39.536034,0.0,0.0,0.0,3.946268855319423,1.7311974885407164,0.5968077400975739
2025-05-21T00:27:39.636054,0.0,0.0,0.0,3.946268855319423,1.7311974885407164,0.5968077400975739
2025-05-21T00:27:39.736193,0.0,0.0,0.0,3.946268855319423,1.7311974885407164,0.5968077400975739
2025-05-21T00:27:39.836166,0.0,0.0,0.0,3.946268855319423,1.7311974885407164,0.5968077400975739
2025-05-21T00:27:39.936095,0.0,0.0,0.0,3.946268855319423,1.7311974885407164,0.5968077400975739
2025-05-21T00:27:40.036020,0.0,0.0,0.0,3.946268855319423,1.7311974885407164,0.5968077400975739
2025-05-21T00:27:40.136038,0.0,0.0,0.0,3.946268855319423,1.7311974885407164,0.5968077400975739
2025-05-21T00:27:40.236075,0.0,0.0,0.0,3.946268855319423,1.7311974885407164,0.5968077400975739
2025-05-21T00:27:40.336057,0.0,0.0,0.0,3.946268855319423,1.7311974885407164,0.5968077400975739
2025-05-21T00:27:40.436062,0.0,0.0,0.0,3.946268855319423,1.7311974885407164,0.5968077400975739
2025-05-21T00:27:40.536076,0.0,0.0,0.0,3.946268855319423,1.7311974885407164,0.5968077400975739
2025-05-21T00:27:40.636107,0.0,0.0,0.0,3.946268855319423,1.7311974885407164,0.5968077400975739
2025-05-21T00:27:40.736030,0.0,0.0,0.0,3.946268855319423,1.7311974885407164,0.5968077400975739
2025-05-21T00:27:40.836046,0.0,0.0,0.0,3.946268855319423,1.7311974885407164,0.5968077400975739
2025-05-21T00:27:40.936045,0.0,0.0,0.0,3.946268855319423,1.7311974885407164,0.5968077400975739
2025-05-21T00:27:41.036036,0.0,0.0,0.0,3.946268855319423,1.7311974885407164,0.5968077400975739
2025-05-21T00:27:41.136032,0.0,0.0,0.0,3.946268855319423,1.7311974885407164,0.5968077400975739
2025-05-21T00:27:41.236053,0.0,0.0,0.0,3.946268855319423,1.7311974885407164,0.5968077400975739
2025-05-21T00:27:41.336041,0.0,0.0,0.0,3.946268855319423,1.7311974885407164,0.5968077400975739
2025-05-21T00:27:41.436044,0.0,0.0,0.0,3.946268855319423,1.7311974885407164,0.5968077400975739
2025-05-21T00:27:41.536053,0.0,0.0,0.0,3.946268855319423,1.7311974885407164,0.5968077400975739
2025-05-21T00:27:41.636066,0.0,0.0,0.0,3.946268855319423,1.7311974885407164,0.5968077400975739
2025-05-21T00:27:41.736026,0.0,0.0,0.0,3.946268855319423,1.7311974885407164,0.5968077400975739
2025-05-21T00:27:41.836022,0.0,0.0,0.0,3.946268855319423,1.7311974885407164,0.5968077400975739
2025-05-21T00:27:41.936068,0.0,0.0,0.0,3.946268855319423,1.7311974885407164,0.5968077400975739
2025-05-21T00:27:42.036069,0.0,0.0,0.0,3.946268855319423,1.7311974885407164,0.5968077400975739
2025-05-21T00:27:42.136054,0.0,0.0,0.0,3.946268855319423,1.7311974885407164,0.5968077400975739
2025-05-21T00:27:42.236049,0.0,0.0,0.0,3.946268855319423,1.7311974885407164,0.5968077400975739
2025-05-21T00:27:42.336035,0.0,0.0,0.0,3.946268855319423,1.7311974885407164,0.5968077400975739
2025-05-21T00:27:42.436030,0.0,0.0,0.0,3.946268855319423,1.7311974885407164,0.5968077400975739
2025-05-21T00:27:42.536045,0.0,0.0,0.0,3.946268855319423,1.7311974885407164,0.5968077400975739
2025-05-21T00:27:42.636020,0.0,0.0,0.0,3.946268855319423,1.7311974885407164,0.5968077400975739
2025-05-21T00:27:42.736020,0.0,0.0,0.0,3.946268855319423,1.7311974885407164,0.5968077400975739
2025-05-21T00:27:42.836041,0.0,0.0,0.0,3.946268855319423,1.7311974885407164,0.5968077400975739
2025-05-21T00:27:42.936037,0.0,0.0,0.0,3.946268855319423,1.7311974885407164,0.5968077400975739
2025-05-21T00:27:43.036065,0.0,0.0,0.0,3.946268855319423,1.7311974885407164,0.5968077400975739
2025-05-21T00:27:43.136023,0.0,0.0,0.0,3.946268855319423,1.7311974885407164,0.5968077400975739
2025-05-21T00:27:43.236016,0.0,0.0,0.0,3.946268855319423,1.7311974885407164,0.5968077400975739
2025-05-21T00:27:43.336116,0.0,0.0,0.0,3.946268855319423,1.7311974885407164,0.5968077400975739
2025-05-21T00:27:43.436017,0.0,0.0,0.0,3.946268855319423,1.7311974885407164,0.5968077400975739
2025-05-21T00:27:43.536219,0.0,0.0,0.0,3.946268855319423,1.7311974885407164,0.5968077400975739
2025-05-21T00:27:43.636024,0.0,0.0,0.0,3.946268855319423,1.7311974885407164,0.5968077400975739
2025-05-21T00:27:43.736016,0.0,0.0,0.0,3.946268855319423,1.7311974885407164,0.5968077400975739
2025-05-21T00:27:43.836069,0.0,0.0,0.0,3.946268855319423,1.7311974885407164,0.5968077400975739
2025-05-21T00:27:43.936050,0.0,0.0,0.0,3.946268855319423,1.7311974885407164,0.5968077400975739
2025-05-21T00:27:44.036015,0.0,0.0,0.0,3.946268855319423,1.7311974885407164,0.5968077400975739
2025-05-21T00:27:44.136060,0.0,0.0,0.0,3.946268855319423,1.7311974885407164,0.5968077400975739
2025-05-21T00:27:44.236014,0.0,0.0,0.0,3.946268855319423,1.7311974885407164,0.5968077400975739
2025-05-21T00:27:44.336033,0.0,0.0,0.0,3.946268855319423,1.7311974885407164,0.5968077400975739
2025-05-21T00:27:44.436025,0.0,0.0,0.0,3.946268855319423,1.7311974885407164,0.5968077400975739
2025-05-21T00:27:44.536067,0.0,0.0,0.0,3.946268855319423,1.7311974885407164,0.5968077400975739
2025-05-21T00:27:44.636042,0.0,0.0,0.0,3.946268855319423,1.7311974885407164,0.5968077400975739
2025-05-21T00:27:44.736043,0.0,0.0,0.0,3.946268855319423,1.7311974885407164,0.5968077400975739
2025-05-21T00:27:44.836018,0.0,0.0,0.0,3.946268855319423,1.7311974885407164,0.5968077400975739
2025-05-21T00:27:44.936043,0.0,0.0,0.0,3.946268855319423,1.7311974885407164,0.5968077400975739
2025-05-21T00:27:45.036036,0.0,0.0,0.0,3.946268855319423,1.7311974885407164,0.5968077400975739
2025-05-21T00:27:45.136067,0.0,0.0,0.0,3.946268855319423,1.7311974885407164,0.5968077400975739
2025-05-21T00:27:45.236045,0.0,0.0,0.0,3.946268855319423,1.7311974885407164,0.5968077400975739
2025-05-21T00:27:45.336143,0.43002917732064505,0.0,0.0,3.946268855319423,1.7311974885407164,0.5968077400975739
2025-05-21T00:27:45.436148,0.43002917732064505,0.0,0.0,3.981938738684013,1.7554337699496727,0.5968077400975739
2025-05-21T00:27:45.536020,0.43002917732064505,0.0,0.0,4.01741255633021,1.7795368324221652,0.5968077400975739
2025-05-21T00:27:45.636053,0.43002917732064505,0.0,0.0,4.052987798976059,1.8037088091887798,0.5968077400975739
2025-05-21T00:27:45.736293,0.43002917732064505,0.0,0.0,4.088552186772448,1.8278734105125454,0.5968077400975739
2025-05-21T00:27:45.836016,0.43002917732064505,0.0,0.0,4.124239030839321,1.8521212160509535,0.5968077400975739
2025-05-21T00:27:45.936020,0.43002917732064505,0.0,0.0,4.159763136967786,1.876258447567271,0.5968077400975739
2025-05-21T00:27:46.036080,0.43002917732064505,0.0,0.0,4.195221605178417,1.9003510807026096,0.5968077400975739
2025-05-21T00:27:46.136239,0.43002917732064505,0.0,0.0,4.2308267834637965,1.924543397557707,0.5968077400975739
2025-05-21T00:27:46.236060,0.43002917732064505,0.0,0.0,4.266546107275541,1.9488132718040154,0.5968077400975739
2025-05-21T00:27:46.336103,0.43002917732064505,0.0,0.0,4.301965481067409,1.9728793418209674,0.5968077400975739
2025-05-21T00:27:46.436021,0.43002917732064505,0.0,0.0,4.337520286067008,1.9970374320115925,0.5968077400975739
2025-05-21T00:27:46.536105,0.43002917732064505,0.0,0.0,4.373115796752086,2.021223180112902,0.5968077400975739
2025-05-21T00:27:46.636040,0.43002917732064505,0.0,0.0,4.4086839159029765,2.045390316745147,0.5968077400975739
2025-05-21T00:27:46.736019,0.0,0.0,0.0,4.444278493749429,2.069575431019337,0.5968077400975739
2025-05-21T00:27:46.836022,0.0,0.0,0.0,4.444278493749429,2.069575431019337,0.5968077400975739
2025-05-21T00:27:46.936048,0.0,0.0,0.0,4.444278493749429,2.069575431019337,0.5968077400975739
2025-05-21T00:27:47.036090,0.0,0.0,0.0,4.444278493749429,2.069575431019337,0.5968077400975739
2025-05-21T00:27:47.136022,0.0,0.0,0.0,4.444278493749429,2.069575431019337,0.5968077400975739
2025-05-21T00:27:47.236025,0.0,0.0,0.0,4.444278493749429,2.069575431019337,0.5968077400975739
2025-05-21T00:27:47.336132,0.0,0.0,0.0,4.444278493749429,2.069575431019337,0.5968077400975739
2025-05-21T00:27:47.436015,0.0,0.0,0.0,4.444278493749429,2.069575431019337,0.5968077400975739
2025-05-21T00:27:47.536022,0.0,0.0,0.0,4.444278493749429,2.069575431019337,0.5968077400975739
2025-05-21T00:27:47.636023,0.0,0.0,0.0,4.444278493749429,2.069575431019337,0.5968077400975739
2025-05-21T00:27:47.736257,0.0,0.0,0.0,4.444278493749429,2.069575431019337,0.5968077400975739
2025-05-21T00:27:47.836020,0.0,0.0,0.0,4.444278493749429,2.069575431019337,0.5968077400975739
2025-05-21T00:27:47.936029,0.0,0.0,0.0,4.444278493749429,2.069575431019337,0.5968077400975739
2025-05-21T00:27:48.036021,0.0,0.0,0.0,4.444278493749429,2.069575431019337,0.5968077400975739
2025-05-21T00:27:48.136176,0.0,0.0,0.0,4.444278493749429,2.069575431019337,0.5968077400975739
2025-05-21T00:27:48.236012,0.0,0.0,0.0,4.444278493749429,2.069575431019337,0.5968077400975739
2025-05-21T00:27:48.336023,0.0,0.0,0.0,4.444278493749429,2.069575431019337,0.5968077400975739
2025-05-21T00:27:48.436023,0.0,0.0,0.0,4.444278493749429,2.069575431019337,0.5968077400975739
2025-05-21T00:27:48.536029,0.0,0.0,0.0,4.444278493749429,2.069575431019337,0.5968077400975739
2025-05-21T00:27:48.636027,0.0,0.0,0.0,4.444278493749429,2.069575431019337,0.5968077400975739
2025-05-21T00:27:48.736021,0.0,0.0,0.0,4.444278493749429,2.069575431019337,0.5968077400975739
2025-05-21T00:27:48.836053,0.0,0.0,0.0,4.444278493749429,2.069575431019337,0.5968077400975739
2025-05-21T00:27:48.936050,0.0,0.0,0.0,4.444278493749429,2.069575431019337,0.5968077400975739
2025-05-21T00:27:49.036047,0.0,0.0,0.0,4.444278493749429,2.069575431019337,0.5968077400975739
2025-05-21T00:27:49.136034,0.0,0.0,0.0,4.444278493749429,2.069575431019337,0.5968077400975739
2025-05-21T00:27:49.236029,0.0,0.0,0.0,4.444278493749429,2.069575431019337,0.5968077400975739
2025-05-21T00:27:49.336117,0.0,0.0,0.0,4.444278493749429,2.069575431019337,0.5968077400975739
2025-05-21T00:27:49.436029,0.0,0.0,0.0,4.444278493749429,2.069575431019337,0.5968077400975739
2025-05-21T00:27:49.536074,0.0,0.0,0.0,4.444278493749429,2.069575431019337,0.5968077400975739
2025-05-21T00:27:49.636037,0.0,0.0,0.0,4.444278493749429,2.069575431019337,0.5968077400975739
2025-05-21T00:27:49.736050,0.0,0.0,0.0,4.444278493749429,2.069575431019337,0.5968077400975739
2025-05-21T00:27:49.836027,0.0,0.0,0.0,4.444278493749429,2.069575431019337,0.5968077400975739
2025-05-21T00:27:49.936101,0.0,0.0,0.0,4.444278493749429,2.069575431019337,0.5968077400975739
2025-05-21T00:27:50.036024,0.0,0.0,0.0,4.444278493749429,2.069575431019337,0.5968077400975739
2025-05-21T00:27:50.136109,0.0,0.0,0.0,4.444278493749429,2.069575431019337,0.5968077400975739
2025-05-21T00:27:50.236059,0.0,0.0,0.0,4.444278493749429,2.069575431019337,0.5968077400975739
2025-05-21T00:27:50.336017,0.0,0.0,0.0,4.444278493749429,2.069575431019337,0.5968077400975739
2025-05-21T00:27:50.436028,0.0,0.0,0.0,4.444278493749429,2.069575431019337,0.5968077400975739
2025-05-21T00:27:50.536182,0.0,0.0,0.0,4.444278493749429,2.069575431019337,0.5968077400975739
2025-05-21T00:27:50.636100,0.0,0.0,0.0,4.444278493749429,2.069575431019337,0.5968077400975739
2025-05-21T00:27:50.736069,0.0,0.0,0.0,4.444278493749429,2.069575431019337,0.5968077400975739
2025-05-21T00:27:50.836058,0.0,0.0,0.0,4.444278493749429,2.069575431019337,0.5968077400975739
2025-05-21T00:27:50.936136,0.0,0.0,0.0,4.444278493749429,2.069575431019337,0.5968077400975739
2025-05-21T00:27:51.036048,0.0,0.0,0.0,4.444278493749429,2.069575431019337,0.5968077400975739
2025-05-21T00:27:51.136043,0.0,0.0,0.0,4.444278493749429,2.069575431019337,0.5968077400975739
2025-05-21T00:27:51.236172,0.0,0.0,0.0,4.444278493749429,2.069575431019337,0.5968077400975739
2025-05-21T00:27:51.336073,0.0,0.0,0.0,4.444278493749429,2.069575431019337,0.5968077400975739
2025-05-21T00:27:51.436108,0.0,0.0,0.0,4.444278493749429,2.069575431019337,0.5968077400975739
2025-05-21T00:27:51.536200,0.0,0.0,0.0,4.444278493749429,2.069575431019337,0.5968077400975739
2025-05-21T00:27:51.636043,0.0,0.0,0.0,4.444278493749429,2.069575431019337,0.5968077400975739
2025-05-21T00:27:51.736174,0.0,0.0,0.0,4.444278493749429,2.069575431019337,0.5968077400975739
2025-05-21T00:27:51.836129,0.0,0.0,0.0,4.444278493749429,2.069575431019337,0.5968077400975739
2025-05-21T00:27:51.936252,0.0,0.0,0.0,4.444278493749429,2.069575431019337,0.5968077400975739
2025-05-21T00:27:52.036026,0.0,0.0,0.0,4.444278493749429,2.069575431019337,0.5968077400975739
2025-05-21T00:27:52.136240,0.0,0.0,0.0,4.444278493749429,2.069575431019337,0.5968077400975739
2025-05-21T00:27:52.236118,0.0,0.0,0.0,4.444278493749429,2.069575431019337,0.5968077400975739
2025-05-21T00:27:52.336041,0.0,0.0,0.0,4.444278493749429,2.069575431019337,0.5968077400975739
2025-05-21T00:27:52.436097,0.0,0.0,0.0,4.444278493749429,2.069575431019337,0.5968077400975739
2025-05-21T00:27:52.536060,0.0,0.0,0.0,4.444278493749429,2.069575431019337,0.5968077400975739
2025-05-21T00:27:52.636170,0.0,0.0,0.0,4.444278493749429,2.069575431019337,0.5968077400975739
2025-05-21T00:27:52.736016,0.0,0.0,0.0,4.444278493749429,2.069575431019337,0.5968077400975739
2025-05-21T00:27:52.836024,0.0,0.0,0.0,4.444278493749429,2.069575431019337,0.5968077400975739
2025-05-21T00:27:52.936260,0.0,0.0,0.0,4.444278493749429,2.069575431019337,0.5968077400975739
2025-05-21T00:27:53.036091,0.0,0.0,0.0,4.444278493749429,2.069575431019337,0.5968077400975739
2025-05-21T00:27:53.136034,0.0,0.0,0.0,4.444278493749429,2.069575431019337,0.5968077400975739
2025-05-21T00:27:53.236026,0.0,0.0,0.0,4.444278493749429,2.069575431019337,0.5968077400975739
2025-05-21T00:27:53.336825,0.0,0.0,0.0,4.444278493749429,2.069575431019337,0.5968077400975739
2025-05-21T00:27:53.436612,0.0,0.0,0.0,4.444278493749429,2.069575431019337,0.5968077400975739
2025-05-21T00:27:53.536040,0.0,0.0,0.0,4.444278493749429,2.069575431019337,0.5968077400975739
2025-05-21T00:27:53.636017,0.0,0.0,0.0,4.444278493749429,2.069575431019337,0.5968077400975739
2025-05-21T00:27:53.736045,0.0,0.0,0.0,4.444278493749429,2.069575431019337,0.5968077400975739
2025-05-21T00:27:53.836074,0.0,0.0,0.0,4.444278493749429,2.069575431019337,0.5968077400975739
2025-05-21T00:27:53.936018,0.0,0.0,0.0,4.444278493749429,2.069575431019337,0.5968077400975739
2025-05-21T00:27:54.036024,0.0,0.0,0.0,4.444278493749429,2.069575431019337,0.5968077400975739
2025-05-21T00:27:54.136315,0.0,0.0,0.0,4.444278493749429,2.069575431019337,0.5968077400975739
2025-05-21T00:27:54.236046,0.0,0.0,0.0,4.444278493749429,2.069575431019337,0.5968077400975739
2025-05-21T00:27:54.336029,0.0,0.0,0.0,4.444278493749429,2.069575431019337,0.5968077400975739
2025-05-21T00:27:54.436164,0.0,0.0,0.0,4.444278493749429,2.069575431019337,0.5968077400975739
2025-05-21T00:27:54.536152,0.0,0.0,0.0,4.444278493749429,2.069575431019337,0.5968077400975739
2025-05-21T00:27:54.636093,0.0,0.0,0.0,4.444278493749429,2.069575431019337,0.5968077400975739
2025-05-21T00:27:54.736099,0.0,0.0,0.0,4.444278493749429,2.069575431019337,0.5968077400975739
2025-05-21T00:27:54.836081,0.0,0.0,0.0,4.444278493749429,2.069575431019337,0.5968077400975739
2025-05-21T00:27:54.936531,0.0,0.0,0.0,4.444278493749429,2.069575431019337,0.5968077400975739
2025-05-21T00:27:55.036145,0.0,0.0,0.0,4.444278493749429,2.069575431019337,0.5968077400975739
2025-05-21T00:27:55.136210,0.0,0.0,0.0,4.444278493749429,2.069575431019337,0.5968077400975739
2025-05-21T00:27:55.236124,0.0,0.0,0.0,4.444278493749429,2.069575431019337,0.5968077400975739
2025-05-21T00:27:55.336069,0.0,0.0,0.0,4.444278493749429,2.069575431019337,0.5968077400975739
2025-05-21T00:27:55.436071,0.0,0.0,0.0,4.444278493749429,2.069575431019337,0.5968077400975739
2025-05-21T00:27:55.536059,0.0,0.0,0.0,4.444278493749429,2.069575431019337,0.5968077400975739
2025-05-21T00:27:55.636084,0.0,0.0,0.0,4.444278493749429,2.069575431019337,0.5968077400975739
2025-05-21T00:27:55.736057,0.0,0.0,0.0,4.444278493749429,2.069575431019337,0.5968077400975739
2025-05-21T00:27:55.836024,0.0,0.0,0.0,4.444278493749429,2.069575431019337,0.5968077400975739
2025-05-21T00:27:55.936064,0.0,0.0,0.0,4.444278493749429,2.069575431019337,0.5968077400975739
2025-05-21T00:27:56.036037,0.0,0.0,0.0,4.444278493749429,2.069575431019337,0.5968077400975739
2025-05-21T00:27:56.136039,0.0,0.0,0.0,4.444278493749429,2.069575431019337,0.5968077400975739
2025-05-21T00:27:56.236035,0.0,0.0,0.0,4.444278493749429,2.069575431019337,0.5968077400975739
2025-05-21T00:27:56.336044,0.0,0.0,0.0,4.444278493749429,2.069575431019337,0.5968077400975739
2025-05-21T00:27:56.436065,0.0,0.0,0.0,4.444278493749429,2.069575431019337,0.5968077400975739
2025-05-21T00:27:56.536047,0.0,0.0,0.0,4.444278493749429,2.069575431019337,0.5968077400975739
2025-05-21T00:27:56.636149,0.0,0.0,0.0,4.444278493749429,2.069575431019337,0.5968077400975739
